評論ID,店家名稱,評論者,發表時間,星等,評論內容,評論網址,最終標籤,標籤來源,標記時間
0c17913698e0f02197f05b41,BirDining蔦飼料餐食料理,李承恩,,5,分享可以有好吃的薯條,https://www.google.com/maps/reviews/data=!4m8!14m7!1m6!2m5!1sCi9DQUlRQUNvZENodHljRjlvT25sNVNXeElWbFpYV0dONmVEQm1hbE5pYUROUFRFRRAB!2m1!1s0x0:0xaf68217566fe71ce!3m1!1s2@1:CAIQACodChtycF9oOnl5SWxIVlZXWGN6eDBmalNiaDNPTEE%7C%7C?hl=zh-TW,sponsored,latest_annotation,2026-05-11T06:00:02.089041+00:00
0d1fc47d9e647886251a7f52,BirDining蔦飼料餐食料理,Wu Wu Wu,,5,"當天我們一行8人用餐，飢餓完全蒙蔽了雙眼，一坐下就開始狂點！串燒的部分每份都是兩串，有鹽味雞腿肉、醬燒雞腿肉、蔥鹽雞腿肉、明太子雞腿肉、松阪豬串等品項，看菜單就讓人食指大動

店內的酒類選擇也很豐富，特別是水果酒看起來都很好喝，選擇困難的話可以點「果實祭典組合」，能一次試三種口味，邊吃邊小酌很過癮

餐點一份接一份陸續上桌時，我們全被份量震驚到，原本以為是一口串，結果每串雞肉都扎實飽滿，完全不馬虎；肉質軟嫩多汁，即使都是雞肉串，因為調味不同，每一款吃起來都有驚喜，沒有雷品，推薦食量大的朋友每種都來一份試試，當天8人都吃到相當撐

除了串燒，其他熱菜也很精彩：酒蒸蛤蜊鮮甜夠味、唐揚雞外酥內嫩，炸豆腐酥香入味；特別是明太子山藥，明太子醬給得超大方，濃郁鹹香讓人一口接一口

整體來說，這是一間非常適合朋友聚餐、小酌聊天的地方，餐點品質高、氣氛也不錯
20250221",https://www.google.com/maps/reviews/data=!4m8!14m7!1m6!2m5!1sChZDSUhNMG9nS0VLSE01c0hteGJYRlRnEAE!2m1!1s0x0:0xd6745177cf3adf7d!3m1!1s2@1:CIHM0ogKEKHM5sHmxbXFTg%7C%7C?hl=zh-TW,sponsored,latest_annotation,2026-05-11T06:05:41.53075+00:00
20e3640d369c3a75b0a8b73d,BirDining蔦飼料餐食料理,chi Jia,,5,蠻好吃的有附湯飲料可以一直續～～打卡送薯條,https://www.google.com/maps/reviews/data=!4m8!14m7!1m6!2m5!1sCi9DQUlRQUNvZENodHljRjlvT21GblpUWm1SUzFtUldKS09WQlJkRjlsWVZKSFRGRRAB!2m1!1s0x0:0xaf68217566fe71ce!3m1!1s2@1:CAIQACodChtycF9oOmFnZTZmRS1mRWJKOVBRdF9lYVJHTFE%7C%7C?hl=zh-TW,sponsored,latest_annotation,2026-05-11T06:04:43.913642+00:00
2269beca38872cb1b2349fd3,BirDining蔦飼料餐食料理,莊貝拉,,5,打卡送薯條！,https://www.google.com/maps/reviews/data=!4m8!14m7!1m6!2m5!1sCi9DQUlRQUNvZENodHljRjlvT2s5S2NGbDBXRFozYkV0WWRsSjZRMTh6TUVJeFlrRRAB!2m1!1s0x0:0xaf68217566fe71ce!3m1!1s2@1:CAIQACodChtycF9oOk9KcFl0WDZ3bEtYdlJ6Q18zMEIxYkE%7C%7C?hl=zh-TW,sponsored,latest_annotation,2026-05-11T05:54:23.943294+00:00
29ac6d795deef0eeb8074d1b,BirDining蔦飼料餐食料理,anGus Hsieh,,5,"平價好吃！
還有打卡評論換薯條呦！",https://www.google.com/maps/reviews/data=!4m8!14m7!1m6!2m5!1sChdDSUhNMG9nS0VNdS04Y2FEanF2anVRRRAB!2m1!1s0x0:0xaf68217566fe71ce!3m1!1s2@1:CIHM0ogKEMu-8caDjqvjuQE%7C%7C?hl=zh-TW,sponsored,latest_annotation,2026-05-11T06:04:53.119558+00:00
2dd3af9454d097680860c5c2,BirDining蔦飼料餐食料理,yuyu chi,,4,"⚠️ Google評論一則即可兌換冰淇淋一球
⚠️ 每人最低消費400元，均收10%服務費

餐廳的地點位於台北地下街出口，如果是搭乘捷運前往的話非常的方便，到了用餐的時間用餐的人潮很多，建議可以先行電話預約訂位。
📍明太子山藥$160
📍鮮烤軟絲$420
📍培根蕃茄$140
📍牛小排串$220
📍柚子雞腿串$160
📍蛤蠣咪噌湯$60

用餐下來，個人還蠻推薦一定要點一份烤軟絲！雖然等候的時間大約要20分鐘左右，但是一個人覺得非常的值值得，軟絲的味道非常鮮美，而且不會烤得太老，保有軟絲本身的甜味在！再加上份量非常的大，以價格來說是很划算的！

接下來串燒的部分不論是培根蕃茄或是雞肉串，烤的熟度都很適中，調味的方式都不會太鹹，牛肉串的話客人是覺得份量有一點偏小。

至於味噌湯的話，喝到後來會越喝越鹹，這個表現就一般般了，但是天氣冷的時候來一碗味噌湯是在適合不過的。

店內的裝潢充滿了日式風格，雖然空間不大座位有一點擁擠，但是卻充滿了日式居酒屋的氣氛，所以到了週末的假日可以看到很多人來這邊小酌一聚！",https://www.google.com/maps/reviews/data=!4m8!14m7!1m6!2m5!1sChZDSUhNMG9nS0VJQ0FnTUNnNHNhck53EAE!2m1!1s0x0:0xd6745177cf3adf7d!3m1!1s2@1:CIHM0ogKEICAgMCg4sarNw%7C%7C?hl=zh-TW,sponsored,latest_annotation,2026-05-11T06:03:03.11457+00:00
2eaf50aa75fc888c151e3df9,BirDining蔦飼料餐食料理,SUNGHAO HSIEH,,5,唐揚雞炒拉麵有附湯配上打卡薯條，超划算！,https://www.google.com/maps/reviews/data=!4m8!14m7!1m6!2m5!1sCi9DQUlRQUNvZENodHljRjlvT25wWVFtbEtXV0ZCWkRWQk1sTktWVlJFZFRWQ2FWRRAB!2m1!1s0x0:0xaf68217566fe71ce!3m1!1s2@1:CAIQACodChtycF9oOnpYQmlKWWFBZDVBMlNKVVREdTVCaVE%7C%7C?hl=zh-TW,sponsored,latest_annotation,2026-05-11T05:36:48.221385+00:00
30176a661f13055134b113e4,BirDining蔦飼料餐食料理,Tsung-Yi Pan,,5,"大學附近美食，打卡送薯條🍟
我還是給真實評價
五歲以上要低消，用餐90分鐘
店面不大，內用座位不多
也有面牆吧檯座位

定食類白飯🍚可續
自助吧有可樂等飲料🥤，湯也是自己裝",https://www.google.com/maps/reviews/data=!4m8!14m7!1m6!2m5!1sCi9DQUlRQUNvZENodHljRjlvT21oR1dUaFVSWGhaWDJsUFExTlBUR0ZvTkV4dE5WRRAB!2m1!1s0x0:0xaf68217566fe71ce!3m1!1s2@1:CAIQACodChtycF9oOmhGWThURXhZX2lPQ1NPTGFoNExtNVE%7C%7C?hl=zh-TW,sponsored,latest_annotation,2026-05-11T06:06:00.104199+00:00
339db65a116b8b2dcba052fb,BirDining蔦飼料餐食料理,CHANG TERESA,,5,"來這家店吃過幾次，價格實惠。
這次再來剛好換了新菜單，不管新菜單還舊菜單，餐點都蠻好吃的！
內用有飲料機可以喝可樂、蘋果汁，打卡的話送的薯條也很好吃。
唯一困惑點大概是湯的味道都比較淡，不喜歡喝湯🤣",https://www.google.com/maps/reviews/data=!4m8!14m7!1m6!2m5!1sCi9DQUlRQUNvZENodHljRjlvT2pGVVFrVkxaVlYzZUdsWWIwNWtVMjFGYkVWV2NFRRAB!2m1!1s0x0:0xaf68217566fe71ce!3m1!1s2@1:CAIQACodChtycF9oOjFUQkVLZVV3eGlYb05kU21FbEVWcEE%7C%7C?hl=zh-TW,sponsored,latest_annotation,2026-05-11T06:13:39.736756+00:00
38cf0fc498a46a7fcd11d66d,BirDining蔦飼料餐食料理,侯雅娟,,5,打卡送薯條🍟～,https://www.google.com/maps/reviews/data=!4m8!14m7!1m6!2m5!1sCi9DQUlRQUNvZENodHljRjlvT21VelJVbEhhRUZRVlcxcFpsWktlVVE1UTNOelJFRRAB!2m1!1s0x0:0xaf68217566fe71ce!3m1!1s2@1:CAIQACodChtycF9oOmUzRUlHaEFQVW1pZlZKeUQ5Q3NzREE%7C%7C?hl=zh-TW,sponsored,latest_annotation,2026-05-11T06:02:44.07459+00:00
46eb7ce8e5cb1d9640a6c0e6,BirDining蔦飼料餐食料理,Kewei Li,,5,"好吃 咖喱 烏龍麵 都很讚
打卡送薯條🍟",https://www.google.com/maps/reviews/data=!4m8!14m7!1m6!2m5!1sCi9DQUlRQUNvZENodHljRjlvT2twSlJUVjJjSFprTWtkUmRuTkNObEpZYkVsemRXYxAB!2m1!1s0x0:0xaf68217566fe71ce!3m1!1s2@1:CAIQACodChtycF9oOkpJRTV2cHZkMkdRdnNCNlJYbElzdWc%7C%7C?hl=zh-TW,sponsored,latest_annotation,2026-05-11T06:10:12.409502+00:00
48cd2b52d09268bec7de91ab,BirDining蔦飼料餐食料理,Joe Chen,,5,打卡送薯條，餐點好吃,https://www.google.com/maps/reviews/data=!4m8!14m7!1m6!2m5!1sCi9DQUlRQUNvZENodHljRjlvT2xaclNXcEpOelJNWjNKYVJsY3pVMFV3YUVOV05tYxAB!2m1!1s0x0:0xaf68217566fe71ce!3m1!1s2@1:CAIQACodChtycF9oOlZrSWpJNzRMZ3JaRlczU0UwaENWNmc%7C%7C?hl=zh-TW,sponsored,latest_annotation,2026-05-11T06:10:42.623204+00:00
4996b545ccadabacba0c123b,BirDining蔦飼料餐食料理,鄭亞榕,,5,感覺很不錯，先來打卡服務讚,https://www.google.com/maps/reviews/data=!4m8!14m7!1m6!2m5!1sCi9DQUlRQUNvZENodHljRjlvT25GU1IybGxjVVZLVHpCemJHc3dXVXg2UjNadFlXYxAB!2m1!1s0x0:0xaf68217566fe71ce!3m1!1s2@1:CAIQACodChtycF9oOnFSR2llcUVKTzBzbGswWUx6R3ZtYWc%7C%7C?hl=zh-TW,sponsored,latest_annotation,2026-05-11T05:51:38.399586+00:00
4f402ce9172f05871ce6f690,BirDining蔦飼料餐食料理,Ru Chang,,5,"這週來吃兩次了！太好吃惹❤️

✅地點位置
店內乾淨簡單明亮，廁所乾淨，店的位置很容易找！附近汽車停車位比較難找，但機車位好停，而且離捷運站和實踐大學很近唷！

☑️餐點真的很值得吃，CP值高！
1.泡菜牛肉丼 & 泡菜牛肉烏龍麵：泡菜牛肉有大火炒的香氣，牛肉很嫩又大片！烏龍麵很Q！很夠味好吃！

2.溫泉蛋牛肉丼飯：溫泉蛋很邪惡會抖動！超誘人！跟牛肉丼飯拌在一起，非常滑嫩好吃！

3.蔬菜天婦羅/綜合天婦羅：內容超豐富！有炸蝦、唐揚雞、金針菇、甜椒、青花菜、南瓜、地瓜、四季豆、鮮香菇！蔬菜很鮮甜，沾上日式沾醬很好吃啊！

4.烤鯖魚定食：鯖魚烤的剛剛好！再續一碗白飯男生也能吃超飽！

5.咖哩豬排蛋包飯：蛋包是玫瑰花型的半熟蛋，配上咖哩和豬排，非常滑順！好好吃唷！

6.味噌湯：真材實料連湯也不馬虎！還能喝到小魚乾、白紅蘿蔔、海帶！

⭐雖然是新的小店，但很值得推薦給附近的學生和假日不想開伙的家庭！一餐價位150-200，CP值很高！大推！👍👍👍",https://www.google.com/maps/reviews/data=!4m8!14m7!1m6!2m5!1sChZDSUhNMG9nS0VJQ0FnSUNtNm91aEdREAE!2m1!1s0x0:0xaf68217566fe71ce!3m1!1s2@1:CIHM0ogKEICAgICm6ouhGQ%7C%7C?hl=zh-TW,sponsored,latest_annotation,2026-05-11T06:06:43.138396+00:00
4fc5a81284a2c384c6608af3,BirDining蔦飼料餐食料理,yun zuo,,5,"有飲料吧，每次附湯不一樣
打卡會送薯條～",https://www.google.com/maps/reviews/data=!4m8!14m7!1m6!2m5!1sCi9DQUlRQUNvZENodHljRjlvT21oVVZsVlhNRk5hUm1FMmRVNXFkSG80TlV4WVgyYxAB!2m1!1s0x0:0xaf68217566fe71ce!3m1!1s2@1:CAIQACodChtycF9oOmhUVlVXMFNaRmE2dU5qdHo4NUxYX2c%7C%7C?hl=zh-TW,sponsored,latest_annotation,2026-05-11T06:03:06.161968+00:00
5975309ac4221d3659c2177a,BirDining蔦飼料餐食料理,凱仁（Kaye）,,5,"台北車站旁晚餐及宵夜的聚會好去處。本次跟朋友2人北上時巧妙遇到值得再度二訪的居酒屋！當天很幸運的是當天臨時起意拜訪時剛好還有2人空的座位才能在沒有預定的情況下進入餐廳，有興趣來訪時還是建議提前「致電預約」以避免撲空。

菜單印象介紹：前面為「酒單」→「刺身」→「沙拉」→「炸物」→「一品料理」→「串燒」→「野菜」→「炭火燒物」→「主食」→「甜點」→「推薦料理」。

酒單：有來自日本各縣特產的水果酒！清酒與日本酒種類繁多，會容易有選擇障礙。
刺身：本次點選是三品刺身。鮭魚、鮪魚、干貝還附上滿滿的鮭魚卵！肉質肥厚帶有嚼勁且鮮甜，一組海鮮有4片，適合聚餐點選。
炸物：
南蠻炸雞，份量很大，出汁的雞肉搭配清爽的塔塔醬會食慾大開！
高湯炸豆腐，喜歡豆腐的人必點！僅需要沾一點底部的醬汁味道就很足夠。
串燒：
綜合串燒，不知如何下手時可以先點1份進行嚐鮮，最喜歡圖片中間那串，是很好入口的部份！
私推牛小排＞雞頸肉，都可以體驗，但個人觀感覺得調味上略重。
手作雞肉丸，覺得大人或小朋友應該都會喜歡，而且還有附蛋黃使用！
炭火燒物：本次點炙燒燒橫膈膜，在居酒屋內我覺得是一道必點部位，咀嚼過程中很容易讓自己分泌出更多口水，使肉質會越吃越甜，可以與餐盤的蒜泥進行搭配，味道上會更加獨特，自己很喜歡的料理！但朋友表示味道上有山葵味道，就先放棄嘗試。
(用餐後忘記與店家詢問是不是有加山葵，因為自己對這個味道較不敏感><)
推薦料理：
日式煎餃，像藝術品一樣的冰花餃子，會激起拍照慾，上菜時請記得趕快拍完，以避免錯失最美味的用餐時光。
酒蒸蛤蠣，適合聚餐點選，聊著天很快就會消失的料理，底部的湯頭也千萬不要忘記喝。
主食，墨魚炒飯，口感上我覺得像是黑色版本的港式蛋白炒飯，但還多了滿滿的墨魚。料理我覺得必點，但要記得先送單，不然很容易發生胃已無空間可以容納的問題。
冰淇淋：解膩又好吃，冰吃起來很綿密，但不知道能不能單點。

※如果跟筆者一樣是喜歡從第一頁開始點餐到最後一頁的話，在吃的當下會因為料理太過美味而感到各種快樂ヽ(ﾟ∀ﾟ)ﾒ(ﾟ∀ﾟ)ﾉ，但結帳當下對於自己錢包君會稍微心疼點~。(←認真提個在不管錢包君的情況，我真的覺得多點好幾道菜可以讓自己比較不後悔。)

服務：即使食堂內人潮極度熱絡的時候，服務人員還是會很快速過來協助(←多次請人員送水支援)；介紹餐點與詢問餐點，人員都會給與詳細說明與建議。

地點：鄰近於台北車站的其中一個出口Y9旁非常便利！

氛圍：環境看似狹小但是卻不會因為隔壁座位過於鄰近而覺得吵雜；燈光為昏暗的黃光，超適合拍照！音樂是放日本流行音樂。整體就像在日本的居酒屋。",https://www.google.com/maps/reviews/data=!4m8!14m7!1m6!2m5!1sCi9DQUlRQUNvZENodHljRjlvT2pWWmEzWndkRlZKYmtKQmVHbzRiekEyTFRsemQxRRAB!2m1!1s0x0:0xd6745177cf3adf7d!3m1!1s2@1:CAIQACodChtycF9oOjVZa3ZwdFVJbkJBeGo4bzA2LTlzd1E%7C%7C?hl=zh-TW,sponsored,latest_annotation,2026-05-11T06:02:35.932064+00:00
5b266f9906b8120fbd2a30af,BirDining蔦飼料餐食料理,Jeff Kuo,,5,"我們三大一小於週六晚上六點用餐，點餐時直接以在台北市其他日式串燒的用餐經驗點餐，結果點了太多吃不完，還可以打包外帶四個便當盒。

價格以雞肉串燒來說，一份兩串$155～$165，比其他類似餐廳大約貴20%～30%，但份量至少多50%，故實際價格真的不貴。

我們點的每道餐點都很好吃，唐揚炸雞只有裹薄薄的一層粉，外酥內嫩；四種雞肉串燒烤的很入味；鮭魚生魚片非常新鮮；其他如炸雞軟骨、大阪燒、玉子燒、蛤蜊味噌湯等等，也都很棒；個人覺得最好吃的是鹽烤雞翅及醬燒/鹽味雞腿肉串燒！

整體而言，食材新鮮，調味適中，服務人員態度也很好，物超所值，只是要注意份量，不要以其他餐廳的經驗來點餐，肯定吃不完！

另外，留Google評論即送冰淇淋一球，並沒有限定只能留五星評論，且服務人員根本沒有主動推銷；贈送的冰淇淋1️⃣大球份量十足，香濃好吃！",https://www.google.com/maps/reviews/data=!4m8!14m7!1m6!2m5!1sChZDSUhNMG9nS0VJQ0FnSUNsanV5SkFnEAE!2m1!1s0x0:0xd6745177cf3adf7d!3m1!1s2@1:CIHM0ogKEICAgICljuyJAg%7C%7C?hl=zh-TW,sponsored,latest_annotation,2026-05-11T06:11:07.782676+00:00
5e63ce119743b0b075924be2,BirDining蔦飼料餐食料理,charming ChiaMin,,5,"超級日式的居酒屋，連菜單都超像在日本留學時期看到鄉下小餐館的菜單！

東西好吃也不貴！口味蠻日本道地的～
生啤超讚，很適合跟朋友聚在一起聊天的地方❤️❤️
我們點了炒烏龍麵、拉麵、綜合串燒、味噌牛舌、烤牛舌、日式炸雞（他也有チキン南蛮！！喜歡南蠻炸雞可以試試看）、炸豆腐（超級推薦）、生啤、紅茶梅酒～整體來說都很不錯，沒踩到雷！
特別大推薦女生不喜歡酒感太厚的可以試試看紅茶梅酒😋真的超讚～～有點像雀巢檸檬紅但沒那麼甜膩，一次就愛上，回去馬上買一支😂

離北車不遠，在Y9出口上來而已
6點出頭來，剛好有人預約沒到順利進來，裡面已經客滿，所以想來最好還是訂位喔～

打卡送的冰淇淋是抹茶冰淇淋配巧克力爆米花，冰淇淋也超讚😋😋",https://www.google.com/maps/reviews/data=!4m8!14m7!1m6!2m5!1sChZDSUhNMG9nS0VJQ0FnSUMyMFlxblZnEAE!2m1!1s0x0:0xd6745177cf3adf7d!3m1!1s2@1:CIHM0ogKEICAgIC20YqnVg%7C%7C?hl=zh-TW,sponsored,latest_annotation,2026-05-11T06:04:50.823481+00:00
6573822bf9692f7146856cef,BirDining蔦飼料餐食料理,邱楷婷,,5,好吃 湯品飲料都無限量供應 打卡還有送薯條,https://www.google.com/maps/reviews/data=!4m8!14m7!1m6!2m5!1sCi9DQUlRQUNvZENodHljRjlvT2xwRFYxRlNPVEl5VkZWTFIwOVlUMWRHZEY5WFdVRRAB!2m1!1s0x0:0xaf68217566fe71ce!3m1!1s2@1:CAIQACodChtycF9oOlpDV1FSOTIyVFVLR09YT1dGdF9XWUE%7C%7C?hl=zh-TW,sponsored,latest_annotation,2026-05-11T05:51:45.119056+00:00
755efc15774fcb392c0c3c9f,BirDining蔦飼料餐食料理,葉芮圻,,5,打卡送薯條🍟,https://www.google.com/maps/reviews/data=!4m8!14m7!1m6!2m5!1sCi9DQUlRQUNvZENodHljRjlvT2s5TVJraDNMVzlMTTJFdFRqUnNTWEpQU2pkWVNrRRAB!2m1!1s0x0:0xaf68217566fe71ce!3m1!1s2@1:CAIQACodChtycF9oOk9MRkh3LW9LM2EtTjRsSXJPSjdYSkE%7C%7C?hl=zh-TW,sponsored,latest_annotation,2026-05-11T05:52:34.060102+00:00
81127240f99b54feb51054e1,BirDining蔦飼料餐食料理,박찬니,,4,"送餐速度很慢
食物中規中矩 cp值不高
最好吃的是評論送的草莓冰淇淋😃",https://www.google.com/maps/reviews/data=!4m8!14m7!1m6!2m5!1sCi9DQUlRQUNvZENodHljRjlvT2pkMllVdzBjRFl0WldWT2VHSXRlSFpSVkRKb1VtYxAB!2m1!1s0x0:0xd6745177cf3adf7d!3m1!1s2@1:CAIQACodChtycF9oOjd2YUw0cDYtZWVOeGIteHZRVDJoUmc%7C%7C?hl=zh-TW,sponsored,latest_annotation,2026-05-11T05:43:48.966932+00:00
8c63eca61e3fa10bcf2a7bd2,BirDining蔦飼料餐食料理,胡韶心,,5,"墨魚炒飯口味清爽 很好吃大推！
南蠻炸雞軟嫩多汁搭配醬料好吃
紅茶梅酒 入口紅茶甜味 然後梅子味 好喝
當月壽星有送烤麻糬，要出示證件，麻糬偏台式口味 很軟
整體還不錯吃
評論送冰淇淋！",https://www.google.com/maps/reviews/data=!4m8!14m7!1m6!2m5!1sChdDSUhNMG9nS0VJQ0FnSURYZ015Wnd3RRAB!2m1!1s0x0:0xd6745177cf3adf7d!3m1!1s2@1:CIHM0ogKEICAgIDXgMyZwwE%7C%7C?hl=zh-TW,sponsored,latest_annotation,2026-05-11T05:54:31.624745+00:00
93f021db6643909e1208e35d,BirDining蔦飼料餐食料理,Dan Liao,,5,米粒軟嫩有彈性，豬排厚切誠意十足，只是份量以男生說有點少了。算是物有所值的一餐，打卡送薯條。,https://www.google.com/maps/reviews/data=!4m8!14m7!1m6!2m5!1sCi9DQUlRQUNvZENodHljRjlvT2xwaVNuazNlV0ZsVFVkMkxXNUhORFZuUkRVemNsRRAB!2m1!1s0x0:0xaf68217566fe71ce!3m1!1s2@1:CAIQACodChtycF9oOlpiSnk3eWFlTUd2LW5HNDVnRDUzclE%7C%7C?hl=zh-TW,sponsored,latest_annotation,2026-05-11T05:38:39.284956+00:00
969c7de4d978987db62377c6,BirDining蔦飼料餐食料理,Joanne CE Yao,,5,有湯、飲料，一個女生吃完會有飽足感，唐揚雞好吃！打卡送薯條,https://www.google.com/maps/reviews/data=!4m8!14m7!1m6!2m5!1sChdDSUhNMG9nS0VJQ0FnTUR3X19md21BRRAB!2m1!1s0x0:0xaf68217566fe71ce!3m1!1s2@1:CIHM0ogKEICAgMDw__fwmAE%7C%7C?hl=zh-TW,sponsored,latest_annotation,2026-05-11T06:10:49.181098+00:00
9762aa657f01ffc8af64bd00,BirDining蔦飼料餐食料理,梁婷,,5,很好吃 份量很大 也還可以免費加飯  打卡還增薯條🍟,https://www.google.com/maps/reviews/data=!4m8!14m7!1m6!2m5!1sCi9DQUlRQUNvZENodHljRjlvT201V2FFOHhUR1kwYW1oeVFYa3RSRTB5WDIwMlUyYxAB!2m1!1s0x0:0xaf68217566fe71ce!3m1!1s2@1:CAIQACodChtycF9oOm5WaE8xTGY0amhyQXktRE0yX202U2c%7C%7C?hl=zh-TW,sponsored,latest_annotation,2026-05-11T05:57:33.721799+00:00
af855be54d14518bb1399682,BirDining蔦飼料餐食料理,Rein Shieh,,5,"2025.03.06
涼拌鱈魚肝 $140
高湯炸豆腐 $160
雙色櫛瓜 $140
明太子玉子燒 $240
明太子山藥 $160
墨魚炒飯 $220
綜合串燒 $350
日式炒烏龍 $180
瑩烏賊醬油漬 $180
酒蒸蛤蜊 $180
唐揚炸雞 $200
果實祭典組合 $400
ASAHI生啤 $150
檸檬/紫蘇角HIGH $160
麒麟啤酒$140
梅乃宿柚子酒 $180
哈密瓜汽水 $120

朋友聊天好去處🥰
鱈魚肝好吃！ 原本以為雙色櫛瓜是綠色跟黃色，結果是原味跟明太子😂
玉子燒很嫩很好吃⋯❤️
墨魚炒飯吃起來的味道跟平常的炒飯一樣
烤麻糬超級超級軟
當月壽星出示證件有免費的烤麻糬
Google 評論送一球冰淇淋",https://www.google.com/maps/reviews/data=!4m8!14m7!1m6!2m5!1sChdDSUhNMG9nS0VJQ0FnTUNROWI3MG93RRAB!2m1!1s0x0:0xd6745177cf3adf7d!3m1!1s2@1:CIHM0ogKEICAgMCQ9b70owE%7C%7C?hl=zh-TW,sponsored,latest_annotation,2026-05-11T06:07:33.28793+00:00
f01251741455937536577b77,BirDining蔦飼料餐食料理,ou edward,,5,唐揚雞咖哩蛋包飯看起來很好吃喔！po文送薯條~,https://www.google.com/maps/reviews/data=!4m8!14m7!1m6!2m5!1sCi9DQUlRQUNvZENodHljRjlvT2xodldHcHVZM2hrWWtnd1JWcDBielV0TFZRdE5HYxAB!2m1!1s0x0:0xaf68217566fe71ce!3m1!1s2@1:CAIQACodChtycF9oOlhvWGpuY3hkYkgwRVp0bzUtLVQtNGc%7C%7C?hl=zh-TW,sponsored,latest_annotation,2026-05-11T06:03:36.690513+00:00
9b171973db22ab29295d0489,Dvibe,Amy Huang,,1,1、此店家的五星評論都是洗出來的，店家會要求消費者在Google評論寫五星好評，請大家慎選此店家！<br><br>2、本月在此餐廳消費體驗有著非常不好的感受，因為是辦包場活動，所以有與店家洽談餐點內容，事後發現餐點少了，店家態度消極，事隔2天才回覆說我沒有答應你全部餐點都要有，如果做不到就請不要開菜單，而不是顧客發現後也沒有解決及處理問題。<br><br>3、店家答應要幫忙下載歌單，提供30首歌曲，最後連一半也沒有播放完整！<br><br>4、店長在與顧客談好價錢後，原先說一週前在付預約金即可，事後談好後就說因為最近包場人很多，所以先來付款可以先保留給你，那之前談好的包場，如果有其他人來付款就不保留嗎？說法前後不一<br><br>5、飲料在當天原先說要有果汁以及茶，活動半小時後只給一壺茶飲，事隔半小時後問店家說當初有說果汁怎麼沒有上，才說要去確認一下，後面才補給果汁，所以所有餐點都需要顧客提醒再提供？<br><br>以上都有Line對話紀錄,https://www.google.com/maps/reviews/data=!4m8!14m7!1m6!2m5!1sChZDSUhNMG9nS0VNV0Zqb1Q5OEp2SFJBEAE!2m1!1s0x0:0xcb33221001461ec6!3m1!1s2@1:CIHM0ogKEMWFjoT98JvHRA%7C%7C?hl=zh-TW,sponsored,latest_annotation,2026-06-23T07:37:54.178+00:00
02ee1e5339bb66ed318ff8bc,NONNONSAID CAFE/儂儂說甜點專門店,Iva Tsai,,5,"花生起司培根可頌好吃
環境很舒服
算是寬敞的

評價有活動喔",https://www.google.com/maps/reviews/data=!4m8!14m7!1m6!2m5!1sCi9DQUlRQUNvZENodHljRjlvT2s1bE4xcHFjbFowUjJKT2JFZHBTVVJaTm1OSlNHYxAB!2m1!1s0x0:0x6b1f11a85a4e0caf!3m1!1s2@1:CAIQACodChtycF9oOk5lN1pqclZ0R2JObEdpSURZNmNJSGc%7C%7C?hl=zh-TW,sponsored,latest_annotation,2026-05-31T10:00:26.210412+00:00
79eb69c949a9c8914ab20961,NONNONSAID CAFE/儂儂說甜點專門店,Paula Yang,,5,燈光美，氣氛佳，餐點精緻，服務人員很客氣，位在三坑火車站附近，除了本地人，也很適合外地人來訪！,https://www.google.com/maps/reviews/data=!4m8!14m7!1m6!2m5!1sChdDSUhNMG9nS0VJQ0FnSUMzdE56VDhnRRAB!2m1!1s0x0:0x6b1f11a85a4e0caf!3m1!1s2@1:CIHM0ogKEICAgIC3tNzT8gE%7C%7C?hl=zh-TW,sponsored,latest_annotation,2026-05-31T09:59:14.490874+00:00
87a2cd571af44f8c638f1243,NONNONSAID CAFE/儂儂說甜點專門店,薯泥蛋餅,,5,"🔍ig食記：potatoeggpancake_foodie
\ 歡迎追蹤😻！/

🧇hen濃抹茶園呼呼鬆餅 200
鬆餅外酥內Q，口感很棒！抹茶醬和抹茶冰淇淋都是是濃抹的風味，搭配鬆餅吃起來超級讚⋯⋯！滿滿的抹茶和鬆餅味撲鼻而來😻（而且真的好大份🤣）

🍌香蕉可可塔 140
塔皮酥脆，內餡的巧克力和香蕉味都十分濃郁的😻，塔頂的碎巧克力增加了口感地豐富度，整體很讚！

去的時候剛好遇到他們週年慶活動，只要五星評論就有巧克力甜筒冰淇淋🍨（一人限拿一份），巧克力冰淇淋超濃郁，質感也很好，甜筒也很頂，酥酥脆脆配著巧克力冰淇淋真的好吃死😍

我覺得算是網美咖啡廳類型，裝潢好看食物也好吃，甚至還有一個可愛的拍照區，很適合過去拍照享用甜點

*低消為飲品/餐點/甜點擇一
*用餐時間2小時（含出餐時間）",https://www.google.com/maps/reviews/data=!4m8!14m7!1m6!2m5!1sChZDSUhNMG9nS0VJQ0FnSUM1ODRfQWFnEAE!2m1!1s0x0:0x6b1f11a85a4e0caf!3m1!1s2@1:CIHM0ogKEICAgIC584_Aag%7C%7C?hl=zh-TW,sponsored,latest_annotation,2026-05-31T09:54:34.572043+00:00
98c722ff53d4389b1973c78d,NONNONSAID CAFE/儂儂說甜點專門店,Ro Se,,5,"從網路經營開始就開始關注啦～❤️
結果實體店開在家裡附近🤍😊
店面超美 超乾淨
重點是甜點真的好吃～！！！
台北的友人也都知道😍
建議想吃還是先預訂位置 會比較好～
東西 都現點現做
大推下午茶麻糬鬆餅（我的最愛💕",https://www.google.com/maps/reviews/data=!4m8!14m7!1m6!2m5!1sChZDSUhNMG9nS0VJQ0FnSUR4NmJhdEx3EAE!2m1!1s0x0:0x6b1f11a85a4e0caf!3m1!1s2@1:CIHM0ogKEICAgIDx6batLw%7C%7C?hl=zh-TW,sponsored,latest_annotation,2026-05-31T09:59:02.788282+00:00
bce46525dcfd7905e610face,NONNONSAID CAFE/儂儂說甜點專門店,C.L.,,5,"第二次來店消費，餐點一樣好吃到無話可說🤩🤩🤩而且別以為只有甜點才可以來這吃，鹹食一樣美味唷！原本沒有要使用置物箱，結果包包掉地上自己不知店員送餐時發現提醒😅後來還是乖乖放包，各自有自己的位子好好待著。
今天點了鹹食‘’私房炸醬麵套餐‘’以及甜食今日限定""MACHA MACHA天使小戚風‘’期待有越來越多種甜點呈現給大家
衷心佩服每個為了自己理想而努力的創業者，NONNONSAID CAFE對食物的用心，在他們呈現給消費者都是看得見不馬虎的。推薦給大家",https://www.google.com/maps/reviews/data=!4m8!14m7!1m6!2m5!1sChdDSUhNMG9nS0VJQ0FnSUR0aHRxTHJ3RRAB!2m1!1s0x0:0x6b1f11a85a4e0caf!3m1!1s2@1:CIHM0ogKEICAgIDthtqLrwE%7C%7C?hl=zh-TW,sponsored,latest_annotation,2026-05-31T10:01:25.319278+00:00
ed04210525f714b585407ddd,NONNONSAID CAFE/儂儂說甜點專門店,ㄒㄈ,,5,"超好吃的早午餐店！！老闆娘服務非常親切，根本不像有些評論說的那麼糟糕🥹
店內裝潢很漂亮，本來以為只是廣告打很大、虛有其表的網美店，沒想到餐點是認真的超好吃👍
很可惜當天沒有特殊口味的提拉米蘇，所以只點了基本款，但還是非常好吃，口感比較偏台式改良過後的提拉米蘇，但餅乾好像有浸泡酒，蛋糕非常濕潤、軟綿又充滿酒味香氣，從沒吃過這麼好吃的台式提拉米蘇，非常讓人驚艷，真的是必吃！！
鹹食的部分也都蠻好吃的，而且價格都很平價，大部分的餐點都有附飲料，CP值很高💯
整體真的超級推薦❣️❣️❣️",https://www.google.com/maps/reviews/data=!4m8!14m7!1m6!2m5!1sCi9DQUlRQUNvZENodHljRjlvT2xKWlJtdFVPVk5rZHpWVllXVlJhRUZvWm5aSFVtYxAB!2m1!1s0x0:0x6b1f11a85a4e0caf!3m1!1s2@1:CAIQACodChtycF9oOlJZRmtUOVNkdzVVYWVRaEFoZnZHUmc%7C%7C?hl=zh-TW,sponsored,latest_annotation,2026-05-31T09:57:27.274256+00:00
faa09020bbdade5bcf72922c,NONNONSAID CAFE/儂儂說甜點專門店,喜得,,5,"非常有質感高級的一家早午餐甜點店
店裡很舒服寬敞明亮
餐點豐盛美味！！推薦❤️❤️
五星好評送紅豆／草莓冰淇淋（到9月底）",https://www.google.com/maps/reviews/data=!4m8!14m7!1m6!2m5!1sCi9DQUlRQUNvZENodHljRjlvT2s1dloxcDZNREl4VVdwRU9FSmpZVXRuWW1OT2NGRRAB!2m1!1s0x0:0x6b1f11a85a4e0caf!3m1!1s2@1:CAIQACodChtycF9oOk5vZ1p6MDIxUWpEOEJjYUtnYmNOcFE%7C%7C?hl=zh-TW,sponsored,latest_annotation,2026-05-31T09:56:40.055813+00:00
01a254591a352db96debf68d,Twozzim韓國燉雞-台北信義店,Travellow Fish,,5,"位於ATT四樓，韓國有名的燉雞連鎖店。
位置不多不到二十個，不能預約需要現場排隊，建議避開用餐尖峰時段不然需要長時間等候。
掃碼點餐 可以Line Pay也可以Apple Pay
雙人套餐蠻划算的，可以點一份燉雞、兩份炸物、兩個附餐、兩份飲料，$998加一成。
小菜非常好吃，甜菜滷蘿蔔跟海帶都超好吃，可以續麵。
📌玫瑰奶油燉雞
味道超讚！卡路里超高但很好吃，跟料充分融合，雞肉、地瓜、洋蔥、馬鈴薯、紅蘿蔔、年糕，冬粉也不錯但是偏難咬，不過整體都很讚，跟炸物一起沾醬超搭！
📌紫菜飯捲（韓式紅醬） ：這道偏普，沒有很特別。
📌手抓飯（原味）：建議要攪拌均勻再抓，不然醬分配不均會偏鹹，但整體來說很好吃，蘿蔔很爽口海苔配香油很讚😎
📌韓國冬粉捲（三個）： 超級好吃！剛剛好不會太油，搭配醬料超級爽口
📌起司球（五個）：熱的時候好吃，滿牽絲的但是皮偏厚，但冷掉的時不好吃
📌樂天乳酸蘇打：就是Milkis 好喝！

整體來說會很想要再訪！韓國人也認證的好吃！",https://www.google.com/maps/reviews/data=!4m8!14m7!1m6!2m5!1sChZDSUhNMG9nS0VJQ0FnTURJcC1Ha0F3EAE!2m1!1s0x0:0x2d1ec8ba1257497e!3m1!1s2@1:CIHM0ogKEICAgMDIp-GkAw%7C%7C?hl=zh-TW,sponsored,latest_annotation,2026-05-10T16:39:20.992981+00:00
6084e306a70533df970609cc,Twozzim韓國燉雞-台北信義店,主委點評,,1,哦哦 簡體招牌,https://www.google.com/maps/reviews/data=!4m8!14m7!1m6!2m5!1sChdDSUhNMG9nS0VJQ0FnSUQzbzZDcXFnRRAB!2m1!1s0x0:0x2d1ec8ba1257497e!3m1!1s2@1:CIHM0ogKEICAgID3o6CqqgE%7C%7C?hl=zh-TW,sponsored,latest_annotation,2026-05-10T16:39:20.992953+00:00
6b6c2b71f1e83703b252808d,Twozzim韓國燉雞-台北信義店,Rara Hsu,,5,"*點了$988兩人套餐+一成服務費=$1087
*不能訂位，現場候位所以大概等了40-60分鐘

-涼拌海帶芽和醃蘿蔔
涼拌海帶芽帶點微辣但不怎麼辣，偏鹹口的～醃蘿蔔個人猜測是用甜菜根下去醃漬的～因為我不喜歡甜菜根的味道再加上顏色粉粉的～但整體還不錯

-鮪魚手抓飯
有附手套讓我們抓著玩～常看韓國美食博主吃一直很好奇～不過真的蠻難捏的整體偏濕潤～除了白飯和鮪魚，還佐以海苔、醃蘿蔔、麻油提味，味道我覺得很好吃！只是我捏的偏醜～懶惰人可以直接用湯匙挖著吃即可

-韓式飯捲（黑醬）
因為菜單說紅醬會辣所以點黑的～
飯用黑醬調味並且包裹半融起司和醃蘿蔔，海苔再刷以麻油和綴以白芝麻～真的和網路看到的一樣！味道也很讚🤩

-炸韓式冬粉捲
常常看美食博主吃～終於吃到！冬粉是用白胡椒鹽調味～再裹以海苔下去炸～好吃！沾玫瑰醬更讚！

-炸起司球
跟我想像中台灣鹹酥雞的炸起司條不太一樣，外層吃起來像是麵包，表皮也不像是用炸的反而比較像用烤的，起司味道奶香味偏重，搭玫瑰醬吃很加分～

-玫瑰奶油燉雞
韓式辣醬和奶油去調製出的絕佳玫瑰醬～同時也是他們的招牌～
雖然吃多會有點膩但是味道超級讚
除了雞腿肉還有地瓜、馬鈴薯、星星及愛心形狀的年糕、洋蔥、冬粉等等配料燉煮在玫瑰醬中～

*個人覺得雙人套餐對兩個女生來說真的太多，還好吃不完可以打包～真的看到很多人吃不完～",https://www.google.com/maps/reviews/data=!4m8!14m7!1m6!2m5!1sChZDSUhNMG9nS0VJQ0FnSUNIMzVTb1J3EAE!2m1!1s0x0:0x2d1ec8ba1257497e!3m1!1s2@1:CIHM0ogKEICAgICH35SoRw%7C%7C?hl=zh-TW,sponsored,latest_annotation,2026-05-10T16:39:20.992997+00:00
74933cd023c6a3e86a1565c5,Twozzim韓國燉雞-台北信義店,Karen,,5,"歡迎追蹤Instagram: @karenfu_food
-
🇰🇷韓國最強燉雞插旗信義啦！！

作為韓國第一大連鎖燉雞，在台灣也能吃得到。雙人套餐真的非常豐富，主角燉雞滿滿一大盤，除了雞肉之外，也有愛心星形的超Q年糕、地瓜、紅蘿蔔、洋蔥以及吸附滿滿醬汁的冬粉，雖然不是韓國的寬冬粉，但是也是一樣順口滿足

玫瑰奶油醬雖然是辣醬+鮮奶油與牛奶，但它是溫和的辣度，只敢吃微辣的人也可以接受！副食、炸物沾著燉雞的醬－韓國正宗吃法👍除了燉雞主角，也很喜歡鮪魚手抓飯團，交叉著吃可以解膩～雖然是雙人套餐，建議三個人分比較剛好，因為量實在是太多啦

🏷️雙人套餐：NT$888
－玫瑰奶油燉雞
－副食*2 紫菜飯捲(韓式黑醬)＆手抓飯團(鮪魚)
－炸物*2 鮮酥魚塊＆酥脆薯條
－飲品*2 樂天乳酸蘇打

🐈‍⬛當天假日11:30座位綽綽有餘，但一到12:00多直接客滿，內用座位不多建議提早候位ㄛ",https://www.google.com/maps/reviews/data=!4m8!14m7!1m6!2m5!1sChdDSUhNMG9nS0VJQ0FnSUN6dmFQdXdBRRAB!2m1!1s0x0:0x2d1ec8ba1257497e!3m1!1s2@1:CIHM0ogKEICAgICzvaPuwAE%7C%7C?hl=zh-TW,sponsored,latest_annotation,2026-05-10T16:39:20.993021+00:00
8ae2ba9500e5595cdee93d5e,Twozzim韓國燉雞-台北信義店,Mochi糬糬小日子,,4,"位於ATT的一間韓國餐廳，店內只有7桌，且只能現場後位，無法預約喔!

------------------ 餐點介紹 ------------------
🥘玫瑰奶油燉雞 (半雞) $549
上桌時看到一大盤包含了雞肉、冬粉、年糕、馬鈴薯...混合各式食材的食物，原本想說長相普通，吃起來應該一般般，但吃了第一口，奶香味非常濃郁，中和了辣味，整體風味變得十分柔和🤤 雞肉肉質非常嫩，很適合搭配白飯一起吃！是今天吃到最推的餐點👍

🍲 韓國泡菜燉雞 $599
不能吃辣的可能要注意了，個人能吃微辣，但吃了一碗後不敢再盛第二碗了😂 對我來說有點太辣了...
除了年糕、雞肉、馬鈴薯等等的食材，還放了一大條的醃漬白菜，感覺比較偏韓式風味，個人比較沒有那麼愛 ~

🥣 魚板湯 $150
一碗湯有三條魚板跟三顆類似火鍋料的黃金魚球，湯底清甜，魚板厚實鮮味十足，吃的太膩或太辣時剛好可以喝幾口😝

🌯 黑醬紫菜飯卷 $129
第一次吃到韓國的飯卷，裡面除了包飯，含有醃漬白蘿蔔及起司，吃起來有脆感、奶香，但又不會膩，整體非常的和諧！

🫔 韓國冬粉卷 $99
炸過的冬粉卷酥脆，內部滿滿的冬粉，外酥內軟吃起來很不錯，但感覺應該可以沾點醬😂，單吃感覺乾了些...

🍤 酥炸魚塊 $109
炸成金黃酥脆的魚塊，內部肉質細致，能吃到食材本身的鮮味，雖然沒有醬汁也不會過於乾柴，個人蠻推薦這份餐點的！

----------------------------------------------
整體來說餐點都挺不錯的，小缺點是雖然收了10%的服務費，但在入座後服務員完全沒意識到少了杯子跟盤子，另外也沒有提醒餐具在桌子的旁邊，個人覺得有點扣分😂",https://www.google.com/maps/reviews/data=!4m8!14m7!1m6!2m5!1sChZDSUhNMG9nS0VOVzB2OENidFpiYlZnEAE!2m1!1s0x0:0x2d1ec8ba1257497e!3m1!1s2@1:CIHM0ogKENW0v8CbtZbbVg%7C%7C?hl=zh-TW,sponsored,latest_annotation,2026-05-10T16:39:20.993009+00:00
eba138ab41263c7c674ba83c,Twozzim韓國燉雞-台北信義店,pepetinggg,,1,打卡送飲料店家,https://www.google.com/maps/reviews/data=!4m8!14m7!1m6!2m5!1sChZDSUhNMG9nS0VPNmpsWkNrMGYzMFNREAE!2m1!1s0x0:0x2d1ec8ba1257497e!3m1!1s2@1:CIHM0ogKEO6jlZCk0f30SQ%7C%7C?hl=zh-TW,sponsored,latest_annotation,2026-05-10T16:39:20.99296+00:00
3a15792c0de7cd162196263e,三回,雪瀨Nick,,5,"太難得也有這時候放假的一天，為了趕公司排假差點來不及，衝忙之下處理完立即前往。
從網路上就聽聞這間隱藏在巷子的咖啡廳，外型小小間桌位不多，有些神秘感充滿驚喜讓人感到特別好奇，因為店小要盡早到或是定位，後面過了將近中午就會沒有空位喔❕️‼️

這間特別知名酒漬#無花果吐司 餐點可是本店招牌，光看就吸引每個人的目光，經典又是網美打卡的美食，後面也出新品系列甜點類#戚風 蛋糕，老闆人很好用心製作每道餐點給人暖心服務，又會照顧人的感受體驗。

◇■◇■◇■◇■◇■◇■◇■◇■◇■◇■◇■◇■◇■◇■◇■◇■◇■◇■◇■◇■◇■◇■◇■◇■◇■◇■◇■

🍷酒漬無花果生乳
🧀兩種乳酪肉鬆

🔹️招牌熱門又搶手的當然要來嚐嚐。紅酒泡漬無花果乾，柔軟濕潤搭上吐司口味特別果園直送新鮮無花果，第一次吃到增添不少味蕾上的衝擊，擠上馬士卡彭鮮奶油香甜又有果香，微妙酒香香氣。拍照上的視覺也很唯美。
🔹️肉鬆吐司加上起司真的很好吃😋🤤，由台中第三市場老店肉鬆，鬆鬆脆脆鹹香搭配莫札瑞拉起司，怎麼吃都很美味，起司香氣一層一層的口感，配上美式或鮮奶茶都很不錯。鹹食控的推薦這口味，下次再來嚐嚐雞蛋沙拉。

🍰抹茶鮮奶油戚風蛋糕
🫐無油可可佐藍莓
🍮黑糖奶酪

▫️抹茶控愛好者的朋友必吃喔～先去有出草莓系列及混搭的口味，抹茶清甜奶油香醇boy口感，柔軟鬆綿最後淋上抹茶醬及金箔脆點綴，精緻又富有甜感，單吃抹茶醬會太甜，要跟着蛋糕一起享用最剛好，陪著咖啡剛好可以融合不會太甜。
▫️最愛巧克力😆😄啦～鬆綿戚風淡淡可可香氣佐上鮮奶油，放上新鮮酸甜藍莓超可愛的，搭配的色澤也很漂亮，很淘氣活潑的酸感，跟著可可戚風層次分明微苦不會太甜，吃起來有磅蛋糕跟海綿蛋糕的質地。沾上附藍莓醬更上一層跳脫不同的風味 。
▫️外表雪白晃動Q彈好可愛🥰，鮮奶香醇軟嫩似豆花口感，吃完鹹食來個奶酪甜點很滿足，加上黑糖吃起來不會太甜沒有膩感，跟著咖啡一同享用也蠻有香氣的。

☕️熱拿鐵
🍂鮮奶茶

▪️咖啡有中焙與淺焙兩種配方可以選擇，淺喝起來就是單品豆的口感，果香酸感層次風味，中焙溫順柔和，核桃杏仁香氣、木質帶點堅果尾韻質地，咖啡香氣十足挺好喝的。
▪️清香不澀錫蘭紅茶，喝起來不苦澀，搭配香醇鮮奶喝起來很舒服，無糖鮮奶茶也不會很淡，有的外面一般都要加糖茶香才會明顯，三回則是不會香氣十足，搭配甜點都很適合。

🏔️冰雪(Nick)．咖啡師生活日常
（IG）jiajiangxu",https://www.google.com/maps/reviews/data=!4m8!14m7!1m6!2m5!1sChdDSUhNMG9nS0VJQ0FnSURXOFpIdWtRRRAB!2m1!1s0x0:0x2f1dea04b3c569fc!3m1!1s2@1:CIHM0ogKEICAgIDW8ZHukQE%7C%7C?hl=zh-TW,sponsored,resolution,2026-04-20T08:37:44.064367+00:00
5fa170d5dcb2917dce4acba0,三回,Wan,,5,"以自製吐司為主的早午餐店
可加價升級套餐
A套餐+60元：烤時蔬/優格擇一
B套餐+120元：烤時蔬、優格
建議加，會比較豐盛

🔹櫛瓜佐卡門貝爾起司145元
吐司底非常鬆軟
使用法國愛樂薇發酵鮮奶油製成
卡門貝爾起司本身就帶有甜味
柔滑香濃，配上烘烤的櫛瓜
超級搭

🔹小農蛋沙拉130元
蛋為育誠藻好蛋
幾乎沒什麼蛋腥味
乍看簡單的蛋沙拉
卻一點也不平凡

🔹焦糖布丁80元
🔹紅玉紅茶80元
🔹美式黑咖啡95元

三回，值得來訪三回",https://www.google.com/maps/reviews/data=!4m8!14m7!1m6!2m5!1sChZDSUhNMG9nS0VJQ0FnSUR4dk83QWF3EAE!2m1!1s0x0:0x2f1dea04b3c569fc!3m1!1s2@1:CIHM0ogKEICAgIDxvO7Aaw%7C%7C?hl=zh-TW,sponsored,resolution,2026-05-06T17:12:18.283588+00:00
67fc0a6c62c4a23b9e63635d,三回,Wan Rou Wang,,5,"［三回SanHui］
/
•檸香芋泥厚切生吐司+水果優格_$110+60
•草莓戚風蛋糕_$160
•焦糖布丁_$85
內用每人低消任一品項💰

生吐司烤得超好，外面非常酥脆還有點焦香，裡面超級軟綿濕潤度極佳，也很有彈性，芋泥很綿密而且有顆粒，但甜度不低，配上檸檬皮比較清爽，加點的優格裡面有草莓、藍莓、穀片、莓果乾、蜂蜜，藍莓非常大顆而且超甜，穀片增添口感，整體就是好吃

布丁蛋香味十足，非常軟嫩綿密，焦糖不會甜膩帶點微苦好好吃，草莓香甜多汁，上頭的鮮奶油非常清爽不油膩

草莓戚風旁邊還有些許草莓果醬，奶油感覺跟布丁的不太一樣，味道更奶更濃郁，比較厚重但不膩口，戚風十分軟綿到入口即化的程度，而且完全不會乾，蛋糕皮的部分還帶點焦香很好吃

喜歡我的介紹歡迎追蹤IG：roueateat",https://www.google.com/maps/reviews/data=!4m8!14m7!1m6!2m5!1sChdDSUhNMG9nS0VJQ0FnSUNoZ2J5YnVRRRAB!2m1!1s0x0:0x2f1dea04b3c569fc!3m1!1s2@1:CIHM0ogKEICAgIChgbybuQE%7C%7C?hl=zh-TW,sponsored,resolution,2026-04-20T09:53:03.830485+00:00
8023920d24da8fbee21887f4,三回,L L,,1,電話都不接 怎麼做生意,https://www.google.com/maps/reviews/data=!4m8!14m7!1m6!2m5!1sChZDSUhNMG9nS0VJQ0FnSUM3M3RYQU5REAE!2m1!1s0x0:0x2f1dea04b3c569fc!3m1!1s2@1:CIHM0ogKEICAgIC73tXANQ%7C%7C?hl=zh-TW,sponsored,resolution,2026-04-20T09:54:00.777767+00:00
8f25b87d62bd58e950a5500b,三回,Yu-Qi Chang,,5,"存在口袋名單好久的店
終於終於有機會吃到了
還好很滿意完全沒有失望(ˊ̥̥̥̥̥ ³ ˋ̥̥̥̥̥)

✦ 兩種乳酪肉鬆吐司 $140
+60水果優格
✦ 果醬鹽奶油吐司 $110
+60烤時蔬
✦ 草莓鮮乳 $155
（烤吐司加點飲品可折$50）

店家自製的生吐司真的非常柔軟好吃
當天特別喜歡兩種乳酪肉鬆
肉鬆給的滿滿滿 但吃起來不會太乾
店家是使用台中第三市場老店肉鬆
搭配莫札瑞拉起司和費塔乾酪
真的非常完美‪‪.ᐟ.ᐟ

另一道果醬鹽奶油 我選擇藍莓醬
藍莓醬也是店家自己熬製的
吃得出來沒有市售果醬那種化學味
搭配鹽奶油剛好綜合甜度
很讚很讚～٩(ˊᗜˋ*)و

再來最厲害的草莓牛奶 (季節限定)
第一次看到整杯滿滿的草莓餒
會不會太大方了‪‪
愛草莓的必點必點‪‪.ᐟ.ᐟ

整間店氛圍很安靜很舒服
每個時段僅接受三組客人
所以一定要提前訂位
注意⚠️不接待10歲以下兒童",https://www.google.com/maps/reviews/data=!4m8!14m7!1m6!2m5!1sChZDSUhNMG9nS0VJQ0FnSURSeXNqSEdBEAE!2m1!1s0x0:0x2f1dea04b3c569fc!3m1!1s2@1:CIHM0ogKEICAgIDRysjHGA%7C%7C?hl=zh-TW,sponsored,resolution,2026-04-20T09:59:07.366294+00:00
9abec96365b64194a61da8dc,三回,舒小惟,,5,"#台中美食 #台中早午餐 #台中甜點 #台中咖啡廳

📍#三回 SanHui
💰只收現金，無服務費
❗️建議先訂位

🔸️店家簡介🔸️
位於台中西區的三回SanHui，坐落在一棟經過精心改建的老宅內，店內的招牌是自製的生吐司。

🔸️餐點介紹🔸️
🧇#蛋沙拉生吐司 NT135：吐司外皮烤得恰到好處，而裡面的吐司則保持了原有的鬆；蛋沙拉的調味既不過鹹也不過甜，與吐司的質感相輔相成。
🍰#草莓鮮奶油戚風 NT170：每一口都能感受到蛋糕的細膩與輕盈，和新鮮草莓的酸甜十分搭配。
☕️#檸檬冰咖啡 NT140：咖啡的苦味與檸檬的酸度完美結合，口感清爽，讓人耳目一新。

♦️美食，就是品嚐到自己喜歡的味道。每個人的喜好、口味和感覺都不同，文章和相關的影片僅供大家參考。

#台中 #taichung #台中西區美食 #台中西區咖啡廳  #台中西區早午餐 #生吐司

🎬#澔先生與薇小姐的美好食光",https://www.google.com/maps/reviews/data=!4m8!14m7!1m6!2m5!1sChZDSUhNMG9nS0VJQ0FnTURRMmJMbkN3EAE!2m1!1s0x0:0x2f1dea04b3c569fc!3m1!1s2@1:CIHM0ogKEICAgMDQ2bLnCw%7C%7C?hl=zh-TW,sponsored,resolution,2026-04-20T09:34:56.358265+00:00
d1616b605526d5f8d2c59444,三回,林文紅,,5,好吃,https://www.google.com/maps/reviews/data=!4m8!14m7!1m6!2m5!1sChZDSUhNMG9nS0VJQ0FnSURuMTdUd2NnEAE!2m1!1s0x0:0x2f1dea04b3c569fc!3m1!1s2@1:CIHM0ogKEICAgIDn17Twcg%7C%7C?hl=zh-TW,sponsored,resolution,2026-04-20T09:36:28.004854+00:00
eec465ad7526592d2975fa1c,三回,Chien,,5,三回啊三回（喜,https://www.google.com/maps/reviews/data=!4m8!14m7!1m6!2m5!1sCi9DQUlRQUNvZENodHljRjlvT2xwR09UUnNURWRUTm5wdVpIbEZlRzlqY1VsTVVYYxAB!2m1!1s0x0:0x2f1dea04b3c569fc!3m1!1s2@1:CAIQACodChtycF9oOlpGOTRsTEdTNnpuZHlFeG9jcUlMUXc%7C%7C?hl=zh-TW,sponsored,resolution,2026-04-20T09:55:54.733913+00:00
adfd488616c2da29999feb54,三坑菜頭滷,家琳,,3,老闆娘說，11點來才滷得夠味。,https://www.google.com/maps/reviews/data=!4m8!14m7!1m6!2m5!1sCi9DQUlRQUNvZENodHljRjlvT2pkRVJuSktjMlIxVnpOMGIxSjZUMUpyTUd0MFJVRRAB!2m1!1s0x0:0x5e2581429c2d9317!3m1!1s2@1:CAIQACodChtycF9oOjdERnJKc2R1VzN0b1J6T1JrMGt0RUE%7C%7C?hl=zh-TW,sponsored,resolution,2026-05-06T17:14:07.871955+00:00
f73d4a8973d783fa0dcf3560,三坑菜頭滷,王子的美食旅程,,5,"台灣小吃便是北基隆南臺南各頂一片天
這個說法一點都不誇張...

如果說台南的小吃是以甘甜為主軸,以文化作為底蘊,那麼基隆便是鮮美的總集合,以更貼近庶民日常的口吻, 為你訴說雨都的懷舊風景, 以及鄉愁...

這間充滿懷舊風,就著板凳往灶檯上囫圇各種好料的下午茶小吃, 就很能體現這種風情
它會是那種讓你回憶起爺爺曾經騎著檔車載你去寒暄順便吃個下午點心的地方, 要吃什麼直接講, 自己舀湯, 消費不貴, 賣美味也賣溫馨的地方~因此最棒的小吃, 往往會帶給你比好吃還要多的體會!

吉古拉, 油豆腐,魚丸, 蘿蔔, 豬血, 各式內臟肝連五花肉...滿滿鮮甜好料看得一清二楚, 口味簡單, 但也滿滿誠意!

這是這座城市寵愛你的方式...將最棒的款待化作一蘊甘美, 當台南小吃彬彬有禮地用溫婉的甜來款待上賓, 基隆則更像是好客的親戚, 以講求鮮美甘醇的堅持, 來款待久違的晚輩們, 既寵溺又講義氣, 妙趣橫生,也回味無窮...",https://www.google.com/maps/reviews/data=!4m8!14m7!1m6!2m5!1sChdDSUhNMG9nS0VJQ0FnSUR1eGI2YjlRRRAB!2m1!1s0x0:0x5e2581429c2d9317!3m1!1s2@1:CIHM0ogKEICAgIDuxb6b9QE%7C%7C?hl=zh-TW,sponsored,resolution,2026-04-20T10:08:54.244226+00:00
5eed6b04848f01c830002135,上海未名麵點酸梅湯,曾偉哲,,5,想請問第一代是上海人，第二代才是山東人這家嗎？最早的店竹管屋對嗎？ 如果是的話現在手法是不是有改過，因為我媽目前65歲，她說以前的醬是糊的，現在是比較水，豆乾現在也比較粗。老人家想確認一下 是不是當年她吃的那家 感謝。現在的豆乾是不是比較粗，因為他們小時候是供應商。,https://www.google.com/maps/reviews/data=!4m8!14m7!1m6!2m5!1sCi9DQUlRQUNvZENodHljRjlvT2pZMVQzbHViMjA1Ulc1RFJXTTJVRmh0Vm1nMlIzYxAB!2m1!1s0x0:0x6dd0e0dfcc5e03ad!3m1!1s2@1:CAIQACodChtycF9oOjY1T3lub205RW5DRWM2UFhtVmg2R3c%7C%7C?hl=zh-TW,sponsored,resolution,2026-05-08T07:42:17.028685+00:00
750452ba39af7eccb73cd3bd,上海未名麵點酸梅湯,十級嚮導 bruce lee,,5,沒看到老闆娘坐鎮，期盼她一切安好,https://www.google.com/maps/reviews/data=!4m8!14m7!1m6!2m5!1sCi9DQUlRQUNvZENodHljRjlvT2xGWllVMVVValJXT0ZGb2VUaHhOVFprY1VKRGNsRRAB!2m1!1s0x0:0x6dd0e0dfcc5e03ad!3m1!1s2@1:CAIQACodChtycF9oOlFZYU1UUjRWOFFoeThxNTZkcUJDclE%7C%7C?hl=zh-TW,sponsored,resolution,2026-05-06T17:20:52.697894+00:00
dc88a2ac22927a738ada4432,上海未名麵點酸梅湯,郭珮怡,,5,一大早就很多人來敲門了,https://www.google.com/maps/reviews/data=!4m8!14m7!1m6!2m5!1sCi9DQUlRQUNvZENodHljRjlvT2xkS1MxQkZlbkZFWVdsdE0wZDFaMXBpTjI1MFduYxAB!2m1!1s0x0:0x6dd0e0dfcc5e03ad!3m1!1s2@1:CAIQACodChtycF9oOldKS1BFenFEYWltM0d1Z1piN250Wnc%7C%7C?hl=zh-TW,sponsored,resolution,2026-05-06T17:18:57.272423+00:00
7f220e0eec7aa7139e746114,九層塔蒸籠海鮮火鍋,晴晴兒GoGo美食趣,,5,"晴晴兒來去吃，澳洲龍蝦海鮮蒸籠宴，每日漁船新鮮直送，生猛海鮮活跳跳，生日慶就是吃爽爽~❤️

火鍋菜盤20種可選，蠻多樣豐富的，另外，套餐打卡還送菜盤喔！🙌🙌🙌

#每日漁船新鮮直送
#九層塔蒸籠海鮮火鍋",https://www.google.com/maps/reviews/data=!4m8!14m7!1m6!2m5!1sChdDSUhNMG9nS0VJQ0FnSUNGcmU3YWdRRRAB!2m1!1s0x0:0x80aef709afae771a!3m1!1s2@1:CIHM0ogKEICAgICFre7agQE%7C%7C?hl=zh-TW,sponsored,resolution,2026-05-06T17:24:42.090317+00:00
83d610f81539ab4ae1b6e7b9,九層塔蒸籠海鮮火鍋,雅妍邱,,5,"今天點澳龍雙人套餐！！
海鮮很新鮮，熟度也非常剛好。
真的好吃😋
絕對不是為了花枝漿喔😂",https://www.google.com/maps/reviews/data=!4m8!14m7!1m6!2m5!1sChdDSUhNMG9nS0VJQ0FnSUNQcGZ1NTh3RRAB!2m1!1s0x0:0x80aef709afae771a!3m1!1s2@1:CIHM0ogKEICAgICPpfu58wE%7C%7C?hl=zh-TW,sponsored,resolution,2026-05-06T17:22:06.735275+00:00
a803dbf2cf193a67c3fa8aa9,九層塔蒸籠海鮮火鍋,張強強,,5,海鮮火鍋！,https://www.google.com/maps/reviews/data=!4m8!14m7!1m6!2m5!1sCi9DQUlRQUNvZENodHljRjlvT2tSbFgxVXdka0ZaVlZSdlRsSmtlSGhXU2pac2VVRRAB!2m1!1s0x0:0x80aef709afae771a!3m1!1s2@1:CAIQACodChtycF9oOkRlX1UwdkFZVVRvTlJkeHhWSjZseUE%7C%7C?hl=zh-TW,sponsored,resolution,2026-05-06T17:24:55.594113+00:00
c197462fbde350f90cae4e1b,九層塔蒸籠海鮮火鍋,蘇智傑,,5,沒去吃過 但感覺很好吃 想吃很久了 月底沒錢了 下個月再去吃,https://www.google.com/maps/reviews/data=!4m8!14m7!1m6!2m5!1sCi9DQUlRQUNvZENodHljRjlvT2tWMGFreENkbDlvT1dSM05tOXhZUzFpWnpBd1ZtYxAB!2m1!1s0x0:0x80aef709afae771a!3m1!1s2@1:CAIQACodChtycF9oOkV0akxCdl9oOWR3Nm9xYS1iZzAwVmc%7C%7C?hl=zh-TW,sponsored,resolution,2026-05-06T17:24:14.965801+00:00
e7da250afb8337f57302754f,九層塔蒸籠海鮮火鍋,吳筱米,,5,"超級無敵好吃
我們點了澳洲龍蝦雙人套餐2180元
上菜速度很快，一打開蒸籠直接（哇wow!)
所有的海鮮都超級新鮮，很Q彈美味😋
最後麻煩老闆幫我們把湯底煮成粥
老闆說剛好有空就幫我們煮了
米飯煮的軟爛剛剛好很濃郁
打卡有送一條手工花枝漿
但我是好吃到自願打卡的
要新鮮實惠好吃真的要來這間！！！激推",https://www.google.com/maps/reviews/data=!4m8!14m7!1m6!2m5!1sChZDSUhNMG9nS0VJQ0FnSUNqb3RhNk9BEAE!2m1!1s0x0:0x80aef709afae771a!3m1!1s2@1:CIHM0ogKEICAgICjota6OA%7C%7C?hl=zh-TW,sponsored,resolution,2026-05-06T17:25:22.949943+00:00
29c3df3640580cac52779c3f,人家是女生,柳夢竹,,5,早午餐店,https://www.google.com/maps/reviews/data=!4m8!14m7!1m6!2m5!1sCi9DQUlRQUNvZENodHljRjlvT25SRFdubGlhM05xUVhScFgzbDBlbEpJVkVoeFVWRRAB!2m1!1s0x0:0x968604a5962a72b7!3m1!1s2@1:CAIQACodChtycF9oOnRDWnlia3NqQXRpX3l0elJIVEhxUVE%7C%7C?hl=zh-TW,sponsored,resolution,2026-05-06T17:28:19.294873+00:00
4076f8e067f7d48109ab7674,今日早點,peter2.pao包迺璜,,4,"忠三59 今日早點
蔥油餅20、冰豆漿20、大餛飩湯50",https://www.google.com/maps/reviews/data=!4m8!14m7!1m6!2m5!1sCi9DQUlRQUNvZENodHljRjlvT25SamFFdE9TVlZ2VjJoWFZrZ3lkM2t0VVhObE1FRRAB!2m1!1s0x0:0x12a6558f85ef9875!3m1!1s2@1:CAIQACodChtycF9oOnRjaEtOSVVvV2hXVkgyd3ktUXNlMEE%7C%7C?hl=zh-TW,sponsored,resolution,2026-05-06T17:33:12.273316+00:00
37225329aaff62938acbfa44,伍板鐵板料理,Joe Ho,,5,新開幕來嚐鮮～,https://www.google.com/maps/reviews/data=!4m8!14m7!1m6!2m5!1sCi9DQUlRQUNvZENodHljRjlvT201dmRHbGhNM1ZxTkc4dFduRkRZVjlaV1ZKR1luYxAB!2m1!1s0x0:0x3e7259c18c7a71d0!3m1!1s2@1:CAIQACodChtycF9oOm5vdGlhM3VqNG8tWnFDYV9ZWVJGYnc%7C%7C?hl=zh-TW,sponsored,resolution,2026-05-06T17:35:55.305904+00:00
3feab1b54368778a1f4a7a0b,伍板鐵板料理,余庭婕,,5,現在試營運中來嚐鮮！,https://www.google.com/maps/reviews/data=!4m8!14m7!1m6!2m5!1sCi9DQUlRQUNvZENodHljRjlvT2swdFlUUkljRXhDV2xONE9GRlZYMjFsUTJwQlpXYxAB!2m1!1s0x0:0x3e7259c18c7a71d0!3m1!1s2@1:CAIQACodChtycF9oOk0tYTRIcExCWlN4OFFVX21lQ2pBZWc%7C%7C?hl=zh-TW,sponsored,resolution,2026-05-06T17:39:12.129331+00:00
cbf9b34df5e1c1dbba2f854e,伍板鐵板料理,姍,,5,新開試吃,https://www.google.com/maps/reviews/data=!4m8!14m7!1m6!2m5!1sCi9DQUlRQUNvZENodHljRjlvT2pkdFFVTnVRMWhLWldkVFVEVm1lRWx2Wkdkdk4yYxAB!2m1!1s0x0:0x3e7259c18c7a71d0!3m1!1s2@1:CAIQACodChtycF9oOjdtQUNuQ1hKZWdTUDVmeElvZGdvN2c%7C%7C?hl=zh-TW,sponsored,resolution,2026-05-06T17:38:24.098241+00:00
d7e0562f51582524f103756c,伍板鐵板料理,Calvin Lin,,5,新開試試好不好吃！,https://www.google.com/maps/reviews/data=!4m8!14m7!1m6!2m5!1sCi9DQUlRQUNvZENodHljRjlvT2tGc2RYVkpibVowZGxsck1tODRUREU0YjBwWmFFRRAB!2m1!1s0x0:0x3e7259c18c7a71d0!3m1!1s2@1:CAIQACodChtycF9oOkFsdXVJbmZ0dllrMm84TDE4b0pZaEE%7C%7C?hl=zh-TW,sponsored,resolution,2026-05-06T17:37:02.280786+00:00
ab88d11d68ad32e680713c7b,佐原拉麵,余琳珏,,5,牛肉麵很Q很好吃,https://www.google.com/maps/reviews/data=!4m8!14m7!1m6!2m5!1sCi9DQUlRQUNvZENodHljRjlvT21KTFgwcHJTVVIzVVVOU2FVSmtRM1V6TlZoTVdXYxAB!2m1!1s0x0:0x1c7ae8968f77b1a6!3m1!1s2@1:CAIQACodChtycF9oOmJLX0prSUR3UUNSaUJkQ3UzNVhMWWc%7C%7C?hl=zh-TW,sponsored,latest_annotation,2026-04-27T08:16:37.689243+00:00
2387f5e79b426b7b8cf3e138,信奕原汁牛肉麵,Allen cheng,,3,從過年前一週休到目前3/7號都沒開門，來了4次從沒吃過先給3星，也許是星期六也公休google沒改,https://www.google.com/maps/reviews/data=!4m8!14m7!1m6!2m5!1sCi9DQUlRQUNvZENodHljRjlvT2s1V1dHY3RWVXh5Y2s1UE0ydFNhRWhVUm5CcmNHYxAB!2m1!1s0x0:0x7b1285c0784d2e29!3m1!1s2@1:CAIQACodChtycF9oOk5WWGctVUxyck5PM2tSaEhURnBrcGc%7C%7C?hl=zh-TW,sponsored,latest_annotation,2026-04-27T08:17:34.579032+00:00
56c1402f647c093f92efa52b,信奕原汁牛肉麵,愛憎分明,,3,小牛肉麵80,https://www.google.com/maps/reviews/data=!4m8!14m7!1m6!2m5!1sChZDSUhNMG9nS0VJQ0FnSUNaLU9hWmFnEAE!2m1!1s0x0:0x7b1285c0784d2e29!3m1!1s2@1:CIHM0ogKEICAgICZ-OaZag%7C%7C?hl=zh-TW,sponsored,resolution,2026-05-06T17:02:20.764481+00:00
6c61e5e50e6e07250322d878,信奕原汁牛肉麵,Hui Alex,,5,"《公告一下》
據隔壁店東消息，最近老闆因身體因素，暫時不會營業，大家不要撲了空。

希望老闆早日康服",https://www.google.com/maps/reviews/data=!4m8!14m7!1m6!2m5!1sChdDSUhNMG9nS0VJQ0FnSURFb2R5R2xRRRAB!2m1!1s0x0:0x7b1285c0784d2e29!3m1!1s2@1:CIHM0ogKEICAgIDEodyGlQE%7C%7C?hl=zh-TW,sponsored,resolution,2026-05-06T17:02:58.757862+00:00
e35157eebb534c3acddf8365,信奕原汁牛肉麵,懷特,,5,據老闆所說二月好像都休息喔 想吃的別白跑一趟了,https://www.google.com/maps/reviews/data=!4m8!14m7!1m6!2m5!1sChZDSUhNMG9nS0VJQ0FnSUNRMGZiR1ZREAE!2m1!1s0x0:0x7b1285c0784d2e29!3m1!1s2@1:CIHM0ogKEICAgICQ0fbGVQ%7C%7C?hl=zh-TW,sponsored,resolution,2026-05-06T17:09:02.175076+00:00
a688506a2142d16a0c77fe12,八蒔鐵板燒,Ru Ru,,5,"經典雙人套餐$𝟴𝟵𝟬
開胃前菜有沙拉🥗、赤嘴蛤蜊湯
湯無添加鹽巴 搭配九層塔、薑絲提香
帶有原本的鮮甜味 每顆都飽滿多汁
天使紅蝦調味很棒
旁邊有店家自己調製的蜂蜜芥末醬
我覺得吃原味就很棒了！
雞腿排外皮煎的酥脆
我覺得最貼心的是 切成小塊很好入口
嫩煎牛排是整塊舒肥𝟭𝟴𝗵𝗿
肉質軟嫩好咬 連筋也是
鯛魚搭配果香醬使用柳橙製作酸甜解膩
杏鮑菇很𝗷𝘂𝗶𝗰𝘆
牛排跟雞腿排都有附上金媽媽泡菜
搭配著吃也有不同風味
飯後甜點是店家自己做的檸檬慕斯 酸甜不膩",https://www.google.com/maps/reviews/data=!4m8!14m7!1m6!2m5!1sChdDSUhNMG9nS0VJQ0FnSURScTlmeHBBRRAB!2m1!1s0x0:0x4aade7062b32c160!3m1!1s2@1:CIHM0ogKEICAgIDRq9fxpAE%7C%7C?hl=zh-TW,sponsored,resolution,2026-05-06T17:43:51.900471+00:00
dad3f2abf9f1b9191c727661,八蒔鐵板燒,陳映蓁,,5,"🔔IG追蹤 @yum.yum.burrito_ 關注更多美食！

✨經典雙人套餐NT$890 ⭐️9.2/10

✨開胃前菜-沙拉🥗
清脆爽口 搭配果香和風醬
入口有柑橘香氣 特別清爽開胃

✨赤水蛤蜊湯
第一次看到現煮的湯！
原味烹調 充分展現出食材本身的鮮甜🫶🏻
九層塔起到了大大的提味效果 很加分🌿

✨阿根廷野生天使紅蝦
蝦背去殼 可以直接吃不用剝殼 很讚🥳
而且也很貼心的去掉腸泥
吃起來鹹香 蝦肉有彈性🍤
搭配的是蜂蜜芥末醬 沾著也好吃

✨原味無骨雞腿排
煎的恰到好處 表皮金黃且酥脆 肉質很香🤩
一旁有金媽媽泡菜 是用天然水果發酵
可以換個口味搭配一起吃～

✨香煎嫩肩牛排
使用板腱肉舒肥18hrs 肉質偏嫩
板腱中間那條筋處理的很好
沾一點胡椒及蒜粒就很好吃了😋

✨香酥鯛魚
醬汁是自家熬煮的 帶有柳橙果香 吃起來酸酸甜甜
推薦要沾醬吃！會有點像在吃糖醋魚🐟
沒有刺！吃起來也沒有鯛魚土味👍

✨杏鲍菇
淡淡的奶油香🧈
保有脆脆的口感 咬開有汁在裡面
淋上蠔油一起吃更夠味！

✨甜點 檸檬乳酪慕斯
自己做的甜點 口味上偏酸
上面有檸檬皮的點綴🍋
檸檬的清香和乳酪慕斯的綿密各司其職
像下午茶店會有的精緻甜品🥰

✨青菜新鮮 蒜香清炒 簡單好吃
米飯Q彈不會過濕🍚 可以無限續❗️

八蒔主打嚴選時令盛產食材
以簡單的調味帶出食材本身的風味！
用餐過程輕鬆愉快 主廚親切好聊🥰
內用會酌收10%服務費

母親節當周及下週會推出特別套餐❣️
快帶著親愛的媽媽一起來用餐吧～",https://www.google.com/maps/reviews/data=!4m8!14m7!1m6!2m5!1sChZDSUhNMG9nS0VJQ0FnSURSX29hekVBEAE!2m1!1s0x0:0x4aade7062b32c160!3m1!1s2@1:CIHM0ogKEICAgIDR_oazEA%7C%7C?hl=zh-TW,sponsored,latest_annotation,2026-04-26T18:49:50.471142+00:00
9eefed090c3f30d1c37ac71c,冰封仙果 ICE UNA 基隆廟口店,southboyyyy,,5,打卡送水果珍珠,https://www.google.com/maps/reviews/data=!4m8!14m7!1m6!2m5!1sChdDSUhNMG9nS0VJQ0FnSUNUcE9qcWdBRRAB!2m1!1s0x0:0xd1ab745a655d1c3d!3m1!1s2@1:CIHM0ogKEICAgICTpOjqgAE%7C%7C?hl=zh-Hant,sponsored,latest_annotation,2026-06-24T05:21:07.779157+00:00
0719e690f2693389522d53bb,半島鐵盒茶餐廳,C.Chung kAo,,1,禮拜五，沒開，沒開就是⭐️,https://www.google.com/maps/reviews/data=!4m8!14m7!1m6!2m5!1sCi9DQUlRQUNvZENodHljRjlvT2xCSlNXZGtkRWM1YmpoT1QzSmxSVkZxTURWbmVGRRAB!2m1!1s0x0:0xcce150aa8ec0ce1f!3m1!1s2@1:CAIQACodChtycF9oOlBJSWdkdEc5bjhOT3JlRVFqMDVneFE%7C%7C?hl=zh-TW,sponsored,resolution,2026-05-06T17:49:38.847116+00:00
bdb1c9c7f4d9adb21cd840c7,半島鐵盒茶餐廳,卓恒湛,,4,"2022.08.21
訂位優先 記得先訂位。
海鮮燴飯150元、煎椒炒牛肉片 220元、北菇滑雞煲仔飯95元
八珍豆腐煲200元、鮮蝦腐豆皮95元、",https://www.google.com/maps/reviews/data=!4m8!14m7!1m6!2m5!1sChZDSUhNMG9nS0VJQ0FnSUNRNDVlbWVnEAE!2m1!1s0x0:0xcce150aa8ec0ce1f!3m1!1s2@1:CIHM0ogKEICAgICQ45emeg%7C%7C?hl=zh-TW,sponsored,resolution,2026-05-06T17:47:03.708603+00:00
eea73e2b9ab8be8627a04a63,半島鐵盒茶餐廳,林歡歡,,1,為什麼沒開。撲了個空,https://www.google.com/maps/reviews/data=!4m8!14m7!1m6!2m5!1sChdDSUhNMG9nS0VJQ0FnSUQzbV9qOXFBRRAB!2m1!1s0x0:0xcce150aa8ec0ce1f!3m1!1s2@1:CIHM0ogKEICAgID3m_j9qAE%7C%7C?hl=zh-TW,sponsored,resolution,2026-05-06T17:52:49.383459+00:00
0216b48274b70f5c5eccf0b6,叁男燒肉酒場本舖,Jason,,5,好吃😋三人打卡送和牛,https://www.google.com/maps/reviews/data=!4m8!14m7!1m6!2m5!1sCi9DQUlRQUNvZENodHljRjlvT20xcWJtOVdNVTFIY0dzeVkwVTFVblJXYmxsT1NuYxAB!2m1!1s0x0:0x778d3a09636e5eac!3m1!1s2@1:CAIQACodChtycF9oOm1qbm9WMU1HcGsyY0U1UnRWbllOSnc%7C%7C?hl=zh-TW,sponsored,latest_annotation,2026-06-23T07:39:16.316688+00:00
20084db061d38fdf83b28c86,叁男燒肉酒場本舖,CHIANG,,5,湊巧路過看到這間店，價格實惠，份量也不會太少，肉質很新鮮，大推昆布鹽，現在打卡還送牛舌👍👍 👍,https://www.google.com/maps/reviews/data=!4m8!14m7!1m6!2m5!1sCi9DQUlRQUNvZENodHljRjlvT2tseVQzcFJaUzFrVlc4NGRGRlBXV1k1WkMxYWJIYxAB!2m1!1s0x0:0x778d3a09636e5eac!3m1!1s2@1:CAIQACodChtycF9oOklyT3pRZS1kVW84dFFPWWY5ZC1abHc%7C%7C?hl=zh-TW,sponsored,latest_annotation,2026-06-23T07:49:39.375392+00:00
2c9c6b9182bc0cfa16b40925,叁男燒肉酒場本舖,YOYO,,5,Lalaport 附近全新開幕燒肉店<br>「叁男燒肉酒場本舖」<br>走進店裡真的有種瞬間切換到放鬆模式的感覺<br>是那種會想默默再訪的日式燒肉酒廠🫶🏻<br>———————————————<br>⬇️⬇️⬇️<br>🌼試營運期間送棉花糖🍬<br>🌼加入會員送小菜（韓風泡菜、香拌黃豆芽、韓式蘿蔔 選1）+打卡送（薄雪牛舌/雞松阪 擇1）<br>⬆️⬆️⬆️<br>———————————————<br>他們家肉品品項很完整 牛、豬、雞、海鮮通通有<br>主菜超好吃 很愛泡菜炒烏龍麵 香氣💯<br>肉品品質都很優秀 非常好吃！以下都可以點✨<br><br>豚雞雙奏盛合💰380<br>安格斯斯翼板芯💰190<br>豚五花條+泡菜💰120<br>季節野菜盤💰150<br>牽絲起士扇貝（1顆）💰80<br>溫玉漢堡排丼💰120<br>韓式泡菜炒烏龍麵💰130<br>濃厚起司地瓜燒💰80<br>———————————————<br>✨ 打卡必點的視覺系飲品<br>涼風西瓜💰150<br>蜜光雷檬氣泡飲💰130<br>這兩杯這是我喝過最浮誇的飲品<br>拍照、拍影片、拉近特寫都美🍹<br>喝起來也順口好喝！<br>——————————————————<br>評個分🌕🌕🌕🌕🌘<br>地址：臺中市東區大智路87之3號<br>營業時間 :1700-0100<br>-<br>📢有跟著有油吃記得標記 @wo_hao_xiang_chi 🔆,https://www.google.com/maps/reviews/data=!4m8!14m7!1m6!2m5!1sCi9DQUlRQUNvZENodHljRjlvT2xrd1IydFJObU5tYmpSbWIyRjRhMTlvY1VGTlRYYxAB!2m1!1s0x0:0x778d3a09636e5eac!3m1!1s2@1:CAIQACodChtycF9oOlkwR2tRNmNmbjRmb2F4a19ocUFNTXc%7C%7C?hl=zh-TW,sponsored,latest_annotation,2026-06-23T07:47:28.82631+00:00
4588884374885911e40ebdc3,叁男燒肉酒場本舖,日日美食RitaFoodie,,5,IG：_rita.foodie（吃貨日日美食）<br><br>「豚雞雙肉盛合」$380<br>四種雞豚肉品一次滿足🌟<br>溫體雞腿肉多汁，煎到外皮微脆軟嫩紮實很好吃😋雞軟骨與松阪豚吃起來脆彈帶勁！<br>豬梅花油脂分布均勻口感不油膩👍🏻<br><br>「安格斯翼板芯」$190<br>選用美國安格斯牛肩翼板核心部位，外層微焦，香氣濃吃起來鹹度適中，以這價位來說CP值很高✨<br><br>「参男特選牛排」$190<br>肉汁鎖得剛剛好👌🏻每口都是濃郁肉香，搭配特製燒肉醬味道更甜❤️<br><br>「季節野菜盤」$150<br>多款蔬菜清脆爽口，搭配烤肉一起吃很適合🥗<br><br>「牽絲起司扇貝」$80<br>扇貝鮮甜多汁，焗烤後起司口感香濃滑順🧀<br>吃起來鮮味十足，要小心燙口！<br><br>「溫玉漢堡排丼」$120<br>手工漢堡排厚實多汁，搭配特製醬汁微甜帶鹹，溫泉蛋攪拌開後味道更豐富🌈<br><br>「韓式泡菜炒烏龍麵」$150<br>烏龍麵Q彈帶嚼勁，整體微酸微辣鹹度剛剛好👌🏻<br><br>「濃厚起司地瓜燒」$80<br>地瓜烤得鬆軟綿密，搭配起司後超牽絲～且讓整體的香氣更加倍🤤<br><br>「浮誇！涼風西瓜」$150<br>超吸睛整片西瓜🍉清甜多汁不死甜，搭配燒肉好適合，滿足視覺與味覺雙重享受😎<br><br>「浮誇！初露蜜瓜氣泡飲」$180<br>蜜瓜香氣也很清爽，搭配微氣泡甜度剛好不膩口🍈<br><br>🔸活動資訊<br>❶加會員送小菜3選1：韓風泡菜 / 日式蘿蔔 / 香拌豆芽菜<br>❷打卡@IG再送薄雪牛舌or貴丁雞松阪（二選一）<br>❸來店就送 1 人 1 串棉花糖～,https://www.google.com/maps/reviews/data=!4m8!14m7!1m6!2m5!1sCi9DQUlRQUNvZENodHljRjlvT25nNWIwbDBTbmxQVkdsV2VraFNZM3BuUkcxNlpVRRAB!2m1!1s0x0:0x778d3a09636e5eac!3m1!1s2@1:CAIQACodChtycF9oOng5b0l0SnlPVGlWekhSY3pnRG16ZUE%7C%7C?hl=zh-TW,sponsored,latest_annotation,2026-06-23T07:39:05.489306+00:00
5293fb34acc708949841839d,叁男燒肉酒場本舖,李ㄈㄩ,,5,火車站後站又有好吃的宵夜啦！🤩<br>而且店員都好親切！有些品項也會幫忙烤<br>重點是食物都好好吃～肉質好、價格也不貴🤤<br>最適合下班後跟同事朋友去放鬆一下了(˶‾᷄ ⁻̫ ‾᷅˵)<br><br>份量參考：我們兩個女生以下這樣吃不完🤣我還打包回家吃<br><br>餐點我們都蠻喜歡的<br>除了我超級愛的前三名<br>比較特殊的像金雞山藥湯、起司地瓜，都是本來我不太吃<br>但是意外的很不錯的品項<br>果汁也很新鮮，不是市售普通柳橙汁那種味道<br>而且真的很浮誇、很好拍🤭<br><br>總之這間真的讓我蠻驚艷的👍🏻<br>下次還要帶朋友去吃！٩(˃̶͈̀௰˂̶͈́)و<br><br>📍泡菜豚五花條 $120<br>📍嚴選美國牛角切 $190<br>📍上品雞軟骨 $80🥉<br>📍胸腹芯肉 $120<br>📍季節野菜盤 $150<br>📍牽絲起司扇貝 $80🥇<br>📍貴丁雞松阪 $180🥈<br>📍溫玉壽喜牛丼 $100<br>📍花膠金雞山藥湯 $120<br>📍日式職人炒烏龍麵 $130<br>📍濃厚起司地瓜燒 $80<br>📍雲朵棉花糖 $30<br>📍浮誇! 陽光蜜橙(鮮果飲) $120<br>📍浮誇! 蜜光檸夢 (氣泡飲) $160<br>📍小菜 $60（韓風泡菜、日式蘿蔔、香拌豆芽菜）<br><br>（食材本身都有調味，不沾醬料也很好吃）<br><br>✏️試營運優惠<br>1️⃣加會員送小菜 3選1(韓風泡菜、日式蘿蔔、香拌豆芽菜)<br>2️⃣加入會員後拍照打卡 tag 店家 ig 帳號，再送「薄雪牛舌」或「貴丁雞松阪」2選1<br>3️⃣來店送 1 人 1 串棉花糖<br><br>⚠️內用收一成服務費<br>—<br>店家ig👉🏻 @sannanyakiniku<br>—<br>更多美食👉🏻IG：no_food_no_life.178,https://www.google.com/maps/reviews/data=!4m8!14m7!1m6!2m5!1sCi9DQUlRQUNvZENodHljRjlvT2kxd1prOXZhVEJuUkhOQlpGSkxRekprZWtNNGMyYxAB!2m1!1s0x0:0x778d3a09636e5eac!3m1!1s2@1:CAIQACodChtycF9oOi1wZk9vaTBnRHNBZFJLQzJkekM4c2c%7C%7C?hl=zh-TW,sponsored,latest_annotation,2026-06-23T07:44:37.022258+00:00
5309f7899002adf472240074,叁男燒肉酒場本舖,J,,5,超好吃的花椒辣椒粉，還有厚切牛舌💖現在試營運打卡還有送小菜（四選一）！肉都超級好吃！！！,https://www.google.com/maps/reviews/data=!4m8!14m7!1m6!2m5!1sCi9DQUlRQUNvZENodHljRjlvT2toWlVYSklPVlF3V0hkNFdtRlROMlpLTXpKR2EzYxAB!2m1!1s0x0:0x778d3a09636e5eac!3m1!1s2@1:CAIQACodChtycF9oOkhZUXJIOVQwWHd4WmFTN2ZKMzJGa3c%7C%7C?hl=zh-TW,sponsored,latest_annotation,2026-06-23T07:48:34.633244+00:00
66ef80ef2ec2c8b103f87543,叁男燒肉酒場本舖,yu,,5,新開幕的燒肉！！店內很有氛圍<br>牛排很好吃 飲品超浮誇<br>現在打卡還有送牛舌👍🏻,https://www.google.com/maps/reviews/data=!4m8!14m7!1m6!2m5!1sCi9DQUlRQUNvZENodHljRjlvT25CaVdXUnFTVzlMVFZJMmVGQXpUSEJNY1RoVU1GRRAB!2m1!1s0x0:0x778d3a09636e5eac!3m1!1s2@1:CAIQACodChtycF9oOnBiWWRqSW9LTVI2eFAzTHBMcThUMFE%7C%7C?hl=zh-TW,sponsored,latest_annotation,2026-06-23T07:46:50.414315+00:00
90f774d2abce7d8c4eb087d7,叁男燒肉酒場本舖,林毛蟹,,5,3人打卡送和牛,https://www.google.com/maps/reviews/data=!4m8!14m7!1m6!2m5!1sCi9DQUlRQUNvZENodHljRjlvT21OeFF6RlVabVZwUTA1blZFeFZaa2w1V1ROQ1MyYxAB!2m1!1s0x0:0x778d3a09636e5eac!3m1!1s2@1:CAIQACodChtycF9oOmNxQzFUZmVpQ05nVExVZkl5WTNCS2c%7C%7C?hl=zh-TW,sponsored,latest_annotation,2026-06-23T07:41:30.963686+00:00
9eb052da018a8f037f9271fd,叁男燒肉酒場本舖,min,,5,👍👍三人打卡送和牛,https://www.google.com/maps/reviews/data=!4m8!14m7!1m6!2m5!1sCi9DQUlRQUNvZENodHljRjlvT2xwcWQwcExSbm90TFRkeWEyWnhRVTFTUjFCMFZGRRAB!2m1!1s0x0:0x778d3a09636e5eac!3m1!1s2@1:CAIQACodChtycF9oOlpqd0pLRnotLTdya2ZxQU1SR1B0VFE%7C%7C?hl=zh-TW,sponsored,latest_annotation,2026-06-23T07:39:08.390067+00:00
c2bf6e702b322377b7cc99eb,叁男燒肉酒場本舖,陳冠錞,,5,三人打卡送和牛👍🏻👍🏻👍🏻,https://www.google.com/maps/reviews/data=!4m8!14m7!1m6!2m5!1sCi9DQUlRQUNvZENodHljRjlvT205VGRYRnpkbDlSUlY5RU0zQkhaMWg2U3pONmJsRRAB!2m1!1s0x0:0x778d3a09636e5eac!3m1!1s2@1:CAIQACodChtycF9oOm9TdXFzdl9RRV9EM3BHZ1h6SzN6blE%7C%7C?hl=zh-TW,sponsored,latest_annotation,2026-06-23T07:40:01.433381+00:00
c8c2ac63392df5bea5f3a7d2,叁男燒肉酒場本舖,Starry,,5,東區新開的燒肉居酒屋，從外觀就很熱烈的感覺😆<br>整體來說肉質很棒<br>🌟還有特別的白鰻必點🌟<br>打卡送牛舌&雞頸肉品質很好不馬虎；加會員送小菜，清爽解膩一定要配著吃<br>還有可以直吃的牛丼、雞湯&泡菜炒烏龍<br>推薦👍牛丼CP值超高，那個溫泉蛋真是銷魂👍<br>有些肉品比較珍貴，店員會幫烤，很專業又熱情<br>我們都是喝氣泡水果飲料<br>特色都是實體水果切片擺在杯子上，視覺效果很好<br>是個歡樂氣氛的燒肉居酒屋<br>每個炭火爐都是日本製キンカ 燒肉爐，專業度十足<br>店員態度非常好，換網換很勤<br>超級推薦大家，下班後來這邊吃吃喝喝聚餐！,https://www.google.com/maps/reviews/data=!4m8!14m7!1m6!2m5!1sCi9DQUlRQUNvZENodHljRjlvT2tGV1kyYzRUMGxDUm1SbU5HNU9ialJmT0hsUmNHYxAB!2m1!1s0x0:0x778d3a09636e5eac!3m1!1s2@1:CAIQACodChtycF9oOkFWY2c4T0lCRmRmNG5ObjRfOHlRcGc%7C%7C?hl=zh-TW,sponsored,latest_annotation,2026-06-23T07:47:49.20748+00:00
e21be80eae867318cb270c9a,叁男燒肉酒場本舖,小雞吃米,,5,台中東區 #日式燒肉 #燒肉酒場<br>【叁男燒肉酒場本舖】<br><br>不想花大錢又想吃日式燒肉<br>這間真的可以先存起來 🔥<br>日式燒肉結合酒場風格<br>肉品、海鮮都走精緻路線<br>但價格意外親民<br>而且從車站步行不久就可以到達<br><br>這次我們點的是 👇<br><br>🌼 無牛精饌宴（雙人套餐） $1680<br>嚴選豬肉、雞肉搭配多款海鮮<br>肉香細膩、海味鮮甜<br>整體風味層次豐富又平衡<br>不吃牛的人也能吃得很滿足！<br><br>🌼 剝皮辣椒炒烏龍麵 套餐加價購$95<br>Q 彈烏龍麵搭配剝皮辣椒拌炒<br>微辣甘甜、香氣堆疊<br>鹹香中帶回甘<br><br>🌼 御品海膳粥 套餐加價購$110<br>海鮮鮮味完整融入米粥<br>清爽不厚重<br>燒肉後來一碗剛剛好<br><br>🌼 炙燒焦糖布丁（套餐附）<br>表層炙燒成薄脆焦糖<br>微苦焦香搭配滑順布丁<br>冷熱交融 完美收尾<br><br>🌼 雲朵棉花糖（來店贈送）<br>口感細緻柔軟<br>甜度剛好<br><br>🌼 陽光蜜橙（鮮果飲） $120<br>新鮮香橙現榨<br>酸甜平衡、清爽解膩<br><br>🌼 初露蜜瓜（氣泡飲） $130<br>氣泡清爽<br>哈密瓜香氣柔和<br>配肉喝很加分<br><br>—— ɪɴꜰᴏ ——<br>✨ 叁男燒肉酒場<br><br>📍 臺中市東區大智路87之3號<br>🕰️ 週一至週日 17:00–01:00<br><br>🏷️ #台中美食 #叁男燒肉 #台中燒肉,https://www.google.com/maps/reviews/data=!4m8!14m7!1m6!2m5!1sCi9DQUlRQUNvZENodHljRjlvT2xKWVgzTTFlRzFLUVcxWVIzRXpaM2RSZEVOV2FWRRAB!2m1!1s0x0:0x778d3a09636e5eac!3m1!1s2@1:CAIQACodChtycF9oOlJYX3M1eG1KQW1YR3EzZ3dRdENWaVE%7C%7C?hl=zh-TW,sponsored,latest_annotation,2026-06-23T07:45:55.596517+00:00
b607aade2c7d7ccffe20d153,古月香熬粹牛肉麵,Julio,,4,古月香是以十八道以上材料熬製燉煮的湯頭，特選牛肉各精華部位熬煮而成的牛肉，尤其湯頭特別講究口感的溫潤與層次變化，（湯頭鹹淡可依各人喜好增減）嚴格要求的麵條配比製作，達到完美的口感與咬勁。是基隆獨特的牛肉麵店家，不仿前往試試品嚐看看。,https://www.google.com/maps/reviews/data=!4m8!14m7!1m6!2m5!1sCi9DQUlRQUNvZENodHljRjlvT20wME1FYzBWMmc1ZUVabFh5MWhNR3R2TTJObFpFRRAB!2m1!1s0x0:0xb8c85b74b01f85bc!3m1!1s2@1:CAIQACodChtycF9oOm00MEc0V2g5eEZlXy1hMGtvM2NlZEE%7C%7C?hl=zh-TW,sponsored,resolution,2026-05-06T18:05:37.666533+00:00
2d799c664f81eb5f8b69cad7,台灣猛男蚵仔煎,張宥翔,,5,蚵仔煎75元滿特別的，是把蚵仔蓋在煎下面，跟外面不太一樣，蚵仔的量也不少大概7、8顆有，外圍煎的有點酥脆，口味也不會太油膩而且蚵仔吃起來很飽滿新鮮。筒仔米糕對我來說有點太硬，蒜泥蚵仔85元大概十來顆吧？沒仔細算，總之很對得起價格！現在五顆星評論還可以增量蚵仔😄人員也都很親切，整體來說除卻活動的鼓勵外，還是很值得給予五星！下次來公館還會再來吃蚵仔煎,https://www.google.com/maps/reviews/data=!4m8!14m7!1m6!2m5!1sChZDSUhNMG9nS0VJQ0FnSUNoMVpqNlR3EAE!2m1!1s0x0:0x5eeee862340fe44f!3m1!1s2@1:CIHM0ogKEICAgICh1Zj6Tw%7C%7C?hl=zh-TW,sponsored,latest_annotation,2026-06-23T07:52:50.066267+00:00
34d1489ca87317c0afd65b07,台灣猛男蚵仔煎,陳群融,,5,打卡送蚵仔，蚵仔大顆量多好吃😋,https://www.google.com/maps/reviews/data=!4m8!14m7!1m6!2m5!1sChdDSUhNMG9nS0VJQ0FnSUQtaTlqQV9nRRAB!2m1!1s0x0:0x5eeee862340fe44f!3m1!1s2@1:CIHM0ogKEICAgID-i9jA_gE%7C%7C?hl=zh-TW,sponsored,latest_annotation,2026-06-23T07:51:11.554156+00:00
43950c783072f7a68e3d2046,台灣猛男蚵仔煎,吳旻軒,,5,5星好評 送 蚵仔加量！<br>—————————————<br>價格$80 價格偏高<br>但蚵仔數量本身也給不少<br>餅皮口感酥脆<br>煎蛋口感嫩香<br>醬料偏鹹又多<br><br>個人口感好甜一些 覺得有點可惜🥲<br>但還是值得推薦的一間店！,https://www.google.com/maps/reviews/data=!4m8!14m7!1m6!2m5!1sChZDSUhNMG9nS0VJQ0FnSUN4bDUydk1nEAE!2m1!1s0x0:0x5eeee862340fe44f!3m1!1s2@1:CIHM0ogKEICAgICxl52vMg%7C%7C?hl=zh-TW,sponsored,latest_annotation,2026-06-23T07:53:06.625569+00:00
4741f431914343ced4d1d5d7,台灣猛男蚵仔煎,CC C,,5,打卡蚵仔煎的蚵份量加倍<br>蠻好吃的！<br>雖然偏貴<br>但離捷運站也不算遠了,https://www.google.com/maps/reviews/data=!4m8!14m7!1m6!2m5!1sChdDSUhNMG9nS0VJQ0FnSUNELUxUMDlnRRAB!2m1!1s0x0:0x5eeee862340fe44f!3m1!1s2@1:CIHM0ogKEICAgICD-LT09gE%7C%7C?hl=zh-TW,sponsored,latest_annotation,2026-06-23T07:59:32.526863+00:00
52af775872bc365ca6a4e8bf,台灣猛男蚵仔煎,ma vie,,5,這家位於臺北大安區，臺灣大學旁，羅斯福路上的「猛男蚵仔煎」，店家主打：5星好評蚵仔加量！<br><br>今天初次到訪，點了一份蚵仔煎$80<br>內用位置4人桌6張，店家蚵仔數量給得不少，約有10顆左右，而且都很大顆，餅皮煎得算酥脆，麵糊不會太多、不太油膩，蚵仔煎的蛋也很嫩，醬料有點偏鹹。<br><br>整體來說，店家服務還不錯、餐點口感也還可以，算是還是值得推薦的一間店！,https://www.google.com/maps/reviews/data=!4m8!14m7!1m6!2m5!1sChdDSUhNMG9nS0VJQ0FnSURsM3BYM2pnRRAB!2m1!1s0x0:0x5eeee862340fe44f!3m1!1s2@1:CIHM0ogKEICAgIDl3pX3jgE%7C%7C?hl=zh-TW,sponsored,latest_annotation,2026-06-23T07:54:12.722689+00:00
b41aa2ec13aa3b9cd27a0880,台灣猛男蚵仔煎,Kuo Erin,,5,五星好評蚵仔加量<br><br>看完蚵仔夜行軍之後<br>馬上來吃蚵仔煎<br>不過猛男蚵仔煎<br>果然有猛男<br>但蚵仔煎<br>我比較懷念蚵仔之家的$100版本😅,https://www.google.com/maps/reviews/data=!4m8!14m7!1m6!2m5!1sChZDSUhNMG9nS0VJQ0FnSURSaUxpQWRnEAE!2m1!1s0x0:0x5eeee862340fe44f!3m1!1s2@1:CIHM0ogKEICAgIDRiLiAdg%7C%7C?hl=zh-TW,sponsored,latest_annotation,2026-06-23T07:57:49.804221+00:00
11a9054b61de9e4b94a2a342,吃。東西,K K,,5,"IG搜尋🔍：eating_tid（三餐飯後）
-
台中前幾名好吃的義大利麵❗️不接受訂位喔⚠️十點開始登記候位  十一點營業，我們平日中午到大概13:30進到店裡

ෆ⃛微辣鯷魚XO醬鮮蝦：520元
內容物有六隻蝦蝦、九層塔、小魚乾、番茄、絲瓜、洋蔥，清炒型的義大利麵很香很夠味，蝦子也很新鮮彈牙，麵是屬於扁麵ㄛ，不會太軟爛還留有一點嚼勁(*σ´∀`)σ
ෆ⃛博多明太子奶油干貝：540元
兩顆大干貝、明太子、絲瓜、洋蔥
我們超喜歡這個💓明太子跟奶油融合的非常！完美！濃郁的醬汁給的不手軟，吸上來的每一口麵都吸附了滿滿醬汁，干貝選了半熟的 超大顆有夠好吃，上層還有灑上一點點香料調味，外層焦香、內部保留了軟嫩(ˊᗨˋ)想到就好想再吃吶

下次要試試烘蛋感覺也好讚呀❤️‍🔥❤️‍🔥❤️‍🔥
整體價格不便宜，但用料真的很實在~~~
⚠️⚠️每人低消380，只能現金支付！
推！！！💓",https://www.google.com/maps/reviews/data=!4m8!14m7!1m6!2m5!1sChdDSUhNMG9nS0VJQ0FnSUN4cHJEVHh3RRAB!2m1!1s0x0:0x602c5a9bdb58133a!3m1!1s2@1:CIHM0ogKEICAgICxprDTxwE%7C%7C?hl=zh-TW,sponsored,latest_annotation,2026-05-04T13:01:05.924984+00:00
4d8e18c0519d9f6fde781e85,吃。東西,永,,5,"聽朋友介紹這家義大利麵非常有名好吃，就來嚐嚐囉。
無法預約，十點可接受現場登記，十一點可入座，店內只有五桌…，基本上第一輪沒進店內，最少都要等四十分鐘。
十點半登記後，十一點入內，上菜速度不算快，不適合趕時間的。從十一點開始直到用餐完畢，門口人潮沒斷過😮
*博多明太子奶油干貝麵
=>生食干貝兩顆(直徑4cm～5cm、厚約3cm)，煎至五分熟，口感鮮嫩，明太子奶油醬挺濃稠的，完整包覆於麵上，每一口都滿滿的明太子味🤤

*醬燒黑松露奶油蕈菇雞肉麵
=>試吃了麵的部分，非常濃郁的松露味，很適合喜歡松露的人。

*剝皮辣椒蕈菇麵
=>很台式的義大利麵，滿滿的剝皮辣椒，能聞到滿滿的剝皮辣椒香氣，聽朋友說不會辣？

*炒蛤蜊(坦都里香料口味)
=>我們選擇印度口味，蛤蜊都蠻飽滿的，每顆的蛤蜊肉都有2～3cm寬，醬汁並不濃稠，帶點微辣，不錯吃。

*醬燒橘汁雞翅
=>雞翅有先炸過，配上濃郁的橘汁，吃起來不會覺得膩口，會想一隻接一隻的吃，不錯吃。

*鍋燒黑糖鮮奶茶
=>熬煮的茶葉加入鮮奶茶，上方有著黑糖奶泡，喝起來茶香味頗濃郁伴隨著黑糖香氣，雖有甜但不會太膩口，可點。",https://www.google.com/maps/reviews/data=!4m8!14m7!1m6!2m5!1sChZDSUhNMG9nS0VJQ0FnSURtZ1BHclZREAE!2m1!1s0x0:0x602c5a9bdb58133a!3m1!1s2@1:CIHM0ogKEICAgIDmgPGrVQ%7C%7C?hl=zh-TW,sponsored,latest_annotation,2026-05-04T12:55:55.712364+00:00
830b744bced45800ea80fd9c,吃。東西,辜建彰,,5,"【內有菜單】
台中一位難求的義大利麵，不能訂位，只能現場排隊！！
這間也是我台中吃過最頂的義大利麵，口味跟價錢都是XD
◇博多明太子奶油干貝義大利麵＄540：有兩大顆比50元硬幣還大顆的炙燒生食級干貝，干貝店家煎到半熟，吃起來厚實多汁軟嫩，有滿滿鮮味及炙燒香氣。濃郁的奶油白醬底帶有明太子的鹹香，麵條是使用長型扁麵，已經吸附滿滿的醬汁，非常入味。
◇鹹蛋黃奶油蕈菇雞肉義大利麵＄450：是款相較濃郁的台義口味，雖是一樣奶油白醬底，卻多了鹹蛋黃的香氣層次，雞肉表現也不俗，很嫩口，與醬汁相當結合。
整體而言，是一家令人印象深刻的義大利麵，雖價位偏高、須排隊等候、有用餐時間限制、用餐環境簡單，但還是讓人會想回訪！難得可貴的是，用餐人潮多，店家仍很有耐心且親切的服務。
※僅現金付款。
※店家規則：11點營業，10點開放入店登記，假日9點半就會大排長龍了，到了先跟店家拿菜單後開始排隊等候入內點餐付款，店家會跟你預估來用餐的時間。點餐付款完成後依店家跟你說的時間來用餐。
※假日等候時間參考：9點半抵達排隊，約12：40可用餐。",https://www.google.com/maps/reviews/data=!4m8!14m7!1m6!2m5!1sChZDSUhNMG9nS0VJQ0FnSUMxMDUyRkx3EAE!2m1!1s0x0:0x602c5a9bdb58133a!3m1!1s2@1:CIHM0ogKEICAgIC1052FLw%7C%7C?hl=zh-TW,sponsored,latest_annotation,2026-05-04T12:54:57.077472+00:00
b5ce7c36f2c1a297b1ef1f1d,吃。東西,Foodmaker.l,,5,"◽️紹興枸杞奶油蕈菇雞肉麵-朋友們一致認為當天選的紹興最好吃😍淡淡紹興味，卻不會過嗆搶走奶油的風采，反而有提香作用，整個變的高級起來！而奶油也是標準之上的超～濃～郁，但濃到最後可能會有點膩，可是好愛😍

◽️醬燒黑松露奶油蕈菇雞肉麵-整體口味偏重，比紹興的奶油更濃郁一些，每條麵條都吸附著醬汁，有Q勁又彈牙！而且雞肉給的很大方😍香味四溢，容我稱它黯然銷魂義大利麵🤣

店裡座位很少，無法訂位，而且裝潢簡單，當天也是等了一個多小時，雖然整體價格偏高，但的確值得！就是好吃又貴的義大利麵啦🤣

更多美食評論IG👉🏻foodmaker.l",https://www.google.com/maps/reviews/data=!4m8!14m7!1m6!2m5!1sChdDSUhNMG9nS0VJQ0FnSUNLX3NPVzFnRRAB!2m1!1s0x0:0x602c5a9bdb58133a!3m1!1s2@1:CIHM0ogKEICAgICK_sOW1gE%7C%7C?hl=zh-TW,sponsored,latest_annotation,2026-05-04T13:01:29.712713+00:00
7ad64da154e5c5ce6d56a8f6,嗑滿 call man | cafe & restaurant-中和義式餐廳|永和義式披薩|義大利麵首選|外帶義大利麵|寵物友善餐廳|早午餐|必吃義大利麵|親子友善餐廳|平價義大利麵,周思思（小猫）,,5,第一次來這邊，看評價不錯，結果實物CP值超過我的想像，雙人套餐份量十足，兩個大人帶一個小孩，這樣也可以吃的很飽，評論送蒜味薯條，份量跟套餐裡面的大小一樣，我驚訝的是沙拉，這麼大盤，就是菜單上面單點的大小，真心推薦。,https://www.google.com/maps/reviews/data=!4m8!14m7!1m6!2m5!1sChZDSUhNMG9nS0VJQ0FnSUQtdWZfck5nEAE!2m1!1s0x0:0x1b4959be6ef3b34d!3m1!1s2@1:CIHM0ogKEICAgID-uf_rNg%7C%7C?hl=zh-TW,sponsored,latest_annotation,2026-06-23T13:31:32.051165+00:00
30d0216f3d55ef4f63cd7b62,基隆簡家蚵仔煎,Puffy,,5,蚵仔煎醬好吃，五星評論送燒賣一顆,https://www.google.com/maps/reviews/data=!4m8!14m7!1m6!2m5!1sCi9DQUlRQUNvZENodHljRjlvT2tsd1lWcENWWFJWZEdobVJuRkRiWEl0UzNWM1JGRRAB!2m1!1s0x0:0xb46b1f6ea255da9f!3m1!1s2@1:CAIQACodChtycF9oOklwYVpCVXRVdGhmRnFDbXItS3V3RFE%7C%7C?hl=zh-TW,sponsored,latest_annotation,2026-06-23T14:27:31.623892+00:00
3adf23ab032bf195fd5080b3,基隆簡家蚵仔煎,Eve Chan (hychan),,4,"其實我本來是想吃阿本燒賣的，但因為蚵仔煎，就換來吃簡家。還好蚵仔煎依然好吃。店門看來有整理過，明亮整齊。點餐付款後，餐券放桌上，會有阿姨喊號碼舉手他就送你桌上了。

基隆的蚵仔煎，除了廟口的我從小吃到大之外，簡家是我比較會吃的店，少數有廟口蚵仔煎影子的，跟台北的不一樣的，除了剛上桌時整體看來比較“完整不糊爛”之外，醬就是不一樣，可能是因為少了那勾芡的粉紅色的醬的關係吧，那蒜蓉醬油第一口可能稍鹹，後面搭配裡面沒醬的部分就會順口了。對了，辣醬應該是基隆三寶丸進辣椒醬。

燒賣兩顆35，我本來想說點一顆，聽到大姐說一顆20兩顆35，我怕吃不下糾結了，大姐很貼心的說可以先點一顆，加點我算你優惠。但我還是直接點了兩顆，沒有用那個五星打卡送燒賣的優惠。是說這兒的燒賣口感空虛了點，平常我吃基隆大燒賣都是很紮實的一顆，稍稍失望。",https://www.google.com/maps/reviews/data=!4m8!14m7!1m6!2m5!1sCi9DQUlRQUNvZENodHljRjlvT201VGMyTjZUR3BDU21kWmVIbExjamQxTTFGeGRYYxAB!2m1!1s0x0:0xb46b1f6ea255da9f!3m1!1s2@1:CAIQACodChtycF9oOm5Tc2N6TGpCSmdZeHlLcjd1M1FxdXc%7C%7C?hl=zh-TW,sponsored,latest_annotation,2026-06-23T14:31:04.2974+00:00
41cd0fb2bbd07cdcc9a39198,基隆簡家蚵仔煎,猛男超甜,,5,"非常好吃的基隆燒賣
又大肉餡又滿
一顆下去非常滿足
蚵仔煎也好吃皮有脆
價錢實惠的小吃店
超甜！！

想知道更多好吃的IG搜尋超甜猛男",https://www.google.com/maps/reviews/data=!4m8!14m7!1m6!2m5!1sChZDSUhNMG9nS0VJQ0FnTURJMG9mV2F3EAE!2m1!1s0x0:0xb46b1f6ea255da9f!3m1!1s2@1:CIHM0ogKEICAgMDI0ofWaw%7C%7C?hl=zh-TW,sponsored,latest_annotation,2026-06-23T14:22:09.543235+00:00
563c5fe4e9940124cf2cbecf,基隆簡家蚵仔煎,Oreo888,,5,"燒賣👍🏻👍🏻
好吃，是基隆特有的燒賣，很大顆，魚漿味濃，基隆有賣的小吃店也不多，大多要去市場買，猜測外縣市應該也吃不太到？

五星好評有送一顆燒賣

蚵仔煎👌🏻
蚵仔煎本身跟醬料都很普通，不是好吃的古早味，燒賣跟咖哩飯更值得點",https://www.google.com/maps/reviews/data=!4m8!14m7!1m6!2m5!1sCi9DQUlRQUNvZENodHljRjlvT25sd2IzQjNSSE52VXpCSWJFRnJYMWw1ZVRWMk9VRRAB!2m1!1s0x0:0xb46b1f6ea255da9f!3m1!1s2@1:CAIQACodChtycF9oOnlwb3B3RHNvUzBIbEFrX1l5eTV2OUE%7C%7C?hl=zh-TW,sponsored,latest_annotation,2026-06-23T14:27:51.360281+00:00
5fa63ac756f17e127586746f,基隆簡家蚵仔煎,ANDY0904,,5,打卡送燒賣,https://www.google.com/maps/reviews/data=!4m8!14m7!1m6!2m5!1sCi9DQUlRQUNvZENodHljRjlvT2pOT1ZGVkhaMFJKWlZVMmRuRjBaRU5oUVdJd09WRRAB!2m1!1s0x0:0xb46b1f6ea255da9f!3m1!1s2@1:CAIQACodChtycF9oOjNOVFVHZ0RJZVU2dnF0ZENhQWIwOVE%7C%7C?hl=zh-TW,sponsored,latest_annotation,2026-06-23T14:32:11.967898+00:00
7309ef49b76bbab17b625f58,基隆簡家蚵仔煎,Long Li,,4,我來吃燒賣,https://www.google.com/maps/reviews/data=!4m8!14m7!1m6!2m5!1sCi9DQUlRQUNvZENodHljRjlvT20xMWVqUXpYMnh2V1c1TlpVSlVhVGMwVkdwMFlXYxAB!2m1!1s0x0:0xb46b1f6ea255da9f!3m1!1s2@1:CAIQACodChtycF9oOm11ejQzX2xvWW5NZUJUaTc0VGp0YWc%7C%7C?hl=zh-TW,sponsored,latest_annotation,2026-06-23T14:28:53.38641+00:00
8dc791aefb9d12fa89138703,基隆簡家蚵仔煎,kidson hung,,4,"蚵仔煎不錯吃蚵仔大顆
打卡送一顆燒賣",https://www.google.com/maps/reviews/data=!4m8!14m7!1m6!2m5!1sCi9DQUlRQUNvZENodHljRjlvT2psR1FXVnBXVVpMYkZaQlkxOW5ObkpZU2pWUk1HYxAB!2m1!1s0x0:0xb46b1f6ea255da9f!3m1!1s2@1:CAIQACodChtycF9oOjlGQWVpWUZLbFZBY19nNnJYSjVRMGc%7C%7C?hl=zh-TW,sponsored,latest_annotation,2026-06-23T14:24:53.77814+00:00
9ad3c6016ddb25b866aaa2aa,基隆簡家蚵仔煎,唐浩智,,3,"價格偏貴，但可以吹冷氣還可以刷卡開發票勉強給過，蚵仔算肥份量OK,醬料蠻普通，燒賣很稀疏不夠紮實，比市場賣的差品，排骨酥也很普通份量少又小，點餐區設在外面熱死人結帳手腳慢，出餐也慢，已經變成觀光店了，雖然五顆星有送燒賣，但好像也沒人使用哈哈",https://www.google.com/maps/reviews/data=!4m8!14m7!1m6!2m5!1sCi9DQUlRQUNvZENodHljRjlvT25CcmN6ZElSM2hFY1VsNlNuQjFiMmQzZWxWQk5VRRAB!2m1!1s0x0:0xb46b1f6ea255da9f!3m1!1s2@1:CAIQACodChtycF9oOnBrczdIR3hEcUl6SnB1b2d3elVBNUE%7C%7C?hl=zh-TW,sponsored,latest_annotation,2026-06-23T14:18:57.066955+00:00
adeec3164f169aba2e4117f3,基隆簡家蚵仔煎,hsuan Fu,,5,"食物種類多樣，但整體上味道偏鹹
打卡送燒賣！謝謝老闆",https://www.google.com/maps/reviews/data=!4m8!14m7!1m6!2m5!1sCi9DQUlRQUNvZENodHljRjlvT2xkS1lsbzFhMjVSZUdwTGFGVkpaRjl4ZFc5YWFtYxAB!2m1!1s0x0:0xb46b1f6ea255da9f!3m1!1s2@1:CAIQACodChtycF9oOldKYlo1a25ReGpLaFVJZF9xdW9aamc%7C%7C?hl=zh-TW,sponsored,latest_annotation,2026-06-23T14:24:59.850832+00:00
c60e452e9126f89e37c7a832,基隆簡家蚵仔煎,George Lin,,5,五星打卡送一顆大燒賣,https://www.google.com/maps/reviews/data=!4m8!14m7!1m6!2m5!1sCi9DQUlRQUNvZENodHljRjlvT2xwaWFGbGtjekJoU1hoMVRFRkViM2x5TjBZd1FVRRAB!2m1!1s0x0:0xb46b1f6ea255da9f!3m1!1s2@1:CAIQACodChtycF9oOlpiaFlkczBhSXh1TEFEb3lyN0YwQUE%7C%7C?hl=zh-TW,sponsored,latest_annotation,2026-06-23T14:30:29.922123+00:00
e0a6936c160883d99adfd6cb,基隆簡家蚵仔煎,Robin Lee,,3,"品項不少，有蚵仔煎、燒賣、米糕、麵、湯及各式小菜。

店內座位多，大部分店員客氣，並接受多種支付方式。

菜色口味差強人意，蚵仔煎醬汁有點鹹。

店家有五星好評送餐點的行為，可能會影響評論可信度。",https://www.google.com/maps/reviews/data=!4m8!14m7!1m6!2m5!1sCi9DQUlRQUNvZENodHljRjlvT2xwbmIxbENMVVJ1UVVWd1ZIaExURVI0TjFsWldrRRAB!2m1!1s0x0:0xb46b1f6ea255da9f!3m1!1s2@1:CAIQACodChtycF9oOlpnb1lCLURuQUVwVHhLTER4N1lZWkE%7C%7C?hl=zh-TW,sponsored,latest_annotation,2026-06-23T14:26:48.800506+00:00
e4ea854e2efde998d3f513f9,基隆簡家蚵仔煎,葉力瑞,,5,打卡五星評論送大燒賣，讚👍,https://www.google.com/maps/reviews/data=!4m8!14m7!1m6!2m5!1sCi9DQUlRQUNvZENodHljRjlvT2tobFUzSkpZMmQ1VjBsRGVucGlTVzVOY21ReWJYYxAB!2m1!1s0x0:0xb46b1f6ea255da9f!3m1!1s2@1:CAIQACodChtycF9oOkhlU3JJY2d5V0lDenpiSW5NcmQybXc%7C%7C?hl=zh-TW,sponsored,latest_annotation,2026-06-23T14:21:50.8592+00:00
f7c5fcce26b4923a4dd6b463,基隆簡家蚵仔煎,Paul Lin,,2,"假日下午到訪，內用沒有人可直接入座，採點餐後先至櫃檯結帳。

二人用餐，點了一個蚵仔煎、燒賣、筒仔米糕、吉古拉，唯獨蚵仔煎是熱的，其他都溫至涼，尤其是燒賣是冷的，且有骨頭要注意。

整體來說，不用刻意到訪也是不會再訪的店家，唯獨好處是支付方式多元。

備註：目前有評論5星送燒賣活動！",https://www.google.com/maps/reviews/data=!4m8!14m7!1m6!2m5!1sCi9DQUlRQUNvZENodHljRjlvT2pGUFJGODRNRGcwVUhWU1ZsQjFWR2cwVm1ONmVYYxAB!2m1!1s0x0:0xb46b1f6ea255da9f!3m1!1s2@1:CAIQACodChtycF9oOjFPRF84MDg0UHVSVlB1VGg0VmN6eXc%7C%7C?hl=zh-TW,sponsored,latest_annotation,2026-06-23T14:27:40.091504+00:00
85d8bbbc5c2567de4cdc1981,天天鮮排骨飯,Tony Lu,,5,"隨著最近大勢台劇《八尺門的辯護人》暴紅，劇中出現的基隆美食，更是受到眼尖影迷們的關注！尤其是這家本身就擁有超高人氣的「天天鮮排骨飯」，不僅是在地熱賣40多年的老字號，即使隱身巷弄，仍然夯到天天排爆，難怪被封為「孝三路四大天王」之一！店家主打酥脆排骨＋爆量蝦仁飯，再搭半熟蛋的超罪惡吃法，美味程度讓《食尚玩家》部落客都大讚！快快來去踩點一下吧～
資料來源：TVBS網站。",https://www.google.com/maps/reviews/data=!4m8!14m7!1m6!2m5!1sCi9DQUlRQUNvZENodHljRjlvT25OSWJuQlllbXRQU1ZOaWFIUlZOa1pZU0hBNE1GRRAB!2m1!1s0x0:0xe7f77ca7fcd28b54!3m1!1s2@1:CAIQACodChtycF9oOnNIbnBYemtPSVNiaHRVNkZYSHA4MFE%7C%7C?hl=zh-TW,sponsored,latest_annotation,2026-04-27T09:15:31.634283+00:00
143981ed4d02005eb4dd90b0,姥沙四川麻辣鍋,林卡拉,,5,"在地人激推的《姥沙四川麻辣鍋》位於基隆市孝一路2樓，店內裡面擺滿各種東方風的裝飾，且整體的內用空間相當寬敞，動線順暢，用餐環境相當舒適。

今天Cala點的是酸菜魚鴛鴦鍋套餐，麻辣湯底使用多種辣椒、胡椒跟花椒，搭配中藥材製成，醇厚有層次感，招牌四川麻辣鍋的鴨血豆腐更是免費加到開心🥳

吃過那麼多酸菜魚，姥沙的酸菜魚是讓人驚艷的，鱸魚超新鮮厚實Q彈，還經過油煎程序，香氣十足，酸菜也是酸辣帶勁，湯內的粉絲跟肉片充分吸附酸辣的湯汁，自己再加入食材烹煮，更是層次滿滿。",https://www.google.com/maps/reviews/data=!4m8!14m7!1m6!2m5!1sChdDSUhNMG9nS0VJQ0FnSUQ3aEtPTy1BRRAB!2m1!1s0x0:0xe71e4c627279510!3m1!1s2@1:CIHM0ogKEICAgID7hKOO-AE%7C%7C?hl=zh-TW,sponsored,latest_annotation,2026-05-31T17:24:14.868164+00:00
651dd3ae7798964dcf239149,姥沙四川麻辣鍋,For this age,,5,"▪️頂級雙人套餐  ɴᴛᴅ1420

鴛鴦鍋的湯底我們選了「老四川麻辣」+「酸菜白肉」，同時滿足愛辣與怕辣的人。麻辣湯底的鴨血豆腐可以無限續加，香麻辣卻不會嗆口，很溫順。鴨血軟嫩入味，豆腐也是吸飽了湯汁。酸菜鍋酸度很夠，超開胃！

肉品可以選兩樣，點了「美國霜降牛」和「澳洲羊肩」。麻辣鍋搭配肉質偏嫩、雪花滿布的霜降牛簡直極品，入口後牛肉的脂肪在嘴中融化散發。羊肩肉質鮮嫩細緻，無腥羶味。

鯛魚肉質鮮嫩，蝦肉鮮甜彈牙，蛤蠣飽滿有湯汁，這一道海鮮拼盤，每種食材吃進嘴裡，都能吃得到海味的鮮美。

蔬菜六選二，火鍋料也有日式和台式可以擇一。好喜歡日式盛味的那個福袋～店家打卡禮的手工蝦滑Q脆有彈性，放在辣味鍋裡煮一下，既吸收了麻辣香，又不會太辣，口感跟味道都很ok。

飯後甜點的部分，有提供紅豆湯、明治冰淇淋以及文山包種茶。

用餐環境寬敞舒適，新中式的裝潢復古又時尚。服務周到，店員巡桌時會主動詢問要不要加湯，加料也很大方，一鍋加滿。並且雙人套餐現在還有特價，我覺得CP值很讚～

IG🔍1eat2drink3shoot看更多美食喔✨",https://www.google.com/maps/reviews/data=!4m8!14m7!1m6!2m5!1sChdDSUhNMG9nS0VJQ0FnSURPajhlR3pBRRAB!2m1!1s0x0:0xe71e4c627279510!3m1!1s2@1:CIHM0ogKEICAgIDOj8eGzAE%7C%7C?hl=zh-TW,sponsored,latest_annotation,2026-05-31T17:28:33.48705+00:00
7490a96ad096428821839380,姥沙四川麻辣鍋,Mavis Y.,,5,"麻辣鍋湯頭很香味道十足，白湯的部分我們選擇的是原味蔬菜也很清甜。
麻辣鍋底的鴨血跟豆腐可以無限續 ，鴨血滷的十分入味有中藥的香氣，豆腐也滷的很透，
消費可以選擇套餐也能單點，我們今天選擇兩人套餐$899，肉品六選二，蔬菜菇類也可以搭配著選，還有海鮮四五樣可以選，個人認為cp值很高很推薦當地基隆的朋友來吃吃看（頗有水準的麻辣鍋啊）雖然店小小的但從上樓梯裝潢的細節古色古香的，整場吃下來心情挺舒服的，對了！打卡還送蝦漿一份喔😆👍
結帳時跟店員聊天，原來他們是市區丸山涮涮鍋同老闆啊，難怪品質不錯，大推😋👍",https://www.google.com/maps/reviews/data=!4m8!14m7!1m6!2m5!1sChdDSUhNMG9nS0VJQ0FnSUQtMk43M2tBRRAB!2m1!1s0x0:0xe71e4c627279510!3m1!1s2@1:CIHM0ogKEICAgID-2N73kAE%7C%7C?hl=zh-TW,sponsored,latest_annotation,2026-05-31T17:27:48.084301+00:00
90cb2dfb67f0de2ba27c4a21,姥沙四川麻辣鍋,安妮Anny,,5,"自助部分有沾醬台與飲料甜點區
提供明治冰淇淋、紅豆湯與文山包種茶無限取用
這次是點兩人套餐，也有許多單點

他們的招牌麻辣鍋絕對是必點
味道層次豐富，入口時會覺得溫潤，漸漸辣味竄出、後勁很強
但不會讓你感覺嗆辣，反而是充斥各種香氣的舒服麻辣

若不愛吃辣的朋友，推薦這鍋養生帝王雞！
除了甘醇的雞湯香氣外，還有層豐厚的清甜味疊在裡頭
雖放入中藥材煮製，但同時加了蔬菜包熬煮調和，因此沒有強烈的藥膳感

他們的豬頸花有嚇到我，好好吃！油花分布細緻均勻
不僅香氣豐厚、口感居然有些脆彈，鮮甜味十足！

打卡還會贈送蝦滑～我原本想說蝦滑還好，但送的就吃吃看
一吃便很愛！蝦味超級濃郁，口感Q彈爽脆，非常好吃！",https://www.google.com/maps/reviews/data=!4m8!14m7!1m6!2m5!1sChdDSUhNMG9nS0VJQ0FnSUNCeHJTRjJBRRAB!2m1!1s0x0:0xe71e4c627279510!3m1!1s2@1:CIHM0ogKEICAgICBxrSF2AE%7C%7C?hl=zh-TW,sponsored,latest_annotation,2026-05-31T17:24:59.367076+00:00
71d6f4c4be182e11a07816e3,安樓咖啡 (Enzo Cafe),Meng Yao Lin,,5,"住安樓文旅寫評論可以換一杯飲品，出示住宿證明餐點能打88折。

這次點了玫瑰拿鐵，溫度剛好不會燙，喝起來很順口；另外還點了提拉米蘇，美味可口，讚！",https://www.google.com/maps/reviews/data=!4m8!14m7!1m6!2m5!1sChdDSUhNMG9nS0VPYTlfdWpRa2RuZWpRRRAB!2m1!1s0x0:0x247b150ff20127e9!3m1!1s2@1:CIHM0ogKEOa9_ujQkdnejQE%7C%7C?hl=zh-TW,sponsored,latest_annotation,2026-05-04T07:38:18.307254+00:00
21af38a659f62939725a5ca9,小船故事館Ｉ桌遊咖啡廳（桌遊教學、獨立包廂、辦公空間）,李虹諭이홍유,,5,意外發現的愛店🥳走的是民國復古風 環境都很舒適 還有可愛的店狗🐶司康超爆好吃的！！現在google評論就有送一顆耶太棒了吧❗️好店快來不來會後悔喔😍😍😍,https://www.google.com/maps/reviews/data=!4m8!14m7!1m6!2m5!1sChZDSUhNMG9nS0VJQ0FnSUQ2LWZmNUxREAE!2m1!1s0x0:0x53c3619d3c95c6b0!3m1!1s2@1:CIHM0ogKEICAgID6-ff5LQ%7C%7C?hl=zh-TW,sponsored,latest_annotation,2026-05-26T09:45:32.582706+00:00
14f84214605951ffd369a137,小葛廚房,Pingnan Chiu,,5,"IG:chiuku.ben

$210貝果德腸拼盤
$280芝麻葉藍莓雞肉帕尼尼
---
北屯區有點隱密的一間早午餐店，被巨大的樹擋住視線整體建築外觀有許多植物纏繞，門前又剛好種很多蕨類植物非常不顯眼的社區小店，店內是水泥牆、木頭與植物的組合，跟店家主打的天然食材一樣的概念。
⁡
🔹 貝果德腸拼盤:貝果是店家手工做出來的，沒有任何添加料強調全天然酵母其他麻葉生菜來自南投埔里，比較特別是第一次看到早午餐有配非基改豆腐有三種醬最推薦「焦糖栗子乳酪」
⁡
🔹 芝麻葉藍莓雞肉帕尼尼:帕尼尼麵包也是天然酵母製成，咬起來酥酥脆脆，裡面還有起司與藍莓醬甜與鹹的層次交叉",https://www.google.com/maps/reviews/data=!4m8!14m7!1m6!2m5!1sChdDSUhNMG9nS0VJQ0FnSURXc2JDX3R3RRAB!2m1!1s0x0:0x466ff675fa96cd34!3m1!1s2@1:CIHM0ogKEICAgIDWsbC_twE%7C%7C?hl=zh-TW,sponsored,latest_annotation,2026-05-04T08:22:02.287354+00:00
7af0bfde2cb417fcb9ca3752,小葛廚房,HUANGㄩㄐ,,4,"家裡附近的愛店
咖啡很好喝（跟Coffee Stopover進貨）
餐點也很好吃
就是價格比較高一些
但定期還是會回訪",https://www.google.com/maps/reviews/data=!4m8!14m7!1m6!2m5!1sChZDSUhNMG9nS0VJQ0FnTURvbGZ6ak1BEAE!2m1!1s0x0:0x466ff675fa96cd34!3m1!1s2@1:CIHM0ogKEICAgMDolfzjMA%7C%7C?hl=zh-TW,sponsored,latest_annotation,2026-05-04T08:22:22.125056+00:00
0e1e06fe746b7526214df66d,小鴨片,Claire Huang,,5,五星好評送小菜，還不錯吃.,https://www.google.com/maps/reviews/data=!4m8!14m7!1m6!2m5!1sCi9DQUlRQUNvZENodHljRjlvT2w5aFltNVpZVFl5TUY4Mk0yWkxkVmt4WHpWQllWRRAB!2m1!1s0x0:0x515ce2a573daaa6e!3m1!1s2@1:CAIQACodChtycF9oOl9hYm5ZYTYyMF82M2ZLdVkxXzVBYVE%7C%7C?hl=zh-TW,sponsored,latest_annotation,2026-04-26T19:28:37.617514+00:00
417ddbd84e5efed2f6410861,小鴨片,龍眼肉,,5,"Ig:rourou2_2
今天分享詢問度很高的小鴨片，相信台中人都不陌生，這個地址就是以前的鴨片館，鴨片館換到新地方後這邊就變成小鴨片，沒更新到資訊的人還是可以外帶烤鴨，超級棒! 👉🏻小鴨片有6種套餐，這次點了一號餐-全ㄚ + 大醬爆 $600
全ㄚ套餐配料有小黃瓜、蔥段、甜麵醬、荷葉餅 12張，貼心的是，小鴨片使用紙盒取代塑膠袋，對環境進了一份心力外，對於外帶的來說不怕壓到或是大包小包的。
外帶的紙盒分成了三個部分，左半部小黃瓜和蔥段、右半部則為主角片鴨、最後一個部分則是盒子下面一層的荷葉餅。充分的使用紙盒的空間，紙盒的上頭還有兩隻鴨子的氣孔，不怕裡面因為熱氣而濕掉，非常的可愛。
👉🏻#大醬爆
醬料鹹淡適中、炒過的肉不會硬，雖然為帶骨肉，但是肉還蠻多的，非常的ㄙㄨㄚˋ嘴，一塊接一塊真的不誇張。最後烤鴨還讓我家人帶回家了!他們說:醬料拌飯很香很好吃!
這次是和我爸媽來吃小鴨片，我們外帶後走到勤美吃烤鴨，除了運動外還可以來這邊當網美~~ 吃烤鴨的照片是我阿母拍的啦!看來還需要好好練習一下，家人說 回購率百分百，看來大家可以帶家人來吃小鴨片當孝女孝子了!!",https://www.google.com/maps/reviews/data=!4m8!14m7!1m6!2m5!1sChdDSUhNMG9nS0VJQ0FnSUNzNDl2c3RRRRAB!2m1!1s0x0:0x515ce2a573daaa6e!3m1!1s2@1:CIHM0ogKEICAgICs49vstQE%7C%7C?hl=zh-TW,sponsored,latest_annotation,2026-05-04T08:22:51.393372+00:00
7bb042a9ee72dc20cd65b4b9,小鴨片,陳妤甄,,5,打卡送小菜,https://www.google.com/maps/reviews/data=!4m8!14m7!1m6!2m5!1sCi9DQUlRQUNvZENodHljRjlvT2xCM2NVNTVYMFJ4ZUV0aE1sODFjSE01VEVGTGVYYxAB!2m1!1s0x0:0x515ce2a573daaa6e!3m1!1s2@1:CAIQACodChtycF9oOlB3cU55X0RxeEthMl81cHM5TEFLeXc%7C%7C?hl=zh-TW,sponsored,latest_annotation,2026-04-26T19:24:37.591064+00:00
8d8d512fd1ef0867971801c4,小鴨片,陳嘎嘎,,5,"IG:carol891018

鴨片館訂不到位子的捧油有福啦～他們現在推出了新品牌「小鴨片🦆」主打外帶的烤鴨🦆就算訂不到位子 來小鴨片也可以將好吃的烤鴨帶著走😋﻿
-﻿
店內的廚房屬於透明櫥窗半開放式 可以清楚看見師傅片鴨的過程🔪不僅看的開心👀也讓顧客吃的安心☺️﻿
﻿
-﻿
#醬爆鴨🦆 肉質非常軟嫩👍一打開袋子 直接香味撲鼻☺️蒜香味也非常濃厚 喜歡蒜味的捧油 這道一定要點來吃吃看﻿
﻿
-﻿
#鹽酥鴨🦆 炸的酥酥脆脆🤤鹹味適中 醃製超級入味👏🏻搭配九層塔的點綴 更提味🥰一定要熱熱吃最好吃❗️❗️冷掉雖然味道還是很棒 但是口感會偏硬 比較難咬😭﻿
﻿
-﻿
#烤鴨片🦆 烤到金黃的鴨皮色澤真的是讓人美哭了😭 不僅皮脆 肉質也很軟嫩 咬下去會有油脂在口中爆發的感覺🤪好罪惡阿😂 可以搭配餅皮和小黃瓜中和掉鴨油的油膩感～﻿
甜麵醬一入口感覺是鹹的 尾韻卻是甜的🤔很特別～﻿
﻿
-﻿
烤鴨片的外盒要好好稱讚一下👍👍外帶盒不僅美觀 連空間都運用的非常完善 食材不會在同一個空間晃來晃去 要吃的時候打開來還是美美的🥰盒子上面還有鴨子形狀的洞可以打開 才不會影響到鴨肉的口感👏🏻超級貼心耶❤️﻿
-﻿
4號餐➡️小醬爆+小鹽酥👉$640﻿
﻿",https://www.google.com/maps/reviews/data=!4m8!14m7!1m6!2m5!1sChdDSUhNMG9nS0VJQ0FnSUNzazRtMHBnRRAB!2m1!1s0x0:0x515ce2a573daaa6e!3m1!1s2@1:CIHM0ogKEICAgICsk4m0pgE%7C%7C?hl=zh-TW,sponsored,latest_annotation,2026-05-04T08:23:33.660755+00:00
90eeb227f2989df0981eb66f,小鴨片,郁萱,,5,打卡送小菜～點了四號餐，份量真的蠻多的～,https://www.google.com/maps/reviews/data=!4m8!14m7!1m6!2m5!1sCi9DQUlRQUNvZENodHljRjlvT2xkNFZrWkZSR2x4UmpBeFdIbG1iSFZHUmpBMmJXYxAB!2m1!1s0x0:0x515ce2a573daaa6e!3m1!1s2@1:CAIQACodChtycF9oOld4VkZFRGlxRjAxWHlmbHVGRjA2bWc%7C%7C?hl=zh-TW,sponsored,latest_annotation,2026-04-26T19:25:17.94884+00:00
0e5c2d8460757e62117f4b4c,屾沐Sunmood,Demi More (Healthy News),,5,"下午茶甜點（肉桂司康必點！核桃很多口感豐富邊脆中軟香）
view都很棒💯
餐點口味清淡健康、而且是五穀米🫶🏻
蔬菜量很夠，以外食、咖啡廳來說很少見👍🏻
點了油蔥雞& 泡菜豬的套餐
主觀認為油蔥雞勝、厚片的吐司普通
可能是假日的關係小朋友比較多又有盪鞦韆很興奮，所以聲音比較大😹
服務親切❤️願意在回訪
打卡有送溏心蛋，不過我還是認真評價一下☺️祝生意興隆",https://www.google.com/maps/reviews/data=!4m8!14m7!1m6!2m5!1sChdDSUhNMG9nS0VJQ0FnSURKNXB1RjFnRRAB!2m1!1s0x0:0x26619b34b9d95f94!3m1!1s2@1:CIHM0ogKEICAgIDJ5puF1gE%7C%7C?hl=zh-TW,sponsored,latest_annotation,2026-05-08T14:42:42.340917+00:00
3379492bccd500726090c2bd,屾沐Sunmood,蘇玲慧,,5,環境舒適、氣氛溫馨、服務親切、餐點可口，打卡送溏心蛋呦！,https://www.google.com/maps/reviews/data=!4m8!14m7!1m6!2m5!1sChZDSUhNMG9nS0VJQ0FnSUNKNDV5SmFREAE!2m1!1s0x0:0x26619b34b9d95f94!3m1!1s2@1:CIHM0ogKEICAgICJ45yJaQ%7C%7C?hl=zh-TW,sponsored,latest_annotation,2026-05-08T14:48:07.938684+00:00
3ccd704189ecaa87f87569a8,川崎拉麵,小喜,,5,"一開始覺得沒有非常平價
但是！這邊的價錢都是套餐的！
有附麵包（可以續）、沙拉和濃湯！
這樣算起來就滿划算的
另外，還可以打卡送肉肉
牛肉真的滿推的～
可以來嘗試看看～",https://www.google.com/maps/reviews/data=!4m8!14m7!1m6!2m5!1sChZDSUhNMG9nS0VJQ0FnSUNPbzhmMlZBEAE!2m1!1s0x0:0x4e9cd2a9248d9063!3m1!1s2@1:CIHM0ogKEICAgICOo8f2VA%7C%7C?hl=zh-TW,sponsored,latest_annotation,2026-04-26T19:31:02.203002+00:00
3ee128a599a7e4c20357f4c9,川崎拉麵,Amanda Chang,,5,"平日“限定王”打卡買一送一真的挺划算的。
飲料和冰淇淋可自行取用，都很好吃喔！麵跟湯頭都挺好的，雖然是偏台式口味，但我覺得CP值還挺高的。",https://www.google.com/maps/reviews/data=!4m8!14m7!1m6!2m5!1sChdDSUhNMG9nS0VJQ0FnSUQ2ODVlMzNBRRAB!2m1!1s0x0:0x4e9cd2a9248d9063!3m1!1s2@1:CIHM0ogKEICAgID685e33AE%7C%7C?hl=zh-TW,sponsored,latest_annotation,2026-04-26T19:33:38.230495+00:00
aa592e2a326a4eb98bb4bfed,川崎拉麵,Ni kki,,4,"年魔王拉麵打卡買一送一
2碗268還蠻划算的。但我的麵漏了溏心蛋😂
豆腐炸的不錯但沒有沾醬感覺好像少了點什麼",https://www.google.com/maps/reviews/data=!4m8!14m7!1m6!2m5!1sChdDSUhNMG9nS0VJQ0FnSUQ2bEk3NndnRRAB!2m1!1s0x0:0x4e9cd2a9248d9063!3m1!1s2@1:CIHM0ogKEICAgID6lI76wgE%7C%7C?hl=zh-TW,sponsored,resolution,2026-05-04T13:52:58.594216+00:00
b859de65d1b01f601c583671,川崎拉麵,David Lin,,4,"基本不錯。
第一次來，理論上應該先嚐嚐基本口味，但被打卡買一送一活動所迷惑，點了“牛魔王套餐”，炸豆腐及炸豬排。

牛魔王套餐（268、FB打卡買一送一），滷牛腱滷的功夫一流，非常軟嫩，足夠入味又不會過於掩蓋牛腱或是湯頭的滋味，厲害！搭配濃郁的湯頭，日式拉麵不可或缺的糖心蛋、筍乾及海苔（三種都很好吃），很棒。
麵條有三種選擇：拉麵、捲麵跟粗麵，今天點了拉麵及捲麵，拉麵偏細麵，口味不錯但口感略顯不足；捲麵有點不夠熟，有點可惜。
辣度有小辣、中辣、大辣三種選擇，小辣就有一定的辣度，不敢吃辣的朋友要注意。
小菜有點弱，豆芽菜跟毛豆。

炸豆腐（80元），炸的皮脆心軟，功夫不錯，搭配柴魚片，好吃。一般醬汁都會另外附，沒有看到感覺不太習慣。
炸豬排（90元），搭配胡椒鹽及美乃滋，好吃。

平日的中午來吃，沒什麼人。整體感覺不錯，口味、裝潢、上菜速度都不錯，基本的麵168，牛魔王拉麵268、蛤蠣王拉麵268、蝦王拉麵328，還有炸物及小菜感覺價格略高。",https://www.google.com/maps/reviews/data=!4m8!14m7!1m6!2m5!1sChdDSUhNMG9nS0VJQ0FnSUNXbHQyTnBnRRAB!2m1!1s0x0:0x4e9cd2a9248d9063!3m1!1s2@1:CIHM0ogKEICAgICWlt2NpgE%7C%7C?hl=zh-TW,sponsored,resolution,2026-05-04T13:55:19.858553+00:00
dfc8669b53df45547650746d,川崎拉麵,Kyle Chang,,5,平日學生免費加麵，三碗送一晚，加上稀有的泰國明果冰淇淋，環境寬大舒服，有時還有打卡買一送一活動，根本這附近拉麵cp值之王,https://www.google.com/maps/reviews/data=!4m8!14m7!1m6!2m5!1sChZDSUhNMG9nS0VJQ0FnSUM2bnM2QlRnEAE!2m1!1s0x0:0x4e9cd2a9248d9063!3m1!1s2@1:CIHM0ogKEICAgIC6ns6BTg%7C%7C?hl=zh-TW,sponsored,resolution,2026-05-04T13:57:04.139521+00:00
20b9e74b530c86219c7aacd3,愛一35火鍋銅盤烤肉,徐天安,,5,"現在打卡還有送氣球布丁喔！
推薦酸菜白肉鍋湯底與芝麻沾醬，讚！

商業午餐399加一成，一個人吃完火鍋第一輪就覺得有7，8分飽了，可惜烤肉沒時間繼續下去。

前場服務很有禮貌，環境與設備也許不是最新，但食材新鮮度夠，整體CP值頗高，值得一試！",https://www.google.com/maps/reviews/data=!4m8!14m7!1m6!2m5!1sChdDSUhNMG9nS0VJQ0FnSURHNlp5QzRBRRAB!2m1!1s0x0:0xccc9bb07d1d30cf0!3m1!1s2@1:CIHM0ogKEICAgIDG6ZyC4AE%7C%7C?hl=zh-TW,sponsored,latest_annotation,2026-05-31T10:35:08.571679+00:00
47cba0277f5d20c2871646d8,愛一35火鍋銅盤烤肉,陳怡汝,,5,"菜單有微調整多而且599～699價位火烤兩吃～真不錯
打卡送氣球布丁🎈🎈🎈",https://www.google.com/maps/reviews/data=!4m8!14m7!1m6!2m5!1sCi9DQUlRQUNvZENodHljRjlvT25sWlRuSlNkVTFHV0hGSWFYRldhbFkxVW1oRlpXYxAB!2m1!1s0x0:0xccc9bb07d1d30cf0!3m1!1s2@1:CAIQACodChtycF9oOnlZTnJSdU1GWHFIaXFWalY1UmhFZWc%7C%7C?hl=zh-TW,sponsored,latest_annotation,2026-05-31T10:15:35.040288+00:00
7035c41209029b0a9391f32c,愛一35火鍋銅盤烤肉,Owen Li,,5,火鍋料都很新鮮實在，點餐食材都有一定水準，有附海鮮，品質都不錯，Google評論還送氣球布丁，cp值高，值得再度光臨。,https://www.google.com/maps/reviews/data=!4m8!14m7!1m6!2m5!1sChdDSUhNMG9nS0VKX3BtN1NlMHVQaXNBRRAB!2m1!1s0x0:0xccc9bb07d1d30cf0!3m1!1s2@1:CIHM0ogKEJ_pm7Se0uPisAE%7C%7C?hl=zh-TW,sponsored,latest_annotation,2026-05-31T10:38:02.583901+00:00
a10cfe98a99d52a18e50cc08,愛一35火鍋銅盤烤肉,Sean Chan,,5,火鍋料都很新鮮實在，點餐食材都有一定水準，也有附海鮮，蛤蜊拿來煮湯很鮮甜，火烤兩吃烤肉可以換換口味，咖啡冷飲一應俱全，也有冰淇淋，品質都不錯，Google評論還送氣球布丁，cp值極高，值得再度光臨。,https://www.google.com/maps/reviews/data=!4m8!14m7!1m6!2m5!1sChdDSUhNMG9nS0VJQ0FnSURfc3RlTnBnRRAB!2m1!1s0x0:0xccc9bb07d1d30cf0!3m1!1s2@1:CIHM0ogKEICAgID_steNpgE%7C%7C?hl=zh-TW,sponsored,latest_annotation,2026-05-31T10:37:42.81501+00:00
aca8eb6f3597a3ff15f0f381,愛一35火鍋銅盤烤肉,陳姿蓉,,5,"CP值高，能同時吃烤肉+火鍋，大愛❤️❤️
打卡送氣球奶酪 超級好吃",https://www.google.com/maps/reviews/data=!4m8!14m7!1m6!2m5!1sChdDSUhNMG9nS0VJQ0FnSURfNnJQRmdRRRAB!2m1!1s0x0:0xccc9bb07d1d30cf0!3m1!1s2@1:CIHM0ogKEICAgID_6rPFgQE%7C%7C?hl=zh-TW,sponsored,latest_annotation,2026-05-31T10:15:36.960057+00:00
d95d91a2e1113b2df9c28906,愛一35火鍋銅盤烤肉,洪銘欽,,5,打卡有送告白氣球布丁,https://www.google.com/maps/reviews/data=!4m8!14m7!1m6!2m5!1sCi9DQUlRQUNvZENodHljRjlvT2t4bGN6bDNNMWMzUW1VM2QyOHRkblo0Y1hNdFNYYxAB!2m1!1s0x0:0xccc9bb07d1d30cf0!3m1!1s2@1:CAIQACodChtycF9oOkxlczl3M1c3QmU3d28tdnZ4cXMtSXc%7C%7C?hl=zh-TW,sponsored,latest_annotation,2026-05-31T10:16:33.722763+00:00
da1da98b2bee6869e9974d16,愛一35火鍋銅盤烤肉,克麗亞,,5,冬雨綿綿寒風中吃一頓美味的火烤兩吃特别舒服溫飽，黄光氛圍下好溫馨，服務生小妹妹可愛又有禮貌 服務佳。音樂搖滾很有活力。有送告白氣球喔！,https://www.google.com/maps/reviews/data=!4m8!14m7!1m6!2m5!1sCi9DQUlRQUNvZENodHljRjlvT25ONGRXaE5VblF3U25wVVNWTnNiVzVzU1RKbVkxRRAB!2m1!1s0x0:0xccc9bb07d1d30cf0!3m1!1s2@1:CAIQACodChtycF9oOnN4dWhNUnQwSnpUSVNsbW5sSTJmY1E%7C%7C?hl=zh-TW,sponsored,latest_annotation,2026-05-31T10:35:40.486245+00:00
da5d8e6738b198b09e4f3ecd,愛一35火鍋銅盤烤肉,張博淳,,5,"一家好吃，基隆市cp極高的吃到飽燒烤餐廳
價位平日才505，海鮮相當好吃，尤其是鯛魚片，魷魚等。
有火鍋，食材相當新鮮，麻辣湯頭入味。有燒烤，肉類完全沒有不新鮮的血水。肉類應有盡有，豬牛羊雞魚海鮮都很新鮮，吃起來也好吃。
燒烤的火兩小時都超大，肉類一下就熟了，烤紙也一直換，完全可以吃到極飽。上菜上肉也很迅速，一定吃的飽。兩小時才到最後加點，完全不趕人，服務生態度也極好，超級讚。
冰淇淋是meji經典的草莓巧克力等口味，沒有怪怪的口味，很好吃。
最後打卡送了一個氣球蛋糕，第一次看到這種造型，真是相當的有創意。

最重要的是，環境相當整潔乾淨，更完全沒有燒烤會有的煙薰臭味。
這是一家一定會再光顧的好餐廳。",https://www.google.com/maps/reviews/data=!4m8!14m7!1m6!2m5!1sChdDSUhNMG9nS0VJQ0FnSUNlXy0yNW53RRAB!2m1!1s0x0:0xccc9bb07d1d30cf0!3m1!1s2@1:CIHM0ogKEICAgICe_-25nwE%7C%7C?hl=zh-TW,sponsored,latest_annotation,2026-05-31T10:35:18.0794+00:00
dcf13c581824767fec1f94ed,愛一35火鍋銅盤烤肉,R,,5,"總結放前面XD:
食物好吃/餐廳員工友善、態度好、服務佳、應變能力棒、極致貼心！

一、食物：5🌟
（一）火烤兩吃！（cp值超高！），火鍋還是鴛鴦鍋，有多種湯底可以選擇！這次選酸菜及麻辣鍋底，都非常夠味、好吃😋
（二）肉質說不上驚艷，但是以這個價位來說絕對是非常值回票價了！！！蔬菜、火鍋料、飲料、冰淇淋採自助式自取，提供生食自取的部分有兩種豬肉（記得是招牌及韓式）、蝦、蛤蜊等（蛤蜊控的愛❤️很多現在吃到飽都要用點的，一次只給少少幾顆，真的沒什麼讓人想回去吃的吸引力，但這家直接讓你自由取用！👍），牛、雞、其他豬肉等就要用點的了，不過上餐速度很快，沒有問題～
（三）甜點也好吃～/打卡有送氣球布丁，非常的酷，戳破氣球吃裡面的布丁，非常有巧思的甜點，吃美食的同時遊戲體驗感十足😚（雖然打卡有送禮物，但它本身就值五星！）

二、餐廳環境：5🌟
座位有半包廂感、整理環境舒適、整潔，不會覺得跟鄰桌很近而擁擠！

三、員工：100🌟
1. 5/14平日晚間外場只有一位女員工（還是可能就只有她？），看著她補食材、忙東忙西…卻從沒因此而被忽略或影響我們用餐，每在我們想點餐時都找得到人，在點餐後也在合理的時間就收到了點的餐點/態度友善、親切!
2.我不小心被鐵板燙到了手，灼熱感讓我跟店員要了冰塊，店員貼心的幫我拿塑膠袋裝冰塊、還拿兩張後的紙巾讓我墊著，怕太冰，同時還替我拿店裡的燙傷藥上藥，在用餐過程中還幫我在冰塊融化後再次換一個新的給我，並且在我離開前，還幫我再上一次藥，並且叮囑我好好照顧，不要感染、起水泡🥹非常非常窩心！！！(好希望老闆替她加加薪💗）",https://www.google.com/maps/reviews/data=!4m8!14m7!1m6!2m5!1sChdDSUhNMG9nS0VOYURrb0RkdklQZ3RBRRAB!2m1!1s0x0:0xccc9bb07d1d30cf0!3m1!1s2@1:CIHM0ogKENaDkoDdvIPgtAE%7C%7C?hl=zh-TW,sponsored,latest_annotation,2026-05-31T10:37:56.044521+00:00
1c41199ee9aa92bd4d3ced31,拉圖爾精釀柴燒餐廳 La Tour Craft Beer & Wood Grill,Jerry Lin,,5,"拉圖爾精釀柴燒餐廳✨⁣
⁣
整體餐點都很不錯⁣
個人最喜歡燉飯😍⁣
是用五穀米去做的⁣
喜歡吃起來有點Q的口感⁣
黑胡椒的味道也夠重👍🏻⁣
⁣
啤酒雞腿也很推薦⁣
又嫩又多汁😋⁣
⁣
很推薦給可以跟三五好友⁣
一起去喝酒聚餐看球賽⚽️⁣
店內氣氛💯⁣
⁣
柴燒松坂豬佐薑味油醋沙拉 NT$260⁣
美國牛肋條烤鳳梨辣菜圃 NT$280⁣
酥炸小捲佐蒜味墨西哥辣椒莎莎 NT$240⁣
炸物拼盤 NT$480⁣
坦都里雞腿肉串 NT$160⁣
柴燒紐西蘭小牛嫩肩16oz油封蒜野菇醬汁 NT$850⁣
細燉豬臉頰松露奶油野菇燉飯 NT$430⁣
美國蘆筍節瓜炒蛤蜊 NT$290⁣
炭烤中節翅 NT$160⁣
柴燒美國沙朗大蒜辣椒麵 NT$490⁣
啤酒雞腿鹹蛋塔塔醬200$⁣
柴燒綜合海鮮襯貝比生菜380$⁣
鹽烤西班牙伊比利豬肋條肉300$⁣
柴燒自然豬五花搭節瓜黑胡椒燉飯470$⁣
馬祖淡菜鍋510$⁣
⁣
夏日艾爾啤酒L NT$180⁣
法國三月啤酒L NT$180⁣
黃金淡愛爾L NT$180⁣
柯夢波丹 NT$290⁣
.⁣
拉圖爾精釀柴燒餐廳⁣
LA TOUR CRAFT BEER⁣
⁣
📍台北市中正區延平南路84巷8號⁣
☎️(02)2388-9899⁣
🈺平日16:00~00:00⁣
週五、六16:00~01:00⁣
🚇捷運西門站五號出口(🚶‍♀️5分鐘)",https://www.google.com/maps/reviews/data=!4m8!14m7!1m6!2m5!1sChZDSUhNMG9nS0VJQ0FnSUNCMGM3NVNBEAE!2m1!1s0x0:0x9016a4c41995e405!3m1!1s2@1:CIHM0ogKEICAgICB0c75SA%7C%7C?hl=zh-TW,sponsored,latest_annotation,2026-05-10T18:05:01.159056+00:00
9084b56e81cceba418655b65,拉圖爾精釀柴燒餐廳 La Tour Craft Beer & Wood Grill,Yuki,,4,"餐點好吃、品項不少挺適合分食，合理的中價位。
低消每人$350，內用有收一成服務費
似乎沒有用餐時間限制

吃得很滿足，因為都好吃真的有點猶豫要不要甜點XD
調酒價格也不算貴，會想再去~

◆◆◆◇炙燒牛五花沙拉 $260
美乃滋微辣滿搭的，牛五花的量滿夠

◆◆◆◇主廚精選湯品─炙燒臘腸起司紅蘿蔔蘋果濃湯 $230
湯滿濃、紅蘿蔔湯底微甜滿舒服，臘腸和起司增添幾分鹹味滿好的

◆◆◆◇鹽烤西班牙伊比利豬肋條肉 $340
份量不錯、豬肋條滿嫩，醬料滿搭

◆◆◆◇細燉豬臉頰松霧奶油野菇燉飯 $450
燉飯很香，奶油醬裡的菇菇味恰到好處，豬肉的鹹香滿好且很嫩很容易拉開

◆◆◆◇柴燒蘆筍培根搭溫泉蛋奶油鹹蛋義大利麵 $450
鹹蛋比例滿好不會突兀，溫泉蛋和醬汁滿融合；另外麵體是偏硬的類型",https://www.google.com/maps/reviews/data=!4m8!14m7!1m6!2m5!1sChZDSUhNMG9nS0VJQ0FnSURsaDdHclRREAE!2m1!1s0x0:0x9016a4c41995e405!3m1!1s2@1:CIHM0ogKEICAgIDlh7GrTQ%7C%7C?hl=zh-TW,sponsored,latest_annotation,2026-05-10T18:05:01.158842+00:00
9581e529e8be0a24ddcbbd7a,拉圖爾精釀柴燒餐廳 La Tour Craft Beer & Wood Grill,Hamuster,,5,"比利時風格裝潢，東西很好吃!!
滿多料理是中西融合 台灣人很能接受的風味
雖然價位都是偏中上，但以餐酒館來說我覺得價位與食物都精緻好吃度是有符合正比的!
(我就常常吃到餐點與價位是不符合正比的，有些雖然價位高但餐點普普通通..甚至吃完沒有記憶點，店內的餐點也沒有什麼突出的項目)

▼柴燒牛五花沙拉(很推薦!!!)
有羅勒.芝麻葉.可頌角.柴燒牛五花.泰式酸辣美奶滋醬組成的沙拉
這道他們號稱不愛吃沙拉的朋友也會吃，以炭火燒烤味道為主，帶點酸辣感的牛五花很香又多層次，單吃肉就很有味道，甜酸甜酸的
蔬菜本身清爽又脆，加上比較重口味的牛五花非常開胃，其中我覺得可頌角也很優秀，又大又酥脆
與一般沙拉只有麵包丁.或是很如容易就濕掉的麵包比起來，這個可頌角就算放了一陣子也還有酥脆口感

▼柴燒自然豬五花搭節瓜黑胡椒燉飯
這個五穀米燉飯很美味，不同於以往用一般白米，五穀米米心的感覺比較明顯
搭上比較濕潤的燉飯吃起來會比較有口感，但是又不會像有些國外米又太乾硬，剛剛好
豬五花本身也有柴燒香，整體的醬汁也有點微甜又有黑胡椒香，收汁也收的很好

▼焦糖蘋果生乳酪
這個擺盤非常漂亮有藝術感~~蘋果泥厚厚的在生乳酪上旁邊加上一球草莓冰淇淋
生乳酪本身有點鹹香，焦糖味有一點點奶香味明顯，蘋果泥不會很甜或很酸
加上草莓冰淇淋有3-4種風味變化，讓生乳酪更不容易膩，還有點酸酸甜甜",https://www.google.com/maps/reviews/data=!4m8!14m7!1m6!2m5!1sChdDSUhNMG9nS0VJQ0FnSUMtbG9ySTVRRRAB!2m1!1s0x0:0x9016a4c41995e405!3m1!1s2@1:CIHM0ogKEICAgIC-lorI5QE%7C%7C?hl=zh-TW,sponsored,latest_annotation,2026-05-10T18:05:01.159095+00:00
b7b025726a8dda2f600adbed,拉圖爾精釀柴燒餐廳 La Tour Craft Beer & Wood Grill,吳‘s,,5,"⭐️非常推薦的台北中正區餐酒館⭐️
(捷運西門站5號出口走路3分鐘可抵達)
營業時間到午夜12點很適合下班喝點小酒放鬆☺️

▪️烘烤玉米粒$100
吃起來鹹鹹的像蠶豆酥

▪️啤酒雞腿鹹蛋塔塔醬$200
這道很推薦，鹹度很剛好，肉質很嫩多汁不柴，記得要趁熱吃

▪️印度脆餅一夜干小卷挖沙米美乃滋$190
這道份量有點小(大概是1人份)，就是烤小卷絲

▪️鹽烤西班牙伊比利豬肋條肉$300
這道非常好吃，肉質非常彈牙會一口接一口

▪️細燉豬臉頰松露奶油野菇燉飯$470
松露味道非常的香，肉質入口即化，肉的份量也非常足夠

▪️藍鑽蝦炒野菇$290
這道吃起來微辣，有6隻蝦子蠻大隻的

▪️炸物拼盤$495
這道適合3-4人共享，丁香魚很大隻，泰國蝦餅是厚度餅乾的那種(不是泰式蝦餅)

雖然部分品相單價偏中上，但每道菜都很好吃，沒有踩雷的，以上份量大約適合兩人食用。
提供四種口味的啤酒，還有投影幕播放運動球賽，非常享受美食跟氣氛的一間餐廳會推薦給來台北的朋友",https://www.google.com/maps/reviews/data=!4m8!14m7!1m6!2m5!1sChdDSUhNMG9nS0VJQ0FnSURlbzhiVl9RRRAB!2m1!1s0x0:0x9016a4c41995e405!3m1!1s2@1:CIHM0ogKEICAgIDeo8bV_QE%7C%7C?hl=zh-TW,sponsored,latest_annotation,2026-05-10T18:05:01.15878+00:00
f48c282eadb2a00ac4c93c8b,拉圖爾精釀柴燒餐廳 La Tour Craft Beer & Wood Grill,Ren-Shyong Fang,,5,"隱身於西門鬧區中的另一角落，雖離捷運站不遠，但還是要找一下。簡單講就是在壽司郎中華店旁的小巷子進入，即可看到招牌！
走進去有一小庭院，映入眼廉就是4個碩大的釀酒桶，標榜著正是自家精釀啤酒，也設有一些戶外座位，布置著垂墬燈網，看起來很有夏日風情。餐廳的主要用餐環境，應是舊宅改建的，走的是簡單工業風設計，刻意保留的老舊磚牆跟牆柱，搭上原木裝璜，在稍暗燈光下，多了幾分復古懷舊的氣氛！座位區內裝設多個螢幕，也相當適合觀賞球賽等體育賽事！
開放式的廚房，顯示出主廚的自信，提供餐點相當夠水準，不管炸物，烤物或熱炒，都令人十分滿意。精釀啤酒提供4-5種口味，都是艾爾或IPA，味道多重且較厚重口感，都偏苦一點，我較喜歡夏日艾爾，香氣平衡，苦度適中，算是比較清爽一點，不會厚重而搶味！搭配餐點的沾醬，也很有特色，會帶給人一種意外的驚喜！很推薦多人聚餐，也很適合單獨小酌！",https://www.google.com/maps/reviews/data=!4m8!14m7!1m6!2m5!1sChdDSUhNMG9nS0VJQ0FnSUNKa0pIdXlnRRAB!2m1!1s0x0:0x9016a4c41995e405!3m1!1s2@1:CIHM0ogKEICAgICJkJHuygE%7C%7C?hl=zh-TW,sponsored,latest_annotation,2026-05-10T18:05:01.158953+00:00
c0d6da1f4eb4e47b6ce640d2,暖日咖啡Warm Day Cafe《無電話、營業時間IG為主》,Tzuyu Chen,,5,"店家有一種家的溫暖感覺
餐點不錯吃 價位也很可以👍
現在打卡有送小禮物
今天還有招待小餅乾❤️",https://www.google.com/maps/reviews/data=!4m8!14m7!1m6!2m5!1sChdDSUhNMG9nS0VJQ0FnSUN3djlHcmtRRRAB!2m1!1s0x0:0x8f9a09e026ac4477!3m1!1s2@1:CIHM0ogKEICAgICwv9GrkQE%7C%7C?hl=zh-TW,sponsored,latest_annotation,2026-06-23T14:49:49.54047+00:00
0de58583bcc38abe68a87bad,曼谷泰式料理（永和店）,陳映璇,,5,用餐環境舒適 餐點美味 符合台灣人口味的泰式料理 五星好評送冰淇淋！,https://www.google.com/maps/reviews/data=!4m8!14m7!1m6!2m5!1sChdDSUhNMG9nS0VJQ0FnSURwNnRYOThBRRAB!2m1!1s0x0:0xa94ca38295cf0e21!3m1!1s2@1:CIHM0ogKEICAgIDp6tX98AE%7C%7C?hl=zh-TW,sponsored,latest_annotation,2026-06-23T08:16:27.593499+00:00
1609733507bb782e54e2e151,曼谷泰式料理（永和店）,Yoona S,,5,這次點了：泰式涼拌海鮮、泰式奶茶、月亮蝦餅、碳烤松阪豬、干貝鮮蝦粉絲煲。餐點酸度辣度都可以調整，很不錯。松阪豬令人驚艷，軟嫩且沒有豬腥味，份量很有誠意💯。打卡贈送的香煎干貝醬汁很不錯～,https://www.google.com/maps/reviews/data=!4m8!14m7!1m6!2m5!1sChZDSUhNMG9nS0VJQ0FnSUQ2Z082Y01REAE!2m1!1s0x0:0xa94ca38295cf0e21!3m1!1s2@1:CIHM0ogKEICAgID6gO6cMQ%7C%7C?hl=zh-TW,sponsored,latest_annotation,2026-06-23T08:19:57.464745+00:00
78aa75021a80cf676d8270f6,曼谷泰式料理（永和店）,丹丹,,5,這個5星是因為外場的一個女服務員！<br>雖然我們人不多，但是這個服務態度真的讓人很舒服<br>餐點量不大，價位還可以！<br>最近活動打卡就可以送椰子或巧克力冰淇淋喔！,https://www.google.com/maps/reviews/data=!4m8!14m7!1m6!2m5!1sChdDSUhNMG9nS0VJQ0FnSUN1bXJISTBBRRAB!2m1!1s0x0:0xa94ca38295cf0e21!3m1!1s2@1:CIHM0ogKEICAgICumrHI0AE%7C%7C?hl=zh-TW,sponsored,latest_annotation,2026-06-23T08:19:03.804487+00:00
ab31fd656ec8e3bf90cb16da,曼谷泰式料理（永和店）,三顆豌豆,,5,當天我們三個人用餐<br>店員很熱情招呼介紹餐點<br>推薦我們食用三人套餐<br>首推椒麻雞🤩很下飯 👍<br>第二道愛的是月亮蝦餅，沾醬甜甜的<br>淋上咬下超滿足<br><br>湯品海鮮清湯個人不愛<br>裡面的海鮮都煮太老，不好入口<br>蝦醬空心菜不夠入味<br>打拋豬的部分吃起來有操灰搭味<br>跟店員反應後有換一盤給我們<br><br>個人覺得服務上很積極，餐廳環境也很明亮<br>適合聚餐聊天的地方<br>打卡五顆心給的甜點也很好吃！個人覺得有加分～,https://www.google.com/maps/reviews/data=!4m8!14m7!1m6!2m5!1sChZDSUhNMG9nS0VJQ0FnSURydFBuZWJnEAE!2m1!1s0x0:0xa94ca38295cf0e21!3m1!1s2@1:CIHM0ogKEICAgIDrtPnebg%7C%7C?hl=zh-TW,sponsored,latest_annotation,2026-06-23T08:19:06.547787+00:00
3bde3e828b97c26471b91740,李家鍋貼饅頭,沈軒毅,,5,"【基隆美食】貼鍋饅頭？鍋貼饅頭？
基隆孝三路美食匯聚，轉進99巷前，有肉圓、魷魚羹，轉入小巷裡，先是豬腳、乾麵都好吃的長腳麵食，接著是豬內臟超好吃的孝三大腸圈，然後就是李家貼鍋饅頭。
李家貼鍋饅頭賣了近70年。早年山東移民逃避戰亂來到基隆落地生根，帶來了麵食文化，李家便是山東人，從第一代的大爺大娘、第二代的兄弟姊妹，第三代也在店裡歷練了。李家的饅頭是貼在大鍋半蒸半烤而成，貼在鍋底的那面金黃焦脆，口感有幾分類似槓子頭，因貼著鍋子製作，正確應稱為「貼鍋饅頭」，但早年台灣人只知鍋貼，總是稱為「鍋貼饅頭」，店家也就將錯就錯，招牌直接寫成鍋貼饅頭。
饅頭用的是老麵麵團，採自然發麵。早年冬季天氣冷，得等上7、8個小時，後來改蓋棉被，讓麵團溫暖些，但也得等上3、4個小時，現在改蓋電毯，約2小時就可發好。麵團分切整形後，入鍋前還會過個水，貼在熱燙的鍋底才不會脫落，每鍋約蒸烤25分鐘。
貼鍋饅頭柔嫩不失韌性，而底部焦香，吃來口感十足，夾蛋、配滷牛肉都好吃極了。

李家貼鍋饅頭
基隆市孝三路99巷3-1號
(02)2427-8030
周日休",https://www.google.com/maps/reviews/data=!4m8!14m7!1m6!2m5!1sChdDSUhNMG9nS0VJQ0FnSURPNzhmbXB3RRAB!2m1!1s0x0:0xd4c22b937611c47d!3m1!1s2@1:CIHM0ogKEICAgIDO78fmpwE%7C%7C?hl=zh-TW,sponsored,latest_annotation,2026-05-04T05:54:07.557824+00:00
4f1b61bb40d307f83d094f0a,東家館,peter2.pao包迺璜,,4,"東家館蔥仔餅20、大餛飩湯50、乾麵35/55
西定路",https://www.google.com/maps/reviews/data=!4m8!14m7!1m6!2m5!1sCi9DQUlRQUNvZENodHljRjlvT25wM1pHMW9TbkY2YW1Wc1NWcElhR3RETFY5VVpFRRAB!2m1!1s0x0:0x5056cbb3d869a7dc!3m1!1s2@1:CAIQACodChtycF9oOnp3ZG1oSnF6amVsSVpIaGtDLV9UZEE%7C%7C?hl=zh-TW,sponsored,resolution,2026-05-06T18:22:48.560797+00:00
296507412133f305dc01d210,森森小匠鍋,月見草,,5,"除夕回家聚餐,老公說這家整體感覺蠻好的，就幫我約這家

餐點很好吃父母也很喜歡
整體氛圍很溫馨🥰
我們人數剛好可以點三人和牛龍蝦套餐
近期還有打卡送肉盤跟小活動送肉盤😆",https://www.google.com/maps/reviews/data=!4m8!14m7!1m6!2m5!1sChZDSUhNMG9nS0VJQ0FnSUR0MzUzaktBEAE!2m1!1s0x0:0x370cfb1676a5598e!3m1!1s2@1:CIHM0ogKEICAgIDt353jKA%7C%7C?hl=zh-Hant,sponsored,latest_annotation,2026-06-24T05:25:12.450495+00:00
5241771c1cd300f20e7bc1e4,森森小匠鍋,采愉,,5,肉質 海鮮 新鮮好吃😋菜盤吃到飽讚讚，打卡送肉肉,https://www.google.com/maps/reviews/data=!4m8!14m7!1m6!2m5!1sCi9DQUlRQUNvZENodHljRjlvT25SRFdFOTVXa28yWkVNNVVXUmhUazFCUW5GWGVFRRAB!2m1!1s0x0:0x370cfb1676a5598e!3m1!1s2@1:CAIQACodChtycF9oOnRDWE95Wko2ZEM5UWRhTk1BQnFXeEE%7C%7C?hl=zh-Hant,sponsored,latest_annotation,2026-06-24T05:23:53.700439+00:00
5bece12c77390340d577429b,森森小匠鍋,Gloria Li,,5,海鮮和肉品新鮮好吃，空間高調舒適（已二訪），有壽星優惠、打卡活動，也可積點兌換。,https://www.google.com/maps/reviews/data=!4m8!14m7!1m6!2m5!1sCi9DQUlRQUNvZENodHljRjlvT25KMlZsbENjVzVFWkU1emFqaEdhV2RUWlhOV04yYxAB!2m1!1s0x0:0x370cfb1676a5598e!3m1!1s2@1:CAIQACodChtycF9oOnJ2VllCcW5EZE5zajhGaWdTZXNWN2c%7C%7C?hl=zh-Hant,sponsored,latest_annotation,2026-06-24T05:27:38.700547+00:00
89169679d296a14cfc67c235,森森小匠鍋,柯亮亮,,5,"裝潢很美 歌單很讚 音響設備很好
餐點高CP 可以併用學生優惠+打卡優惠+生日優惠
本月生日優惠招待鮑魚明太子/和牛片
素食很用心 湯底有人參（含酒精開車勿點）/牛奶/番茄 熟食為麻油猴頭菇 口味很好吃

新店體驗感很好 讓人願意再訪",https://www.google.com/maps/reviews/data=!4m8!14m7!1m6!2m5!1sChdDSUhNMG9nS0VJQ0FnSUR0bVBIendBRRAB!2m1!1s0x0:0x370cfb1676a5598e!3m1!1s2@1:CIHM0ogKEICAgIDtmPHzwAE%7C%7C?hl=zh-Hant,sponsored,latest_annotation,2026-06-24T05:24:46.276714+00:00
a78649a2a971c7b06b55a35a,森森小匠鍋,李小紫,,5,"食材很新鮮，環境很舒適！
還有拥抱送肉，打卡也有送肉，我女兒是學生也送炸蝦！第一張三盤都是送的！",https://www.google.com/maps/reviews/data=!4m8!14m7!1m6!2m5!1sChdDSUhNMG9nS0VJQ0FnSUNqOU1QMjVRRRAB!2m1!1s0x0:0x370cfb1676a5598e!3m1!1s2@1:CIHM0ogKEICAgICj9MP25QE%7C%7C?hl=zh-Hant,sponsored,latest_annotation,2026-06-24T05:25:07.11023+00:00
a79f4a743e0a500cdf789cf5,森森小匠鍋,游悰熺,,5,打卡送東西，不用排隊，空間寬敞，平日有商業餐，可以嘗試,https://www.google.com/maps/reviews/data=!4m8!14m7!1m6!2m5!1sCi9DQUlRQUNvZENodHljRjlvT2tGcWIycHJObmhzWjJOb1FUVklNMVp1TFVsM2VuYxAB!2m1!1s0x0:0x370cfb1676a5598e!3m1!1s2@1:CAIQACodChtycF9oOkFqb2prNnhsZ2NoQTVIM1ZuLUl3enc%7C%7C?hl=zh-Hant,sponsored,latest_annotation,2026-06-24T05:24:27.883862+00:00
b026148b6f1296cdba2dc6bc,森森小匠鍋,愛像氧氣,,5,裝潢很有氣氛，服務員都帶著笑容又很親切，食材也都很新鮮，重點是我的最愛(冷氣夠冷)😂；現在打卡、Google評論&現場互相擁抱10秒，都送一盤肉喔！,https://www.google.com/maps/reviews/data=!4m8!14m7!1m6!2m5!1sChZDSUhNMG9nS0VJQ0FnSURMeGZ1NWF3EAE!2m1!1s0x0:0x370cfb1676a5598e!3m1!1s2@1:CIHM0ogKEICAgIDLxfu5aw%7C%7C?hl=zh-Hant,sponsored,latest_annotation,2026-06-24T05:25:24.198761+00:00
2346f4edcb48c0f462987bcf,橡果,Huang Fernando,,5,氣氛很好、裝潢很漂亮舒適的咖啡廳，咖啡品質很好！打卡送的鬆餅很好吃，外酥內嫩，讚！,https://www.google.com/maps/reviews/data=!4m8!14m7!1m6!2m5!1sCi9DQUlRQUNvZENodHljRjlvT2xOeFR6Um9jRzVJVmpkVFJsTTVXbXRuYUdWNlJHYxAB!2m1!1s0x0:0xbd9b223dae4285d8!3m1!1s2@1:CAIQACodChtycF9oOlNxTzRocG5IVjdTRlM5WmtnaGV6RGc%7C%7C?hl=zh-TW,sponsored,latest_annotation,2026-05-31T17:35:27.599526+00:00
7e6582ac9ba79bfc979be6f4,橡果,城市旅人,,5,"（內有拍菜單）😊第一次嚐鮮。這家店距離基隆火車站🚉不遠，更鄰近海洋廣場🌊外表看起來簡易風，裡面卻別有洞天，是一間「很深」且有「質感」的咖啡廳，牆上的畫也具有基隆獨特的人文風情與生活日常。

☕️餐點部分，咖啡、蛋糕都是基本的，還有早午餐、鬆餅等。首次到訪，點的是「熱美式咖啡」及「西西里咖啡」，再加上一塊「烏龍青堤」蛋糕🍰

以咖啡而言，「美式咖啡」是最能喝出「基本功」的，香醇順口不苦澀；而「西西里咖啡」則是調味咖啡中，能映照出心境的，也非常好喝！🍰「烏龍青堤」蛋糕也很推薦，蛋糕綿密不乾膩，味道蛋糕有層次感，淡淡的烏龍茶香，襯托出麝香葡萄的甜味（麝香葡萄給的很大方）。

💕平日用餐不限時間，假日限3小時，低消一杯，供WiFi 唷！另外，消費累積點數，不限期累積🈵6千可以變成會員（1元🟰1點）好像可以打9折（沒注意聽😂），可以刷Line Pay跟載具唷！

🚗汽車停車：⭐️ ⭐️（附近不好停車，可以考慮停車東岸廣場樓下，沿著海洋廣場散步、拍照🤳吹海風，走路不用5分鐘唷～）",https://www.google.com/maps/reviews/data=!4m8!14m7!1m6!2m5!1sChdDSUhNMG9nS0VJQ0FnSUN6eWEtMmlnRRAB!2m1!1s0x0:0xbd9b223dae4285d8!3m1!1s2@1:CIHM0ogKEICAgICzya-2igE%7C%7C?hl=zh-TW,sponsored,latest_annotation,2026-05-31T17:31:57.289429+00:00
caa7269166e8dc97ee4b8fd9,橡果,李浩廷,,5,"環境寬敞明亮，平日不限時，假日限時3小時
有五星評論活動，但我覺得環境和薑燒豬肉三明治都不錯
適合工作聚會
美中不足的是早餐餐盤份量小，附的飲料也是小杯的",https://www.google.com/maps/reviews/data=!4m8!14m7!1m6!2m5!1sChdDSUhNMG9nS0VLLTMyZHZobE9UaTR3RRAB!2m1!1s0x0:0xbd9b223dae4285d8!3m1!1s2@1:CIHM0ogKEK-32dvhlOTi4wE%7C%7C?hl=zh-TW,sponsored,latest_annotation,2026-05-31T17:31:05.341442+00:00
e12a135782af823a603985be,橡果,臭瓜 TTV,,5,"👍🏻綜合水果蛋糕
水果很新鮮 奶油也不會太甜

👍🏻巧克力蛋糕
巧克力很濃 也不會太甜

空間大 很溫暖但有點悶
氣氛好 低消可以待3小時 很不錯
提供WIFI、插座🔌
不會趕人 不會有任何壓力

不過餐點選擇感覺可以再多一些

評論贈送的小楓糖可頌 非常！好吃！！！",https://www.google.com/maps/reviews/data=!4m8!14m7!1m6!2m5!1sCi9DQUlRQUNvZENodHljRjlvT201T1gxaGpRVFpJU1U5RU9FbGFSRVpXVkdSQlEzYxAB!2m1!1s0x0:0xbd9b223dae4285d8!3m1!1s2@1:CAIQACodChtycF9oOm5OX1hjQTZISU9EOElaREZWVGRBQ3c%7C%7C?hl=zh-TW,sponsored,latest_annotation,2026-05-31T17:30:19.417769+00:00
fdc50ad1f9f21876f534f71c,橡果,Alan Lai,,5,五星評論送鬆餅，咖啡不錯，蛋糕好吃。冷氣開很冷，位置多，有免費wifi，部分座位有插座。有linepay,https://www.google.com/maps/reviews/data=!4m8!14m7!1m6!2m5!1sChZDSUhNMG9nS0VPcjRfZjNKeHFIQmVBEAE!2m1!1s0x0:0xbd9b223dae4285d8!3m1!1s2@1:CIHM0ogKEOr4_f3JxqHBeA%7C%7C?hl=zh-TW,sponsored,latest_annotation,2026-05-31T17:36:11.698514+00:00
0262cd7eeacd73d1a3da840d,泰舍泰式料理-基隆店,WEN LI,,5,偶然路過的泰式料理店，味道還不錯，打卡有送甜點！,https://www.google.com/maps/reviews/data=!4m8!14m7!1m6!2m5!1sCi9DQUlRQUNvZENodHljRjlvT2psc1RITlBSbU4wWTIwMFYxQkdSWGt0YTI4eFpsRRAB!2m1!1s0x0:0xad22c8e3991c03fb!3m1!1s2@1:CAIQACodChtycF9oOjlsTHNPRmN0Y200V1BGRXkta28xZlE%7C%7C?hl=zh-TW,sponsored,latest_annotation,2026-05-26T10:15:48.525829+00:00
22e09134487a3e5c46966785,泰舍泰式料理-基隆店,MoonCat Yao,,5,這次來點四人套餐。料理風味很道地，夏天吃起來也很下飯，最推薦紅咖喱牛，風味很特別（全部把飯拌起來）。魚也好吃，很嫩。蝦餅厚度夠，所以蠻有咬感。打卡有送銀絲卷，搭配花生碎粒很搭！,https://www.google.com/maps/reviews/data=!4m8!14m7!1m6!2m5!1sChdDSUhNMG9nS0VJQ0FnSUNyanNyUTNnRRAB!2m1!1s0x0:0xad22c8e3991c03fb!3m1!1s2@1:CIHM0ogKEICAgICrjsrQ3gE%7C%7C?hl=zh-TW,sponsored,latest_annotation,2026-05-26T10:16:18.708077+00:00
4814b3cad83447524f923ed6,泰舍泰式料理-基隆店,Iris Chen,,5,"餐點可客製化調整，餐點清爽口味何適，出餐快，環境舒適
五星好評贈小點，小點售完換炸水蜜桃派",https://www.google.com/maps/reviews/data=!4m8!14m7!1m6!2m5!1sCi9DQUlRQUNvZENodHljRjlvT2toSE5GazFWVGRmYm5kQ1gzcGthRVJQVUdsdGNrRRAB!2m1!1s0x0:0xad22c8e3991c03fb!3m1!1s2@1:CAIQACodChtycF9oOkhHNFk1VTdfbndCX3pkaERPUGltckE%7C%7C?hl=zh-TW,sponsored,latest_annotation,2026-05-26T10:16:34.038548+00:00
c954c1470c1667d7863fcdae,泰舍泰式料理-基隆店,An Wang,,5,"附近有信二立體停車，算好停車
餐廳有2層樓
擺盤漂亮、裝潢漂亮，用餐建議預約
泰奶98$偏小杯,冰塊偏多，口味還不錯
白飯20$

金沙大蝦（有附麵包）調味不錯，6隻酥脆蝦，除了頭尾，殼可以直接吃👍💯

綠嘎哩雞，蠻鹹的，小辣，份量不多，嘎哩偏稀，🈲️

月亮蝦餅，還不錯，外酥內Q,蝦多，提供2種沾醬👍💯

香茅熟成羊肩排，很嫩還不錯，但是要羊味，不敢吃的慎選👍💯

炒麵、河粉類、 香蕉煎餅、假日沒有提供，炸牡蠣有時候也沒提供，麻辣蝦餅 正中午紅咖啦也沒了，菜單許多商品停售，
價格微偏高
香茅 檸檬 九層塔香料味少一些，口味了鹹一點

五星評論送酥炸螺絲捲😜😜😜",https://www.google.com/maps/reviews/data=!4m8!14m7!1m6!2m5!1sCi9DQUlRQUNvZENodHljRjlvT2xCWlZubDNSbEJZWkZwTmFUaEtNek41TlY5RE9VRRAB!2m1!1s0x0:0xad22c8e3991c03fb!3m1!1s2@1:CAIQACodChtycF9oOlBZVnl3RlBYZFpNaThKMzN5NV9DOUE%7C%7C?hl=zh-TW,sponsored,latest_annotation,2026-05-26T10:17:43.992059+00:00
ce682624b3b773bde5c073d9,泰舍泰式料理-基隆店,玉米妞iamcornyyy,,5,"2024.12到訪
#基隆 的 #泰舍泰式料理 擁有簡約時尚的裝潢～

玉米妞這次點雙人餐～
🌟#軟殼蟹青木瓜沙拉🌟
軟殼蟹的蟹螯，外酥內嫩，口感有鮮明對比，且底下青木瓜絲能平衡炸物的油膩感，增加清新口感，也很適合搭配每道菜來解膩。

搭配特製的酸辣醬汁，讓整道沙拉的口感層次分明，酸、甜、辣交織，讓人一口接一口，停不下來！

🌟#蝦醬空心菜 🌟

蝦醬空心菜的口感充滿層次感，空心菜的嫩綠葉片脆嫩爽口，
與濃郁的蝦醬香氣交織在一起，帶來微鹹的風味～

🌟#泰國香米飯 🌟
口感細膩柔軟，粒粒分明，每一口都散發著天然的香氣～

✨#純手工月亮蝦餅 ✨
蝦餅有肉眼可見的蝦子，緊密且扎實的附著在餅內，炸的也很恰當。還可融入兩種不同沾醬，甜辣和辣醬，我認為辣醬也不會太過辛辣，更多的是香味，所以也很推薦~

✨#椰香綠咖哩雞 ✨
最喜歡的一道～也是白飯殺手！
這家咖哩雞加入較多的椰奶，醬汁更加絲滑濃稠，並且平衡了咖哩的辛辣和濃烈，使味道更和諧~
🥬#拋打豬佐生菜 🥬
打拋豬香辣濃郁，豬絞肉吸收調味料的醬汁，香味濃厚且略帶辛辣。搭配的生菜脆口感形成互補，讓每一口都不單調。

#泰式奶茶、#泰式凍檸茶 兩款都不錯喝～

甜點
✨#摩摩喳喳:口感豐富多層次，椰漿的濃郁香甜與各種水果的清爽滋味相互交織～
#泰舍冰淇淋:有濃郁奶茶香，但相較於喝奶茶，較為輕盈，濃密冰淇淋再混合巧克力醬和脆片是更加地豐富了口感～

另外我有加點套餐之外的炒河粉～
🔥#鮮蝦pathai炒河粉 🔥 $268

河粉表面光滑，入口柔軟，很好地吸附醬汁或湯底~蝦子保持鮮嫩 Q 彈的質地。且旁邊可加入豆芽、檸檬、辣椒和花生，拌在一起後，更增加層次，和交織的口感。

吃完這些泰式美味後，滿足感瞬間充斥整個身心～

看更多吃喝玩樂 ► @iamcornyyy 我是玉米妞🌽",https://www.google.com/maps/reviews/data=!4m8!14m7!1m6!2m5!1sChZDSUhNMG9nS0VJQ0FnSUR2X2NidGRREAE!2m1!1s0x0:0xad22c8e3991c03fb!3m1!1s2@1:CIHM0ogKEICAgIDv_cbtdQ%7C%7C?hl=zh-TW,sponsored,latest_annotation,2026-05-26T10:07:39.945136+00:00
f3c2b3b46521cac86ff09bec,泰舍泰式料理-基隆店,for Injured Workers Rebuilding Wings,,5,"在岸田文雄曾祖的老店裡，品嘗正宗泰式酸辣！⭐⭐⭐⭐⭐
在基隆發現了一家寶藏餐廳！「泰舍」所在的這棟漂亮老建築，歷史可追溯到1895年，是日本首相岸田文雄的曾祖父所經營的「岸田吳服店」。能在這樣一棟充滿故事的歷史建築里用餐，感覺非常奇妙。
餐廳在保存建築外觀的同時，內部裝修加入了泰式民族元素，這種新舊融合的設計很有巧思。我們嘗試了開業主推的椰香綠咖哩雞和牛肉Pathai炒河粉。綠咖哩香氣濃郁，口感溫順，非常下飯；炒河粉鍋氣十足，牛肉鮮嫩，酸辣開胃的滋味讓人一口接一口。火鍋膩了之外最佳選擇，孫副店服務超好，
這次用餐不僅滿足了味蕾，更像進行了一場小小的「食光巡禮」。強烈推薦給喜歡美食和歷史感的朋友！",https://www.google.com/maps/reviews/data=!4m8!14m7!1m6!2m5!1sCi9DQUlRQUNvZENodHljRjlvT2twemNUZzVObE5MTFhFdFZWQXdWM2xHT0VVNVkwRRAB!2m1!1s0x0:0xad22c8e3991c03fb!3m1!1s2@1:CAIQACodChtycF9oOkpzcTg5NlNLLXEtVVAwV3lGOEU5Y0E%7C%7C?hl=zh-TW,sponsored,latest_annotation,2026-05-26T10:15:07.56181+00:00
00c70deb5a7f6e58a30f5661,海勒牛排館 基隆牛排館,多管閒事,,4,"壽星免費贈送一份牛排，
服務人員態度都很好。

上菜服務稍微慢了點，
可以詢問是否可以上其他餐點了，
比較不會讓人等太久。

主菜上來肉有些冷了，需改進。",https://www.google.com/maps/reviews/data=!4m8!14m7!1m6!2m5!1sChZDSUhNMG9nS0VJQ0FnTUNBb291X053EAE!2m1!1s0x0:0xff15180e333af4dc!3m1!1s2@1:CIHM0ogKEICAgMCAoou_Nw%7C%7C?hl=zh-TW,sponsored,latest_annotation,2026-06-23T15:39:55.669449+00:00
01ad94fdcdd0b5e48d43dae7,海勒牛排館 基隆牛排館,CINDY LIN,,5,"帶壽星來吃牛排，想不到在基隆還有這樣優惠的活動，生日當月點套餐免費請你吃牛排，不吃牛的也可換成雞排或豬排，而且一整個月都都適用，無次數限制，真的是太佛心了，我們本以為送的就是一塊牛排而已，想不到還有配菜，真的很貼心，另外套餐加50元換成酥皮濃湯超推，酥皮酥到吃得滿桌屑屑，好久沒吃到那麼好吃的酥皮了，紐西蘭紐約克牛排調理的恰到好處，點了五分熟卻不會有血水，配菜附的炒飯也很好吃，總之三大塊牛排我們二個人完食，本以為吃不下的，最後看了隔壁桌點的雞排還有白酒蒜香蛤蜊義大利麵，感覺也很美味，下回要來試試
#免費送您吃牛排",https://www.google.com/maps/reviews/data=!4m8!14m7!1m6!2m5!1sChdDSUhNMG9nS0VJQ0FnSUNyOUxqYjRRRRAB!2m1!1s0x0:0xff15180e333af4dc!3m1!1s2@1:CIHM0ogKEICAgICr9Ljb4QE%7C%7C?hl=zh-TW,sponsored,latest_annotation,2026-06-23T15:46:01.720864+00:00
02d1f6d73f1d078f8eeefcd7,海勒牛排館 基隆牛排館,金城武,,5,壽星當月會再送一份排餐，很好吃,https://www.google.com/maps/reviews/data=!4m8!14m7!1m6!2m5!1sChZDSUhNMG9nS0VJQ0FnSUROMExESFRREAE!2m1!1s0x0:0xff15180e333af4dc!3m1!1s2@1:CIHM0ogKEICAgIDN0LDHTQ%7C%7C?hl=zh-TW,sponsored,latest_annotation,2026-06-23T15:34:51.735598+00:00
04d063f908c1bad8df201334,海勒牛排館 基隆牛排館,㓋麗珍,,5,當月壽星送牛排 讚,https://www.google.com/maps/reviews/data=!4m8!14m7!1m6!2m5!1sCi9DQUlRQUNvZENodHljRjlvT2xWUFNIQk9TMHgzYUhJelIwaDZlaTF6U0RCd1UwRRAB!2m1!1s0x0:0xff15180e333af4dc!3m1!1s2@1:CAIQACodChtycF9oOlVPSHBOS0x3aHIzR0h6ei1zSDBwU0E%7C%7C?hl=zh-TW,sponsored,latest_annotation,2026-06-23T15:40:23.548267+00:00
084eb1f7e18ba0026f5e682d,海勒牛排館 基隆牛排館,杜品恩,,5,朋友生日請我們到海勒牛排館用餐，我們點了牛排，煙燻鮭魚跟鮮蝦義大利麵還真的好吃喔，份量剛好，食材也很實在，飲料的梅子醋加冰塊後也是酸甜好喝，當月壽星還免費請吃牛排，壽星應該吃的很爽，一直說自己吃很飽，第一次把餐點全都吃光，口袋名單無誤了，ps.帥哥老闆很貼心會注意我們用餐速度來上菜，加分,https://www.google.com/maps/reviews/data=!4m8!14m7!1m6!2m5!1sChdDSUhNMG9nS0VJQ0FnSUMzb2JTR3B3RRAB!2m1!1s0x0:0xff15180e333af4dc!3m1!1s2@1:CIHM0ogKEICAgIC3obSGpwE%7C%7C?hl=zh-TW,sponsored,latest_annotation,2026-06-23T15:38:10.282332+00:00
0ca21165b6237ad68aeb8c24,海勒牛排館 基隆牛排館,urausa419,,5,由於當月壽星有加送一份牛排的優惠，我們的主餐瞬間升級成雙份！牛排的味道果然不錯，我們輕鬆地把它們都吃光了。餐前的酥皮濃湯果然名不虛傳，濃郁好喝。整個用餐環境氣氛很好，服務也很周到，讓人感到愉快和放鬆。,https://www.google.com/maps/reviews/data=!4m8!14m7!1m6!2m5!1sChZDSUhNMG9nS0VJQ0FnSUNUdDd5WmFnEAE!2m1!1s0x0:0xff15180e333af4dc!3m1!1s2@1:CIHM0ogKEICAgICTt7yZag%7C%7C?hl=zh-TW,sponsored,latest_annotation,2026-06-23T15:40:46.596477+00:00
0cc7224acf57715e890ef4a5,海勒牛排館 基隆牛排館,Chia Chien Liu,,5,"老派典雅的裝潢 用心烹煮的食材 五星貼心的服務 不馬虎的螺旋狀酥皮濃湯 入口軟嫩的肉質 氛圍悠閒的輕音樂 當月壽星還免費送一份牛排/豬排/雞排 啊忘了拍沙拉跟飲料和甜點ㄌ
(洗手間也保持很乾淨 竟然還是免治馬桶😂)

總之非常值得推薦給親朋好友 報告完畢😗😉😋❣️",https://www.google.com/maps/reviews/data=!4m8!14m7!1m6!2m5!1sCi9DQUlRQUNvZENodHljRjlvT2s1ek9UTkZYek15UnpoU1ZHUk1PRVEwZUdSS1oxRRAB!2m1!1s0x0:0xff15180e333af4dc!3m1!1s2@1:CAIQACodChtycF9oOk5zOTNFXzMyRzhSVGRMOEQ0eGRKZ1E%7C%7C?hl=zh-TW,sponsored,latest_annotation,2026-06-23T15:45:20.780866+00:00
1032875efe27cac6235c2b6a,海勒牛排館 基隆牛排館,Fang-Ling Liu,,4,"經常經過附近但都覺得燈光昏暗好像沒什麼人
今天因為有聚餐所以來到這邊～

雙拼排餐很不錯 今天吃牛排+羊排+墨魚🤩
而且搭上壽星優惠可以升級三拼（7選2變成7選3）
墨魚搭配的醬配上其他有點不搭
羊排與牛排很好吃 牛排店員只推薦7分熟 但上來的熟度感覺不到😅
酥皮濃湯的酥皮奶油香很足夠 濃湯料多很好喝
香蒜麵包今天不是跟湯一起上 有點難過😅 但麵包很燙口蒜味很香
梅子醋有點太甜 需要加點水😅
最後的焦糖布蕾很好吃 希望焦糖的地方可以多一點🤩

附近不好停車 要停在東岸停車場走路大約3～5分鐘！",https://www.google.com/maps/reviews/data=!4m8!14m7!1m6!2m5!1sChZDSUhNMG9nS0VJQ0FnSUNKazdHdlFBEAE!2m1!1s0x0:0xff15180e333af4dc!3m1!1s2@1:CIHM0ogKEICAgICJk7GvQA%7C%7C?hl=zh-TW,sponsored,latest_annotation,2026-06-23T15:44:26.869895+00:00
176747cff06c05d064d28a78,海勒牛排館 基隆牛排館,Dochi C.,,5,"海勒牛排居然開了七年，之前沒有經過這裡還是來基隆沒有特別想吃牛排居然一直錯過！
這家店的確是在很多細節上有用心經營：
1細節亮點多，上菜不趕
2 座位容纳约25人，室内没有油烟味
3沙拉有烤杏仁片，加分！烤土司脆香
4蒜味土司麵包外面酥中間軟非常好吃（下次要加點）
5磁盤的牛排搭上紫高利菜、紅地瓜、炒飯有洋蔥
（整個很有層次感，份量不大，但夠吃）
6套餐美式不苦，喜歡。
7酥皮先訂（老闆叮嚀因為要现做烤20分）
8 七分紐約克（踩點）很OK！非鐵板，不會整身都是味道（下次试试别的）
9. 復古桌椅舒服（光是椅子應該超過5公斤）
包包放椅後不會掉（現在很多餐廳椅背都有洞）
10.年輕老板有很多細節都很貼心
11.廁所的洗手台水量太大，容易噴濺。
12.生日有送牛排，下次一定再約朋友來",https://www.google.com/maps/reviews/data=!4m8!14m7!1m6!2m5!1sChZDSUhNMG9nS0VJQ0FnTURBM3QtREZ3EAE!2m1!1s0x0:0xff15180e333af4dc!3m1!1s2@1:CIHM0ogKEICAgMDA3t-DFw%7C%7C?hl=zh-TW,sponsored,latest_annotation,2026-06-23T15:44:46.47686+00:00
188449b108d5ad053d0dff60,海勒牛排館 基隆牛排館,洪纬宸,,5,性價非常高的牛排店，牛排、豬排超推，當月壽星還送牛排，超敢送的，這家海勒超推,https://www.google.com/maps/reviews/data=!4m8!14m7!1m6!2m5!1sChdDSUhNMG9nS0VJQ0FnSUNYa01INDlRRRAB!2m1!1s0x0:0xff15180e333af4dc!3m1!1s2@1:CIHM0ogKEICAgICXkMH49QE%7C%7C?hl=zh-TW,sponsored,latest_annotation,2026-06-23T15:37:08.078238+00:00
1f8882250bcac1ea8d5fb2d1,海勒牛排館 基隆牛排館,陳信瑜,,5,服務好氣氛佳，CP值很高！，當月壽星還請你＆妳吃牛排呃！,https://www.google.com/maps/reviews/data=!4m8!14m7!1m6!2m5!1sCi9DQUlRQUNvZENodHljRjlvT25BNU4xSnpTMWsxUm10ck5UZFFhVWhpUldZMFJVRRAB!2m1!1s0x0:0xff15180e333af4dc!3m1!1s2@1:CAIQACodChtycF9oOnA5N1JzS1k1RmtrNTdQaUhiRWY0RUE%7C%7C?hl=zh-TW,sponsored,latest_annotation,2026-06-23T15:34:41.187546+00:00
21fd30df51185001fa9bb5eb,海勒牛排館 基隆牛排館,賴水蓮,,5,"牛排好好吃！
沾醬也很特別很好吃！
當月壽星打卡送牛排一份哦！

發自內心的好吃(所有東西都好好吃奶酪也是！
好希望海勒開在家附近這樣就可以常吃了",https://www.google.com/maps/reviews/data=!4m8!14m7!1m6!2m5!1sChdDSUhNMG9nS0VJQ0FnTUNRNU9HUjR3RRAB!2m1!1s0x0:0xff15180e333af4dc!3m1!1s2@1:CIHM0ogKEICAgMCQ5OGR4wE%7C%7C?hl=zh-TW,sponsored,latest_annotation,2026-06-23T15:34:25.766645+00:00
258aaaa5f1c6e2d2bfc53b9e,海勒牛排館 基隆牛排館,吳小貓,,5,"壽星有送牛排，老闆親切，餐點美味😋
酥皮濃湯跟主餐品項都很讚",https://www.google.com/maps/reviews/data=!4m8!14m7!1m6!2m5!1sCi9DQUlRQUNvZENodHljRjlvT21sTFMyRnBjMnhKTW5SWmR6ZHBUbFpKVDJoUmRYYxAB!2m1!1s0x0:0xff15180e333af4dc!3m1!1s2@1:CAIQACodChtycF9oOmlLS2Fpc2xJMnRZdzdpTlZJT2hRdXc%7C%7C?hl=zh-TW,sponsored,latest_annotation,2026-06-23T15:40:16.508081+00:00
25aaa72fd7d2ae2a8138ef06,海勒牛排館 基隆牛排館,綠藻毬,,5,"生日來這吃，送了一客牛排很大氣！
而且送的牛排非常好吃，肉質很好熟度剛好😋
番茄漁夫義大利麵大推！！雞排也是肉很嫩，調味也很讚。然後老闆（？）很熱情！！",https://www.google.com/maps/reviews/data=!4m8!14m7!1m6!2m5!1sCi9DQUlRQUNvZENodHljRjlvT2xkS01XODBhWGxoUzA5emR6RjRhbnByWjJGblExRRAB!2m1!1s0x0:0xff15180e333af4dc!3m1!1s2@1:CAIQACodChtycF9oOldKMW80aXlhS09zdzF4anprZ2FnQ1E%7C%7C?hl=zh-TW,sponsored,latest_annotation,2026-06-23T15:36:24.065763+00:00
2775f64b7b57127f88746e63,海勒牛排館 基隆牛排館,Judy Lin,,5,服務好，氣氛佳，生日壽星還點套餐送一顆牛排喔～,https://www.google.com/maps/reviews/data=!4m8!14m7!1m6!2m5!1sChZDSUhNMG9nS0VJQ0FnSUQzbzRYdEVREAE!2m1!1s0x0:0xff15180e333af4dc!3m1!1s2@1:CIHM0ogKEICAgID3o4XtEQ%7C%7C?hl=zh-TW,sponsored,latest_annotation,2026-06-23T15:43:52.733814+00:00
334bdb41cb860e9ac2dbdf1a,海勒牛排館 基隆牛排館,彭彭,,5,還好有先訂位～全家吃的很開心！老闆服務很好！壽星福利很好！整體味道口感就是好吃！份量十足！會再度光臨！,https://www.google.com/maps/reviews/data=!4m8!14m7!1m6!2m5!1sCi9DQUlRQUNvZENodHljRjlvT21WSmVWSjFNSFZtZVdnd09IaFhZVFJuUXpacWIzYxAB!2m1!1s0x0:0xff15180e333af4dc!3m1!1s2@1:CAIQACodChtycF9oOmVJeVJ1MHVmeWgwOHhXYTRnQzZqb3c%7C%7C?hl=zh-TW,sponsored,latest_annotation,2026-06-23T15:39:13.735736+00:00
3854c461e8b4ee2c9e26d83a,海勒牛排館 基隆牛排館,皇家小肥雀,,5,燈光美氣氛佳，料理也很好吃，意外的是雞排有橙汁沾醬，整體來說非常美好的用餐體驗，生日當月還有送牛排，真的太棒了,https://www.google.com/maps/reviews/data=!4m8!14m7!1m6!2m5!1sChZDSUhNMG9nS0VJQ0FnSUR6ajdhMGJBEAE!2m1!1s0x0:0xff15180e333af4dc!3m1!1s2@1:CIHM0ogKEICAgIDzj7a0bA%7C%7C?hl=zh-TW,sponsored,latest_annotation,2026-06-23T15:36:36.474214+00:00
4bbdf6fcd2ca9707bb82663a,海勒牛排館 基隆牛排館,Wendy,,5,餐份量足夠，玉米湯可以加$50換成酥皮玉米濃湯，現在壽星有多送一客牛排，相當划算！服務很親切，收盤子的速度很快，餐廳播著輕快的古典音樂，適合慢慢聊天，慢慢吃,https://www.google.com/maps/reviews/data=!4m8!14m7!1m6!2m5!1sChZDSUhNMG9nS0VJQ0FnTURBLXFLcUpBEAE!2m1!1s0x0:0xff15180e333af4dc!3m1!1s2@1:CIHM0ogKEICAgMDA-qKqJA%7C%7C?hl=zh-TW,sponsored,latest_annotation,2026-06-23T15:41:38.464073+00:00
52d3e390dbfe1305befad1e4,海勒牛排館 基隆牛排館,陳靜萍 anita,,5,"來歐CP值⭐️⭐️⭐️⭐️⭐️

餐點好好吃😋美味

配上老闆超優！ 超有溫度服務👍👍

💕💕當月壽星還有免費牛排",https://www.google.com/maps/reviews/data=!4m8!14m7!1m6!2m5!1sChZDSUhNMG9nS0VJQ0FnSUN2bjh1ZVFBEAE!2m1!1s0x0:0xff15180e333af4dc!3m1!1s2@1:CIHM0ogKEICAgICvn8ueQA%7C%7C?hl=zh-TW,sponsored,latest_annotation,2026-06-23T15:35:24.957924+00:00
5946dbe53f28c2ba30cbf5b6,海勒牛排館 基隆牛排館,Ro Chang,,5,"沙拉、酥皮濃湯、香蒜麵包、牛排、梅子醋、奶茶、蒜蝦麵、水果都非常好吃！
當月壽星還能再有一份免費牛排，現場很多人都是去過生日的，非常推薦，老闆很親切～～",https://www.google.com/maps/reviews/data=!4m8!14m7!1m6!2m5!1sChZDSUhNMG9nS0VJQ0FnSUQzaHZMb0tnEAE!2m1!1s0x0:0xff15180e333af4dc!3m1!1s2@1:CIHM0ogKEICAgID3hvLoKg%7C%7C?hl=zh-TW,sponsored,latest_annotation,2026-06-23T15:42:33.754318+00:00
59ec80dcd02bf6429cd44058,海勒牛排館 基隆牛排館,Ashley Huang,,5,"第一次來，老闆耐心介紹，剛好家人是壽星，以為只是多送肉的部分，結果是多送一份餐，這也太有心了吧。
家人不太吃有血水生的食物，又擔心全熟太硬，但是吃起來不會耶，還是有嫩，且帶點汁👍，其他餐點也都不錯吃👍",https://www.google.com/maps/reviews/data=!4m8!14m7!1m6!2m5!1sCi9DQUlRQUNvZENodHljRjlvT2toMloxRmlSbFZoV1V0bU9WQlZRVFkxUkhWdFluYxAB!2m1!1s0x0:0xff15180e333af4dc!3m1!1s2@1:CAIQACodChtycF9oOkh2Z1FiRlVhWUtmOVBVQTY1RHVtYnc%7C%7C?hl=zh-TW,sponsored,latest_annotation,2026-06-23T15:46:13.822138+00:00
5bb9d376d1960ed7dec39903,海勒牛排館 基隆牛排館,林annie,,5,好吃！！老闆用心經營， 每月壽星送一客牛排，物超所值,https://www.google.com/maps/reviews/data=!4m8!14m7!1m6!2m5!1sCi9DQUlRQUNvZENodHljRjlvT21jMFVFdEhVM0E1WkdsSmFFNTFYMDVFWXpodE9VRRAB!2m1!1s0x0:0xff15180e333af4dc!3m1!1s2@1:CAIQACodChtycF9oOmc0UEtHU3A5ZGlJaE51X05EYzhtOUE%7C%7C?hl=zh-TW,sponsored,latest_annotation,2026-06-23T15:38:02.463454+00:00
5f22cd99c0fe2b8e95772797,海勒牛排館 基隆牛排館,姵穎,,5,"生日贈送的牛排好吃 豬排也好吃 小孩喜歡喜歡墨魚義大利麵
飲料奶茶好喝",https://www.google.com/maps/reviews/data=!4m8!14m7!1m6!2m5!1sCi9DQUlRQUNvZENodHljRjlvT20xdFpsZE5UelExWDJwR1psbDFaWEF4T1RVNFVtYxAB!2m1!1s0x0:0xff15180e333af4dc!3m1!1s2@1:CAIQACodChtycF9oOm1tZldNTzQ1X2pGZll1ZXAxOTU4Umc%7C%7C?hl=zh-TW,sponsored,latest_annotation,2026-06-23T15:39:52.470258+00:00
63de6b1017f9245c049d3598,海勒牛排館 基隆牛排館,魚瑜,,5,"開心😃又找到一家好吃的牛排…
第一次來
為了酥皮濃湯而來😍😍😍
牛排也很嫩😋😋😋
兒子說生日要再來吃老闆送的牛排🥩😋😋😋😋😋",https://www.google.com/maps/reviews/data=!4m8!14m7!1m6!2m5!1sCi9DQUlRQUNvZENodHljRjlvT2t4TU5qZGhUVWRVWmtwWGRIUmFURVpZWVZWUWFtYxAB!2m1!1s0x0:0xff15180e333af4dc!3m1!1s2@1:CAIQACodChtycF9oOkxMNjdhTUdUZkpXdHRaTEZYYVVQamc%7C%7C?hl=zh-TW,sponsored,latest_annotation,2026-06-23T15:35:02.535113+00:00
6c657e6a4e0874761112b713,海勒牛排館 基隆牛排館,薛美淑,,5,餐點精緻好吃！當月壽星又送牛排噢！,https://www.google.com/maps/reviews/data=!4m8!14m7!1m6!2m5!1sCi9DQUlRQUNvZENodHljRjlvT2xsalluQnJYMk5zVEhwSWFrUnlXVEUwV0c5QlNYYxAB!2m1!1s0x0:0xff15180e333af4dc!3m1!1s2@1:CAIQACodChtycF9oOlljYnBrX2NsTHpIakRyWTE0WG9BSXc%7C%7C?hl=zh-TW,sponsored,latest_annotation,2026-06-23T15:34:56.96938+00:00
7ab87cb210488ed21d714b96,海勒牛排館 基隆牛排館,Chen-Yu TANG,,4,"老式西餐廳風格，店內播放古典鋼琴音樂，而非一般流行音樂。

店內裝潢、桌面、廁所都乾淨舒服，透明水杯也有質感。洋蔥湯非濃郁風格，是焦糖化洋蔥加高湯，份量很大。烤田螺做法標準，但水果沙拉醬汁略嫌不搭。蒜片麵包可續盤。

供應美國choice級牛排，牛排菲力三分熟度精準，配菜烤洋蔥漂亮，生蒜片、牛排醬都融入擺盤中，溫熱瓷盤呈現也很不錯，但可惜雞腿排皮未煎至酥脆，帶骨豬排調味略重。餐後咖啡很大杯，幾乎是下午茶餐廳會供應的份量。

供應法式風格的智利產單杯葡萄酒150元/杯，義大利麵加套餐約200多元，排餐約500多元至1200元，整體價格實惠，是慶祝的好地方。",https://www.google.com/maps/reviews/data=!4m8!14m7!1m6!2m5!1sChZDSUhNMG9nS0VJQ0FnSURvcUpPeGZBEAE!2m1!1s0x0:0xff15180e333af4dc!3m1!1s2@1:CIHM0ogKEICAgIDoqJOxfA%7C%7C?hl=zh-TW,sponsored,latest_annotation,2026-06-23T15:45:56.37604+00:00
7cdf37faa035f32c79ac5b3f,海勒牛排館 基隆牛排館,敏嘉,,4,"當月壽星點排餐送排餐三選一
這次點豬排送牛排
法式豬排比想像中厚，這麼厚的豬排還很嫩，非常難以想像
紐西蘭牛排五分熟很嫩但不知道為什麼缺乏牛味，有點可惜
濃湯必加酥皮變酥皮濃湯，超級值得
番茄海鮮義大利麵醬汁濃郁，另外加很多蒜頭，推薦給蒜頭海鮮控
麵包、沙拉等套餐內的食物則是中規中矩
桑椹和醋飲好喝
當天用餐沒有布丁等甜點，可能之後不會有了
店裡只有一名服務生，人多時點菜、收桌和清潔顯得人手不足",https://www.google.com/maps/reviews/data=!4m8!14m7!1m6!2m5!1sCi9DQUlRQUNvZENodHljRjlvT2sxV01WZG5NMDFDWWxCaU5XeE9XRWh2WTI5TlVGRRAB!2m1!1s0x0:0xff15180e333af4dc!3m1!1s2@1:CAIQACodChtycF9oOk1WMVdnM01CYlBiNWxOWEhvY29NUFE%7C%7C?hl=zh-TW,sponsored,latest_annotation,2026-06-23T15:38:50.511341+00:00
80cff3d40fbe595b8b3d0ac7,海勒牛排館 基隆牛排館,曾沅朕,,4,"酥皮濃湯.生菜沙拉.紐西蘭紐約客牛排.法式香煎豬排.蒙特嬰風味雞腿排.水果盆.拿鐵
環境：普
餐點：好
價位：低（特殊活動）
備註：當月生日壽星活動.信.冷.便",https://www.google.com/maps/reviews/data=!4m8!14m7!1m6!2m5!1sCi9DQUlRQUNvZENodHljRjlvT25aMk9FbHhUR0pmVURJMWJXRndlVmt3YVY5QmFHYxAB!2m1!1s0x0:0xff15180e333af4dc!3m1!1s2@1:CAIQACodChtycF9oOnZ2OElxTGJfUDI1bWFweVkwaV9BaGc%7C%7C?hl=zh-TW,sponsored,latest_annotation,2026-06-23T15:38:22.884872+00:00
8124aab7451eef643573f294,海勒牛排館 基隆牛排館,林子莛,,5,服務很好，食物也很不錯，當月壽星送的牛排好吃也很大塊，推推～,https://www.google.com/maps/reviews/data=!4m8!14m7!1m6!2m5!1sChZDSUhNMG9nS0VJQ0FnSURGN3RLMlR3EAE!2m1!1s0x0:0xff15180e333af4dc!3m1!1s2@1:CIHM0ogKEICAgIDF7tK2Tw%7C%7C?hl=zh-TW,sponsored,latest_annotation,2026-06-23T15:37:53.360088+00:00
85b1778a4051a7eb1bc867ca,海勒牛排館 基隆牛排館,Libby Cheng,,5,生日月來店還送牛排一份，牛肉很嫩不柴，蕃茄漁夫海鮮義大利麵很鮮甜美。,https://www.google.com/maps/reviews/data=!4m8!14m7!1m6!2m5!1sCi9DQUlRQUNvZENodHljRjlvT2tKcVNWSnVZWEZ6WmtkT2MzUk1hMDlEZFVGUlJrRRAB!2m1!1s0x0:0xff15180e333af4dc!3m1!1s2@1:CAIQACodChtycF9oOkJqSVJuYXFzZkdOc3RMa09DdUFRRkE%7C%7C?hl=zh-TW,sponsored,latest_annotation,2026-06-23T15:43:14.829002+00:00
981713c65f9feda1cad6ae23,海勒牛排館 基隆牛排館,Hsiangyu Hsieh,,5,"經典牛排西餐館的氣氛👍
餐點口味頗驚喜的
壽星還有送牛排的優惠(不吃牛可換豬or雞）
下次可再訪",https://www.google.com/maps/reviews/data=!4m8!14m7!1m6!2m5!1sChZDSUhNMG9nS0VJQ0FnSUMxbUlfcE9nEAE!2m1!1s0x0:0xff15180e333af4dc!3m1!1s2@1:CIHM0ogKEICAgIC1mI_pOg%7C%7C?hl=zh-TW,sponsored,latest_annotation,2026-06-23T15:44:13.944311+00:00
9db215d3591a80f1e3da71b9,海勒牛排館 基隆牛排館,Louis Lu,,1,生日活動送的 牛排 吃起來完全沒有肉的口感粉粉的，口感像漢堡肉鬆鬆散散的感覺。,https://www.google.com/maps/reviews/data=!4m8!14m7!1m6!2m5!1sCi9DQUlRQUNvZENodHljRjlvT205Mk1FUldTbGd5ZGkxSll6WjZMVTB6WW1WQloyYxAB!2m1!1s0x0:0xff15180e333af4dc!3m1!1s2@1:CAIQACodChtycF9oOm92MERWSlgydi1JYzZ6LU0zYmVBZ2c%7C%7C?hl=zh-TW,sponsored,latest_annotation,2026-06-23T15:43:12.912469+00:00
a04244a868aa97c52d4954b7,海勒牛排館 基隆牛排館,周愛莉,,4,HB餐送一客牛排,https://www.google.com/maps/reviews/data=!4m8!14m7!1m6!2m5!1sCi9DQUlRQUNvZENodHljRjlvT2xab2N6WndWVWQyZW1WeE9YVndWMng0WWpCcFJuYxAB!2m1!1s0x0:0xff15180e333af4dc!3m1!1s2@1:CAIQACodChtycF9oOlZoczZwVUd2emVxOXVwV2x4YjBpRnc%7C%7C?hl=zh-TW,sponsored,latest_annotation,2026-06-23T15:40:07.765968+00:00
a0af205035a9888ae872a316,海勒牛排館 基隆牛排館,王婉如,,5,當月壽星送份牛排十分劃算 餐點好吃 服務態度親切 很適合慶生聚餐,https://www.google.com/maps/reviews/data=!4m8!14m7!1m6!2m5!1sCi9DQUlRQUNvZENodHljRjlvT20xNVZEVlRWV3gzTFZreVp6VjJORTF2VFZkalFWRRAB!2m1!1s0x0:0xff15180e333af4dc!3m1!1s2@1:CAIQACodChtycF9oOm15VDVTVWx3LVkyZzV2NE1vTVdjQVE%7C%7C?hl=zh-TW,sponsored,latest_annotation,2026-06-23T15:36:57.531176+00:00
a2843dba199f9fd53288b57e,海勒牛排館 基隆牛排館,H,,5,"牛排很好吃！😋
壽星生日當月點套餐送牛排哦！🎉",https://www.google.com/maps/reviews/data=!4m8!14m7!1m6!2m5!1sChdDSUhNMG9nS0VJQ0FnSURkeGZEbHlRRRAB!2m1!1s0x0:0xff15180e333af4dc!3m1!1s2@1:CIHM0ogKEICAgIDdxfDlyQE%7C%7C?hl=zh-TW,sponsored,latest_annotation,2026-06-23T15:44:17.567093+00:00
a9f4ba8b4cfdc57e900c8d04,海勒牛排館 基隆牛排館,錢家宜,,5,"這次在基隆造訪了這間充滿復古情懷的海勒牛排，雖然是牛排館，但最讓人期待的是他們超級佛心的生日優惠以及那讓人懷念的酥皮濃湯！
​🎁 當月壽星必訪！海勒牛排：懷舊氛圍中的美味驚喜
​這間海勒牛排的裝潢風格很有特色，有種童年時期復古牛排館的氛圍，讓人走進去就感到很舒適溫馨。不過，最吸引人的絕對是他們的當月壽星優惠——低消一份套餐的條件下，竟然直接送一份排餐！這個優惠真的超級划算，非常適合生日月揪親朋好友一起來慶祝。
​🥣 酥皮濃湯（加購價 +50）：
​雖然套餐內的湯品不是酥皮濃湯，但強烈建議一定要加價 $50 換購酥皮濃湯！許多網友都點名推薦這款是必點品項。那金黃酥脆的酥皮，搭配濃郁香甜的湯頭，一口氣挖下去，那種懷舊又滿足的滋味，真的是勾起了小時候吃牛排的記憶。
​🥩 排餐表現（低消一份套餐）：
​牛排本身口感和味道都很好，但這間店的排餐似乎豬排和羊排也獲得了許多好評。不論您選擇了哪種排餐作為低消，海勒都能提供中高水準的表現。
​總結來說，海勒牛排是一家環境舒適、餐點價位中高，但整體環境和口味都很不錯的復古牛排館。如果剛好是您的生日月，絕對不要錯過這個超值優惠，記得點上那碗必吃的酥皮濃湯，為自己和朋友帶來一個美味又充滿回憶的慶祝！",https://www.google.com/maps/reviews/data=!4m8!14m7!1m6!2m5!1sCi9DQUlRQUNvZENodHljRjlvT2xaelNHdGxPRFJKTUU5NU1UUjJSbGhQYWpOVmFHYxAB!2m1!1s0x0:0xff15180e333af4dc!3m1!1s2@1:CAIQACodChtycF9oOlZzSGtlODRJME95MTR2RlhPajNVaGc%7C%7C?hl=zh-TW,sponsored,latest_annotation,2026-06-23T15:34:44.58668+00:00
b0613b7736bbb7949683d499,海勒牛排館 基隆牛排館,BB Chen,,5,超過一百分～服務也很讚～當月壽星有招待牛排喔！,https://www.google.com/maps/reviews/data=!4m8!14m7!1m6!2m5!1sChdDSUhNMG9nS0VJQ0FnSUM3aXVmM3lBRRAB!2m1!1s0x0:0xff15180e333af4dc!3m1!1s2@1:CIHM0ogKEICAgIC7iuf3yAE%7C%7C?hl=zh-TW,sponsored,latest_annotation,2026-06-23T15:46:05.72904+00:00
b33c2e15a44d1d9ad8bbfffa,海勒牛排館 基隆牛排館,Jenny chiu,,5,壽星優惠送的牛排完全不馬虎，7分熟嫩度很剛好，值得一吃，不輸很多台北好吃牛排店。,https://www.google.com/maps/reviews/data=!4m8!14m7!1m6!2m5!1sCi9DQUlRQUNvZENodHljRjlvT2xnNVlqUkZObXBXV0daMVp6TjRNRWRCYUU5SmJFRRAB!2m1!1s0x0:0xff15180e333af4dc!3m1!1s2@1:CAIQACodChtycF9oOlg5YjRFNmpWWGZ1ZzN4MEdBaE9JbEE%7C%7C?hl=zh-TW,sponsored,latest_annotation,2026-06-23T15:44:05.789672+00:00
cd8301f8522131703c197fc0,海勒牛排館 基隆牛排館,Chloe,,5,"1.餐點從沙拉到飲料，完全無雷！沙拉很新鮮，生菜水嫩；濃湯搭配香蒜麵包是一絕、鮮蝦義大利麵的蝦給的超多、鮭魚也很新鮮沒腥味，排餐肉質好，培根奶油義大利麵有加一顆生蛋黃拌，兒子說這是他吃過最好吃的培根義大利麵！
生日壽星還多送一客牛排，很大氣
2.服務態度很得宜，收餐盤時間很好，都不會打擾到客人
3.氣氛很高雅放鬆，喜歡體驗這種復古老錢風，跟基隆港港都風情相得益彰",https://www.google.com/maps/reviews/data=!4m8!14m7!1m6!2m5!1sCi9DQUlRQUNvZENodHljRjlvT2pJNU9IQmlaVWswYlhSb1MwVm1kVkJpVVRGMVUzYxAB!2m1!1s0x0:0xff15180e333af4dc!3m1!1s2@1:CAIQACodChtycF9oOjI5OHBiZUk0bXRoS0VmdVBiUTF1U3c%7C%7C?hl=zh-TW,sponsored,latest_annotation,2026-06-23T15:45:14.324437+00:00
d4d2a246d0487e132fac3836,海勒牛排館 基隆牛排館,peach K,,5,因為壽星優惠來嚐鮮看看！服務很好，牛排也好吃，也會針對孩子的口味做貼心的調整。過了一個很有氣氛的生日。不過要記得帶實體證件，而且一桌只能送一份喔～,https://www.google.com/maps/reviews/data=!4m8!14m7!1m6!2m5!1sCi9DQUlRQUNvZENodHljRjlvT2tkMFRsZG9VMmxEYlhnM1prdzNSbk14VnpaS1RGRRAB!2m1!1s0x0:0xff15180e333af4dc!3m1!1s2@1:CAIQACodChtycF9oOkd0TldoU2lDbXg3Zkw3RnMxVzZKTFE%7C%7C?hl=zh-TW,sponsored,latest_annotation,2026-06-23T15:40:55.418183+00:00
d4e0b7cd1061901cb1588e42,海勒牛排館 基隆牛排館,周子瑞,,5,"#沙拉不錯 #田螺不錯 #酥皮濃湯普通 #蒜香鮮蝦義大利麵蠻香的值得一嚐 #牛排超嫩 #骰子牛弟弟說有點硬老闆一聽到馬上主動幫免費換一份菲力 太帥氣了#烤布蕾姐姐認證好吃吃了2個
以這價位壽星再多送一份牛排真的算可以",https://www.google.com/maps/reviews/data=!4m8!14m7!1m6!2m5!1sCi9DQUlRQUNvZENodHljRjlvT2w5aGVGWnFWV2xuWm5Fek4zRmhNMW94YmxjemFYYxAB!2m1!1s0x0:0xff15180e333af4dc!3m1!1s2@1:CAIQACodChtycF9oOl9heFZqVWlnZnEzN3FhM1oxblczaXc%7C%7C?hl=zh-TW,sponsored,latest_annotation,2026-06-23T15:40:12.828639+00:00
daf5b822b9a4b2db8172a866,海勒牛排館 基隆牛排館,CHRISTINA,,5,"酥皮濃湯、牛排跟豬排都很好吃！
當月壽星可免費贈送一份牛排（每人低消一份套餐），而且牛排超大塊的也很好吃，非常推薦壽星來這邊慶生！

老闆服務親切有禮貌，我們會再來拜訪的：）",https://www.google.com/maps/reviews/data=!4m8!14m7!1m6!2m5!1sCi9DQUlRQUNvZENodHljRjlvT2xZeFdreHZOVEV6TVVoME1XNVhXRk5MUVhGV1JrRRAB!2m1!1s0x0:0xff15180e333af4dc!3m1!1s2@1:CAIQACodChtycF9oOlYxWkxvNTEzMUh0MW5XWFNLQXFWRkE%7C%7C?hl=zh-TW,sponsored,latest_annotation,2026-06-23T15:46:03.542993+00:00
db1b732ac8fdd8ebcc491d2a,海勒牛排館 基隆牛排館,岑岑,,5,"跟親愛的閨蜜來吃生日大餐
餐點超級好吃，服務超級棒棒
當月壽星送牛排喔🥩",https://www.google.com/maps/reviews/data=!4m8!14m7!1m6!2m5!1sCi9DQUlRQUNvZENodHljRjlvT2tsVWJXZDNOMTlpZGtwdFh6TmlhMGd4WjJkd1JrRRAB!2m1!1s0x0:0xff15180e333af4dc!3m1!1s2@1:CAIQACodChtycF9oOklUbWd3N19idkptXzNia0gxZ2dwRkE%7C%7C?hl=zh-TW,sponsored,latest_annotation,2026-06-23T15:38:56.854059+00:00
dd0306c9b400412d0e1a8a0d,海勒牛排館 基隆牛排館,金采蓁,,5,cp值很高的海勒，雖然新菜單有比較貴一點，但好吃度仍舊，而且壽星好划算，❤️❤️❤️,https://www.google.com/maps/reviews/data=!4m8!14m7!1m6!2m5!1sChdDSUhNMG9nS0VJQ0FnSUNONWY2STNRRRAB!2m1!1s0x0:0xff15180e333af4dc!3m1!1s2@1:CIHM0ogKEICAgICN5f6I3QE%7C%7C?hl=zh-TW,sponsored,latest_annotation,2026-06-23T15:34:49.802111+00:00
e0ef9ef078598ba571843a30,海勒牛排館 基隆牛排館,林慧芯,,4,"有點復古的牛排館，位置寬敞，老闆人很親切，客氣，餐點份量足夠，套餐有，前菜沙拉，麵包，濃湯，主餐，甜點，飲料，算是cp值高的套餐，加50元還可以升級酥皮濃湯，
當月壽星還會贈送牛排，份量還不小喔~~",https://www.google.com/maps/reviews/data=!4m8!14m7!1m6!2m5!1sChZDSUhNMG9nS0VJQ0FnTUNReXIzT1V3EAE!2m1!1s0x0:0xff15180e333af4dc!3m1!1s2@1:CIHM0ogKEICAgMCQyr3OUw%7C%7C?hl=zh-TW,sponsored,latest_annotation,2026-06-23T15:37:48.819515+00:00
ec230179d1d6c5eb4d3c92c3,海勒牛排館 基隆牛排館,Chi Chen,,5,有當月壽星優惠會送牛排，牛排超好吃，還有鮮蝦義大利麵也很好吃，CP值超高，套餐份量很足夠。此外，餐廳裝潢很漂亮，氣氛很好，播放的鋼琴曲很舒適，很適合跟朋友聚餐。,https://www.google.com/maps/reviews/data=!4m8!14m7!1m6!2m5!1sChdDSUhNMG9nS0VJQ0FnSURqaTlYM3l3RRAB!2m1!1s0x0:0xff15180e333af4dc!3m1!1s2@1:CIHM0ogKEICAgIDji9X3ywE%7C%7C?hl=zh-TW,sponsored,latest_annotation,2026-06-23T15:45:25.117374+00:00
ed3093bd6cf89e50d3733222,海勒牛排館 基隆牛排館,Louisa Liu,,5,老闆很親切， 當月壽星加贈牛排😁,https://www.google.com/maps/reviews/data=!4m8!14m7!1m6!2m5!1sCi9DQUlRQUNvZENodHljRjlvT2pCRlRsbGhiMkowUmswNFFrd3dSMlo0V2xWbWVuYxAB!2m1!1s0x0:0xff15180e333af4dc!3m1!1s2@1:CAIQACodChtycF9oOjBFTllhb2J0Rk04QkwwR2Z4WlVmenc%7C%7C?hl=zh-TW,sponsored,latest_annotation,2026-06-23T15:43:10.045723+00:00
ed92e9d3b4a4143ac8a1d806,海勒牛排館 基隆牛排館,Shaina,,4,"當月壽星有贈送牛排一份（壽星本人還是要點一份套餐），很適合大胃王的壽星🤣
沒有限制當月使用次數，每次只要出示身份證即可。",https://www.google.com/maps/reviews/data=!4m8!14m7!1m6!2m5!1sCi9DQUlRQUNvZENodHljRjlvT25Wc1RIUmFNSGcyZDBOeVdsZFJWRE01UWtocU9HYxAB!2m1!1s0x0:0xff15180e333af4dc!3m1!1s2@1:CAIQACodChtycF9oOnVsTHRaMHg2d0NyWldRVDM5QkhqOGc%7C%7C?hl=zh-TW,sponsored,latest_annotation,2026-06-23T15:42:15.262015+00:00
f4a0fbcb993c41d84e9b2e4c,海勒牛排館 基隆牛排館,WeiMin Wu,,4,"不錯吃氣氛又好的牛排館，而且如果壽星還會免費送你一盤紐約克牛排，不是送一片肉喔，是一盤，讓我下次有人生日的時候會想帶朋友來這邊慶生。
另外酥皮濃湯+50元可以升級，他是有螺紋的酥皮，雖然湯底普通，但是上面的酥皮很好吃。",https://www.google.com/maps/reviews/data=!4m8!14m7!1m6!2m5!1sCi9DQUlRQUNvZENodHljRjlvT2twdWR6ZFVlVkp4TUdwaGNtNTNNbUZ4TTNaaWQzYxAB!2m1!1s0x0:0xff15180e333af4dc!3m1!1s2@1:CAIQACodChtycF9oOkpudzdUeVJxMGphcm53MmFxM3Zid3c%7C%7C?hl=zh-TW,sponsored,latest_annotation,2026-06-23T15:41:55.075333+00:00
f7d812c1af625dc7d7e6766e,海勒牛排館 基隆牛排館,Cynthia Kao,,2,慶祝家人生日，可以多份免費牛排！牛排不大且食材的好吃程度和價格不成正比～家人同樣點牛排，但我的這份偏筋多且有的部分硬… 排餐裡的秋葵是我此生吃過最硬的… 整體吃下來普普，是不會特別二訪的店…,https://www.google.com/maps/reviews/data=!4m8!14m7!1m6!2m5!1sCi9DQUlRQUNvZENodHljRjlvT21OMVpFSkZkbHAzWVRSVk9FaFRiVU5vT1hkU1VYYxAB!2m1!1s0x0:0xff15180e333af4dc!3m1!1s2@1:CAIQACodChtycF9oOmN1ZEJFdlp3YTRVOEhTbUNoOXdSUXc%7C%7C?hl=zh-TW,sponsored,latest_annotation,2026-06-23T15:45:03.963203+00:00
fa1d76681d5d6f7471db2db1,海勒牛排館 基隆牛排館,霹靂喬娃,,5,食物都算美味喔！店有點大冷氣不夠冷，義大利麵很好吃牛肉也比連鎖店好吃很多，價格跟品質算合乎標準，可以再訪，因為壽星會招待一份牛排很有誠意的店家,https://www.google.com/maps/reviews/data=!4m8!14m7!1m6!2m5!1sChdDSUhNMG9nS0VJQ0FnSUM3NWNENXp3RRAB!2m1!1s0x0:0xff15180e333af4dc!3m1!1s2@1:CIHM0ogKEICAgIC75cD5zwE%7C%7C?hl=zh-TW,sponsored,latest_annotation,2026-06-23T15:35:05.707065+00:00
fab856301cbcdaa968ee0874,海勒牛排館 基隆牛排館,鄧宇堯,,5,"1.上餐速度略慢，有點餓過頭了
2.外場服務人員僅有一位，因此桌數多時，會顯得有點匆忙
3.壽星優惠牛排，軟嫩好吃
4.雞腿排表皮有酥脆，但少了一點溫度，略有一點腥味。
5.配菜都很特別，平常外面吃不到(是一坨炒飯唷XD)
6.裝潢跟擺設都很用心，廁所乾淨
7.甜點紅豆奶酪很好吃",https://www.google.com/maps/reviews/data=!4m8!14m7!1m6!2m5!1sChZDSUhNMG9nS0VJQ0FnSUM3emEyTVhBEAE!2m1!1s0x0:0xff15180e333af4dc!3m1!1s2@1:CIHM0ogKEICAgIC7za2MXA%7C%7C?hl=zh-TW,sponsored,latest_annotation,2026-06-23T15:35:46.269645+00:00
6126ed992af74c4846963658,涮一鍋,Laura,,5,"涮一鍋服務超讚沒話說+海鮮、肉都很鮮甜，大推👍🏻
生日送和牛、九孔，還有打九折
打卡送炸蝦🍤",https://www.google.com/maps/reviews/data=!4m8!14m7!1m6!2m5!1sCi9DQUlRQUNvZENodHljRjlvT25ORWVIUm1ZalpOVGtScFpsaEJVak14TjJGaVpWRRAB!2m1!1s0x0:0xed8dc0e4ab2152f7!3m1!1s2@1:CAIQACodChtycF9oOnNEeHRmYjZNTkRpZlhBUjMxN2FiZVE%7C%7C?hl=zh-Hant,sponsored,latest_annotation,2026-06-24T05:48:51.879458+00:00
99697ea0dde5e3c6849a2f75,涮一鍋,jiaooo,,5,石頭鍋跟牛奶鍋湯低很不錯，店員服務很不錯，今天剪的牛肉增量跟豬肉增量，基隆的火鍋通行證真的可以閱換喔，同時還可以用壽星，學生證，打卡優惠，很棒的店家,https://www.google.com/maps/reviews/data=!4m8!14m7!1m6!2m5!1sCi9DQUlRQUNvZENodHljRjlvT2t4WWQybzRlRVJPZFZWVlYwazBTMDVxTW5jMFlVRRAB!2m1!1s0x0:0xed8dc0e4ab2152f7!3m1!1s2@1:CAIQACodChtycF9oOkxYd2o4eEROdVVVV0k0S05qMnc0YUE%7C%7C?hl=zh-Hant,sponsored,latest_annotation,2026-06-24T05:48:25.853753+00:00
9ad96cfeb851d4dc59dc331b,涮一鍋,Bai Bai,,5,石頭鍋跟牛奶鍋湯低很不錯，店員服務很不錯，今天剪的牛肉增量跟豬肉增量，基隆的火鍋通行證真的可以閱換喔，同時還可以用壽星，學生證，打卡優惠，很棒的店家,https://www.google.com/maps/reviews/data=!4m8!14m7!1m6!2m5!1sCi9DQUlRQUNvZENodHljRjlvT25kSGRXVmFkRGRRYTFoUFNGTXdlV1p6VFRObWNtYxAB!2m1!1s0x0:0xed8dc0e4ab2152f7!3m1!1s2@1:CAIQACodChtycF9oOndHdWVadDdQa1hPSFMweWZzTTNmcmc%7C%7C?hl=zh-Hant,sponsored,latest_annotation,2026-06-24T05:48:59.361316+00:00
ddb19d79c216c28aa3e530a5,涮一鍋,Joanna Ho,,5,"點了秘藏月見醬嫩牛399~有醃過（像丼飯中的牛肉），
經典老饕梅花豬389，
湯底是原味和石頭鍋+20，
要一成共889，
看起來和巷內有一鍋和森森小匠的很像~但巷內有一鍋自助吧能選擇的東西比較多（同集團），
尤其沒有滷肉飯欸，
所以下回會比較想去巷內有一鍋。
P.S.
1.今天最好吃的~竟然是打卡送的炸蝦（兩尾），外酥內嫩，上面灑上炸過的蔥蒜，一整個令人回味（忘了拍）！
2.他們集團要壽星去吃比較適合，
會打折送東西（我老是忘記）。
3.下回再去，我會吃平日的商業套餐加炸物。
2025/11/03",https://www.google.com/maps/reviews/data=!4m8!14m7!1m6!2m5!1sCi9DQUlRQUNvZENodHljRjlvT25WcWREVTRiRU5tVGxJMVVXaDJURXByZFVKaE5sRRAB!2m1!1s0x0:0xed8dc0e4ab2152f7!3m1!1s2@1:CAIQACodChtycF9oOnVqdDU4bENmTlI1UWh2TEprdUJhNlE%7C%7C?hl=zh-Hant,sponsored,latest_annotation,2026-06-24T05:49:06.796028+00:00
e2324c5b517859add1e17399,涮一鍋,Vanessa__ YU,,5,"超誇張

很久沒有吃到送東西這麼乾脆的店家!!
長輩、壽星、打卡、折價等等...活動超級多，多到你會懷疑(威
而且送的品項非常豪邁，不怕你吃，補菜人員也很積極~
重點服務人員都很親切，還幫忙考慮人數建議餐點
也很熱心地願意再度解說活動(因為真的很多)

環境整潔、食材新鮮、種類多樣，
蔬菜還有少見的山茼蒿，而且很嫩阿嬤很滿意(?)
咖啡機是好喝的那種、有個檸檬特製醬也好清爽!非常適合沾肉

小插曲是過幾天發現結帳金額有誤，店員及店長也都很耐心又盡速的解決了
謝謝你們

~絕對是會再訪好幾次的店家~",https://www.google.com/maps/reviews/data=!4m8!14m7!1m6!2m5!1sCi9DQUlRQUNvZENodHljRjlvT25oS1JEQndhMFIwWDNOYWVWZG9VV05qTVRaSlRuYxAB!2m1!1s0x0:0xed8dc0e4ab2152f7!3m1!1s2@1:CAIQACodChtycF9oOnhKRDBwa0R0X3NaeVdoUWNjMTZJTnc%7C%7C?hl=zh-Hant,sponsored,latest_annotation,2026-06-24T05:48:43.763598+00:00
f3c3f5a0ceacd5610d04ee54,涮一鍋,Crees Chung,,5,"（三刷）
怎麼辦，暫時可能沒有火鍋店能夠超越涮一鍋了 …
不僅食材超讚，服務人員都超正，態度又親切，忙碌著缺不失效率，真的很棒！
-----------------------
（二刷）
太好吃了，隔一週再來二刷了啦～～！！
-----------------------
涮一鍋，基隆新開幕火鍋店，有好多優惠活動，快來涮一鍋涮一下！",https://www.google.com/maps/reviews/data=!4m8!14m7!1m6!2m5!1sCi9DQUlRQUNvZENodHljRjlvT2pOWmVXWnJYMlZmT0hnd2VXOVFlbWxPYzBrM1NYYxAB!2m1!1s0x0:0xed8dc0e4ab2152f7!3m1!1s2@1:CAIQACodChtycF9oOjNZeWZrX2VfOHgweW9QemlOc0k3SXc%7C%7C?hl=zh-Hant,sponsored,latest_annotation,2026-06-24T05:49:28.046926+00:00
41b26c7db3192ee4a23992fe,涮樂和牛鍋物 食べ放題 第一品牌-基隆店,雞不擇食,,5,"火鍋吃到飽最低只要449元!!還可以坐擁無敵美景享受基隆港的擁抱
被網友封為「基隆最美的火鍋吃到飽餐廳」

馬辣集團超人氣吃到飽品牌 平日午餐最低只要449元就有吃到飽
喜歡高品質的美國和牛 推薦你們點『 極上雙和牛放題 』
平日午餐只要749元就可以吃到
來這邊必吃的就是和牛三吃
1️⃣現點現做的炙燒的和牛握壽司、2️⃣和牛咖哩飯、3️⃣涮和牛

不管任意套餐都能享受自助蔬菜吧和近百種鍋料任你拿
還有多種主食麵體、松露野菇炊飯、壽喜燒豚丼任你吃
還有在別的地方很少看到的基隆特產「魚丸伯手作魚丸」、「手作蛋腸」等特色鍋料
還有Niseko北海道冰淇淋、霜淇淋、甜點、HERSHEY'S巧克力冰沙、飲料無限吃到飽",https://www.google.com/maps/reviews/data=!4m8!14m7!1m6!2m5!1sChZDSUhNMG9nS0VJQ0FnSURiaV9MS1VnEAE!2m1!1s0x0:0xf3de292ecefd9ce!3m1!1s2@1:CIHM0ogKEICAgIDbi_LKUg%7C%7C?hl=zh-TW,sponsored,latest_annotation,2026-05-31T10:39:31.49456+00:00
52dbe79a2082d0a637f8cb40,涮樂和牛鍋物 食べ放題 第一品牌-基隆店,別墅裡的一百種味道100tastesintaiwan,,5,"涮樂和牛主打火鍋吃到飽，平日 $449 起可無限享用基本肉品、自助吧，加 $100 再升級海鮮吃到飽。幸運的話還能看到郵輪停泊，邊吃邊賞景超 chill～
⠀⠀
自助吧提供近 70 款食材，還有基隆店限定的蛋腸、吉古拉、魚丸伯魚丸。$749「極上雙和牛放題」可解鎖兩款和牛，炙燒和牛握壽司也能吃好吃滿；搭配麻油石頭鍋，涮肉煮菜都對味！最後用北海道冰淇淋、霜淇淋 DIY 甜蜜收尾！",https://www.google.com/maps/reviews/data=!4m8!14m7!1m6!2m5!1sChdDSUhNMG9nS0VJQ0FnTUNReTliVWd3RRAB!2m1!1s0x0:0xf3de292ecefd9ce!3m1!1s2@1:CIHM0ogKEICAgMCQy9bUgwE%7C%7C?hl=zh-TW,sponsored,latest_annotation,2026-05-31T10:41:48.856431+00:00
56c9a3b1ad87547956ed171e,涮樂和牛鍋物 食べ放題 第一品牌-基隆店,- TONY (‪TONY‬),,5,"* 饕客讚譽有加： 和牛吃到飽餐廳以其高品質的和牛和多樣化的菜色，深受饕客喜愛。無論是肉質的鮮嫩度、油花的分布，還是口感的豐富度，都讓人讚不絕口。
* 豐富的自助吧： 除了和牛之外，許多和牛吃到飽餐廳還提供豐富的自助吧，包括海鮮、蔬菜、火鍋料、甜點、飲料等，讓客人在品嚐美味和牛的同時，也能享受到其他美食的樂趣。
* 用餐環境舒適： 大部分和牛吃到飽餐廳都提供舒適的用餐環境，讓客人能夠輕鬆愉悅地享受美食。
* 服務親切周到： 許多和牛吃到飽餐廳的服務人員都非常親切周到，能夠及時為客人提供各種服務，讓客人感受到賓至如歸的感覺。
特別感謝服務人員鐘韋傑
* 專業服務： 鐘韋傑先生
以其專業的服務態度和熱情的服務精神，贏得了客人的讚譽。他/她不僅對和牛的知識非常了解，能夠為客人提供詳細的介紹和建議，還能夠及時為客人提供各種服務，讓客人感受到無微不至的關懷。
* 貼心服務： 鐘韋傑先生/小姐還能夠根據客人的需求，提供個性化的服務。例如，當客人對某種食材過敏時，他/她能夠及時為客人更換菜品；當客人對某種口味的料理不喜歡時，他/她能夠為客人推薦其他菜品。
* 熱情服務： 鐘韋傑先生總是面帶微笑，以熱情的態度為客人提供服務。他/她的熱情服務，讓客人感受到溫暖和親切，也為餐廳增添了一份溫馨的氛圍。
總結
和牛吃到飽餐廳以其高品質的和牛、豐富的菜色、舒適的環境和親切的服務，成為許多人心中的美食天堂。如果您也是和牛愛好者，不妨親自前往體驗一番。同時，也別忘了對提供優質服務的服務人員表示感謝，讓他們感受到自己的努力和付出得到了肯定。
希望這些資訊對您有幫助！",https://www.google.com/maps/reviews/data=!4m8!14m7!1m6!2m5!1sChZDSUhNMG9nS0VJQ0FnTURnM1AtY0ZnEAE!2m1!1s0x0:0xf3de292ecefd9ce!3m1!1s2@1:CIHM0ogKEICAgMDg3P-cFg%7C%7C?hl=zh-TW,sponsored,latest_annotation,2026-05-31T10:52:38.181484+00:00
7a58fa2aeef03631624e576b,涮樂和牛鍋物 食べ放題 第一品牌-基隆店,MO,,5,"這次體驗極上雙和牛放題，我必須大聲的說「真的非常非常超值！」CP值很頂啊啊啊！

🌟先來介紹五種放題模式🌟
精選豚雞放題｜午$449、晚$499
安格斯黑牛放題｜午$549、晚$599
松阪豚和牛放題｜午$699、晚$749
極上雙和牛放題｜午$749、晚$799
世界三大和牛放題｜午$999、晚$1049

平日只要449就可以享受到放題擁抱，相當經濟實惠，尤其是涮樂的自助吧，認真的嚇壞我欸！東西豐富到一個不行，最重要的是給的食材都是很優值的，不推不行！

溫泉蛋、壽喜牛丼飯、和牛黑咖哩，自助吧隨你吃，冰淇淋還可以做聖代，這真的不是現在$449就可以享受到高優質啊！

美國牛的品質也很棒！每口都在挑逗味蕾，涮樂給的實在是相當優質，真心推薦給喜愛和牛的朋友！",https://www.google.com/maps/reviews/data=!4m8!14m7!1m6!2m5!1sChdDSUhNMG9nS0VJQ0FnSURiMGZTdW93RRAB!2m1!1s0x0:0xf3de292ecefd9ce!3m1!1s2@1:CIHM0ogKEICAgIDb0fSuowE%7C%7C?hl=zh-TW,sponsored,latest_annotation,2026-05-31T10:51:07.996311+00:00
a59c79e14cfdfb0ffbc4cc12,涮樂和牛鍋物 食べ放題 第一品牌-基隆店,凱莉美人魚,,5,"20241114初訪🤹‍♀️涮樂和牛鍋物

今日不正常之肖尪一時興起之夫婦N年不食放題之竟然兩人熱血戰鬥90分鐘狠多盤「日本和牛片」、很多份和牛龍蝦握握、和牛松露握握、藍鑽蝦、虎蝦～吃～到～撐🙀🙀🙀

選擇精密設計的不同菜色內容的最高收費晚餐每人$1049才能無限點吃日本和牛及大隻虎蝦👍👍👍

基隆店的用餐空間和窗外景觀十分舒適，各式火鍋料分類整齊、生食等級的新鮮雞蛋、溫泉蛋、和牛咖哩飯、松露炊飯，滿足食客們😻",https://www.google.com/maps/reviews/data=!4m8!14m7!1m6!2m5!1sChdDSUhNMG9nS0VJQ0FnSUQzM3RtcnJBRRAB!2m1!1s0x0:0xf3de292ecefd9ce!3m1!1s2@1:CIHM0ogKEICAgID33tmrrAE%7C%7C?hl=zh-TW,sponsored,latest_annotation,2026-05-31T10:41:54.392749+00:00
bdfc764925cf3e4e8264d0e9,涮樂和牛鍋物 食べ放題 第一品牌-基隆店,卡夫卡愛旅行,,5,"一秒擁抱基隆港的迷人山海⛰️的火鍋店，來基隆玩一定不能錯過「涮樂和牛鍋物🍲」，被網友封為最美的火鍋吃到飽餐廳，平日午餐只要499起，很平價耶

更厲害的是涮樂和牛竟然還可以和牛🥩三吃：涮和牛、和牛黑咖哩以及我最愛的炙燒和牛握壽司，吃完超滿足，蔬菜區有基隆限定的吉古拉、蛋腸、在地魚丸伯的手作魚丸、甜不辣等超級驚喜，最後享用各種冰淇淋、飲品和甜點聖代無限吃到飽。

如果你是和牛控，推薦選直上749方案！不僅可以無限享用頂級的美國極黑和牛，再送菲瑞牛肉吃到飽，還能暢快享用現點現做的炙燒和牛握壽司，一口入魂真的好好吃喔～😋",https://www.google.com/maps/reviews/data=!4m8!14m7!1m6!2m5!1sChZDSUhNMG9nS0VJQ0FnSURibWFUak1nEAE!2m1!1s0x0:0xf3de292ecefd9ce!3m1!1s2@1:CIHM0ogKEICAgIDbmaTjMg%7C%7C?hl=zh-TW,sponsored,latest_annotation,2026-05-31T10:41:41.972443+00:00
ede8975978d7eb83210f3704,涮樂和牛鍋物 食べ放題 第一品牌-基隆店,余宛蓉,,5,"2022/03/12，739+10%，四位用餐
分別點了昆布原味、壽喜燒（+40）、石頭（+40）、麻辣（+40）
1.配合店家活動，google評論五星可折抵鍋底費，並且增加烏魚子握壽司吃到飽。當月壽星FB打卡可以送干貝
2.壽喜燒是直接調好的醬汁，沒有分清水和醬汁；麻辣鍋是比較偏麻的，吃下去不會很辣但後勁會比較強一點點
3.前面吃的牛肉都還可以，但後來點的牛肉厚度好像比較厚一點，就會變得比較費勁
4.麻辣鍋沒有牛肚、大腸、蒜苗
5.副食點心有松露拌飯、溫泉蛋、霜淇淋機、明治冰淇淋、咖啡機、沙瓦、汽水機
6.在看菜單時就想說假日應該是739，詢問介紹人員竟然直說是699，最後結帳時還是739。可以接受這個價位，但希望店家多加強教育訓練

2022/6/11 739+10%
這次服務好很多！東西依然好吃
會繼續回顧",https://www.google.com/maps/reviews/data=!4m8!14m7!1m6!2m5!1sChdDSUhNMG9nS0VJQ0FnSURXNE1qMjdnRRAB!2m1!1s0x0:0xf3de292ecefd9ce!3m1!1s2@1:CIHM0ogKEICAgIDW4Mj27gE%7C%7C?hl=zh-TW,sponsored,latest_annotation,2026-05-31T10:41:59.383724+00:00
01e3c0eebe7ffc5d2e651764,炸牛元村 林口店,Tommy Tang,,5,"今天終於有時間來品嚐超夯的炸牛 元村了，吃過之後終於知道它的評價為什麼會如此誇張的高了！
店內的座位不算多，所以基本上只有平日的下午時段來不用等，假日來的話一定要很有耐心，等到天荒地老！餐點很簡單，只有炸牛排，廚房製餐會把牛排下油鍋炸約一分鐘讓外層變得金黃酥脆，內層肉大約二～三分熟，上桌後會有一個石板鍋讓你DIY加熱，要幾分熟完全給你自己決定！當牛排放上石板鍋時發出的吱吱聲響，那口水會跟著自動不斷的分泌，實在是太誘人了啦！飯是燕麥飯，香Q好吃，飯、高麗菜、味增湯可以續！高麗菜可以搭配胡麻醬或油醋柚子醬跟著炸牛一起吃，也可以單純當沙拉吃，可以解膩！炸牛的醬料有哇沙米、燒肉醬、蘿蔔泥醬、明太子醬、玫瑰鹽可以選擇，我一種口味都各沾一塊後就開始混合隨便沾，每一塊吃起來味道都不太一樣，可以DIY決定熟度以外，還可以混醬創造不同口味，真是太有樂趣了！一間從小菜、飯、湯到主餐都好吃的餐廳，這麼高的評價實至名歸！
————————————————————————————————————————————————————
想要吃很多很多肉，來炸牛元村就對了啦，推薦熟度5～7分熟，兩面各煎大約10秒！因為餐點只有唯一選擇，所以如果常吃的話會膩，一個月吃一次剛剛好！",https://www.google.com/maps/reviews/data=!4m8!14m7!1m6!2m5!1sChZDSUhNMG9nS0VJQ0FnSURHaUxYaFpREAE!2m1!1s0x0:0x71d4a74c71ec8cbe!3m1!1s2@1:CIHM0ogKEICAgIDGiLXhZQ%7C%7C?hl=zh-TW,sponsored,latest_annotation,2026-05-10T18:06:11.467554+00:00
2590045510ee5d5022d21105,炸牛元村 林口店,Mofan,,5,還來不及拍照，就吃光光了。真的非常好吃，薄薄的炸粉，混合著烤肉的香氣，肉質非常軟嫩，每一口都是滿滿的享受，讓我的心情都好起來了！也謝謝店裡人員意君的服務，非常親切！服務和食物都滿分的一家店。,https://www.google.com/maps/reviews/data=!4m8!14m7!1m6!2m5!1sCi9DQUlRQUNvZENodHljRjlvT2xsNFFqUjJXVnBDUlRGNGRIb3dURkZFTjFZeVFsRRAB!2m1!1s0x0:0x71d4a74c71ec8cbe!3m1!1s2@1:CAIQACodChtycF9oOll4QjR2WVpCRTF4dHowTFFEN1YyQlE%7C%7C?hl=zh-TW,sponsored,latest_annotation,2026-05-10T18:06:11.467609+00:00
2ca87d79d0b249b5030b4d1d,炸牛元村 林口店,邱球球,,5,每次來不知道吃什麼最終都會走來吃炸牛,https://www.google.com/maps/reviews/data=!4m8!14m7!1m6!2m5!1sCi9DQUlRQUNvZENodHljRjlvT21ORk1sTmpUV3RIWjFoS1FVWnVNV1ZNVTJWWVNGRRAB!2m1!1s0x0:0x71d4a74c71ec8cbe!3m1!1s2@1:CAIQACodChtycF9oOmNFMlNjTWtHZ1hKQUZuMWVMU2VYSFE%7C%7C?hl=zh-TW,sponsored,latest_annotation,2026-05-10T18:06:11.467293+00:00
334a5a6a8c9d9eb60a4b2b7f,炸牛元村 林口店,葉佩琳,,5,"第一次來炸牛元村就被服務震撼到，真的忍不住想大推一下！

洪翊峰、家萱、禎宇、承紘、駿宇
每一位都超用心、不只態度好，還非常細心介紹、照顧客人需求，讓人完全沒有壓力、用餐超放鬆～

餐點好吃不用多說，整體氣氛舒服又愉快，能感覺得到員工之間的默契跟服務熱忱，真的不是敷衍的親切，是讓人會想再回來的那種貼心！

✔️ 服務積極
✔️ 介紹仔細
✔️ 環境乾淨
✔️ 感受滿分

這趟用餐完全被圈粉～
下次還會再帶朋友來，也希望大家都能遇到這幾位超棒的服務人員！",https://www.google.com/maps/reviews/data=!4m8!14m7!1m6!2m5!1sCi9DQUlRQUNvZENodHljRjlvT2pWU2NsOTRRVEZuUWtGT01uRnpabHBVYnpaU1NWRRAB!2m1!1s0x0:0x71d4a74c71ec8cbe!3m1!1s2@1:CAIQACodChtycF9oOjVScl94QTFnQkFOMnFzZlpUbzZSSVE%7C%7C?hl=zh-TW,sponsored,latest_annotation,2026-05-10T18:06:11.467317+00:00
37cc8764bc382ab2473e47ac,炸牛元村 林口店,Edada,,4,"炸牛排定食(130g)  419元+10%服務費

定食提供：
白飯 / 高麗菜絲 / 味噌湯(鹹) / 麥茶
小菜：藜麥毛豆、牛蒡絲、辣味明太子(鹹)。

醬料有：醬油 & 哇沙米 & 蘿蔔泥醬油哇沙米
（這個味道很特別，很搭！）
而高麗菜絲的醬料：和風沙拉醬 (味道像韓國柚子醬)、胡麻醬
另外還有玫瑰鹽可以用。

🚩白飯、高麗菜絲、湯、麥茶，都是可以續的
店員偶爾會巡邏詢問是否要添加，服務員態度都不錯，續菜都很大方都加很多高麗菜絲！

🥩牛排有很薄的炸粉，送上桌應該只有2分熟度，切面根本是生肉程度，可以看到很美的油花分布🥢
提供小石板烤盤，自己烤想要的熟度🔥但就算把切面都烤熟後吃，其實裡面幾乎還是生的喔🌟記得要烤熟再吃，因為肉不是生食等級！
不用沾醬就很好吃，肉味滿滿！旁邊醬料可以搭配去變化口味🩵我覺得什麼都不沾就很好吃！

🥬高麗菜絲有2種醬可以加，和風醬跟胡麻醬～和風醬吃起來超像韓國柚子醬，非常香又超解膩！我最喜歡這個醬～！微酸。

🫖吃到一半會有膩感出現，畢竟表面有炸過，加上肉屬於油花多的，稍微油膩，這時候高麗菜絲就超重要了~還有麥茶可以解膩！

🔥店員服務都不錯，烤肉的石板太髒可以請他們更換新的烤板喔！沒火了也會更換新的酒精蠟。

🚫店裡的油煙味很重！吃完滿身烤肉油煙味。這點我吃那麼多年了，還是依舊沒有改善呵呵💨

這裡用餐不能攜帶寵物，
🥲即使用寵物推車也不能！",https://www.google.com/maps/reviews/data=!4m8!14m7!1m6!2m5!1sChdDSUhNMG9nS0VJQ0FnSUNkcnBuUGtBRRAB!2m1!1s0x0:0x71d4a74c71ec8cbe!3m1!1s2@1:CIHM0ogKEICAgICdrpnPkAE%7C%7C?hl=zh-TW,sponsored,latest_annotation,2026-05-10T18:06:11.46771+00:00
3fe29a1505325bb7aed53dd8,炸牛元村 林口店,沈柏均,,5,送飲料,https://www.google.com/maps/reviews/data=!4m8!14m7!1m6!2m5!1sCi9DQUlRQUNvZENodHljRjlvT2pGU1JVZExWMWhWWlZWeFQwOXJjVk0wY0dweU1rRRAB!2m1!1s0x0:0x71d4a74c71ec8cbe!3m1!1s2@1:CAIQACodChtycF9oOjFSRUdLV1hVZVVxT09rcVM0cGpyMkE%7C%7C?hl=zh-TW,sponsored,latest_annotation,2026-05-10T18:06:11.467358+00:00
4313e1f61729be31b2d0adaf,炸牛元村 林口店,Jeanne,,5,"食物很好吃，服務員都很好。特別是韻潔還問我們是不是第一次來用餐然後詳細的介紹醬料要怎麼搭配來吃！
很滿意！",https://www.google.com/maps/reviews/data=!4m8!14m7!1m6!2m5!1sCi9DQUlRQUNvZENodHljRjlvT25nNVZFTnFjV1pIZUdwRVRXNXlVRU15ZVRJNWNYYxAB!2m1!1s0x0:0x71d4a74c71ec8cbe!3m1!1s2@1:CAIQACodChtycF9oOng5VENqcWZHeGpETW5yUEMyeTI5cXc%7C%7C?hl=zh-TW,sponsored,latest_annotation,2026-05-10T18:06:11.467652+00:00
46eda135bf73ab499866504e,炸牛元村 林口店,Ho Teng,,5,聽說很好吃，第一次吃，評論送飲料,https://www.google.com/maps/reviews/data=!4m8!14m7!1m6!2m5!1sCi9DQUlRQUNvZENodHljRjlvT2tObWMyc3hlbU5hUm1kbE1rMU9NMXBqVkZGV2VWRRAB!2m1!1s0x0:0x71d4a74c71ec8cbe!3m1!1s2@1:CAIQACodChtycF9oOkNmc2sxemNaRmdlMk1OM1pjVFFWeVE%7C%7C?hl=zh-TW,sponsored,latest_annotation,2026-05-10T18:06:11.467681+00:00
47ea4ff6758290140c78d13c,炸牛元村 林口店,Joanne Hsu,,5,我們四位14點入場大約等待22分鐘上菜(現點現做)，很好吃😋點小份根本覺得不夠(* ⁰̷̴͈꒨⁰̷̴͈)啊姆啊姆 評論送飲料哦哦,https://www.google.com/maps/reviews/data=!4m8!14m7!1m6!2m5!1sCi9DQUlRQUNvZENodHljRjlvT2xwTFppMUlUMDQzTVVaMU9EUXlYMTkxYjBselpuYxAB!2m1!1s0x0:0x71d4a74c71ec8cbe!3m1!1s2@1:CAIQACodChtycF9oOlpLZi1IT043MUZ1ODQyX191b0lzZnc%7C%7C?hl=zh-TW,sponsored,latest_annotation,2026-05-10T18:06:11.46765+00:00
59665aafc1999caabdaaf6e0,炸牛元村 林口店,Yining Lee,,5,"已經吃好多次了。餐點好吃
駿宇 韻潔 家萱服務親切。很棒",https://www.google.com/maps/reviews/data=!4m8!14m7!1m6!2m5!1sCi9DQUlRQUNvZENodHljRjlvT2xkaWVFSkJNRVl3UzBoR1MzVllaR0ZSUWtFd1kyYxAB!2m1!1s0x0:0x71d4a74c71ec8cbe!3m1!1s2@1:CAIQACodChtycF9oOldieEJBMEYwS0hGS3VYZGFRQkEwY2c%7C%7C?hl=zh-TW,sponsored,latest_annotation,2026-05-10T18:06:11.467525+00:00
6e335135bd989eadfdca8e3c,炸牛元村 林口店,沙臺雲,,5,打卡送飲料,https://www.google.com/maps/reviews/data=!4m8!14m7!1m6!2m5!1sCi9DQUlRQUNvZENodHljRjlvT2pCWVRGQnNNM0pVWTBwa00xSndibFEwTW1kMWFtYxAB!2m1!1s0x0:0x71d4a74c71ec8cbe!3m1!1s2@1:CAIQACodChtycF9oOjBYTFBsM3JUY0pkM1JwblQ0Mmd1amc%7C%7C?hl=zh-TW,sponsored,latest_annotation,2026-05-10T18:06:11.467355+00:00
7c966e975da6d4bb734e0057,炸牛元村 林口店,VIVIAN CHANG,,5,沙拉，飯，味增湯可以免費續用，評論送飲料喔！,https://www.google.com/maps/reviews/data=!4m8!14m7!1m6!2m5!1sCi9DQUlRQUNvZENodHljRjlvT25aRFVGSjNjVFJtWnpodldsTlFNV3RRU1hGclpGRRAB!2m1!1s0x0:0x71d4a74c71ec8cbe!3m1!1s2@1:CAIQACodChtycF9oOnZDUFJ3cTRmZzhvWlNQMWtQSXFrZFE%7C%7C?hl=zh-TW,sponsored,latest_annotation,2026-05-10T18:06:11.467548+00:00
9b67b937867edb2aa5a7593c,炸牛元村 林口店,盧秉叡,,5,"一走進炸牛園村，第一個感覺就是——
這裡的員工，好像真的把客人當朋友在對待。

洪翊峰帶著自然又不做作的笑容，從頭到尾關心得剛剛好；
家萱的服務細節超貼心，講解菜單時讓人完全不會覺得匆忙；
禎宇幽默又溫暖，讓整桌氣氛都亮起來；
承紘動作俐落、但態度始終溫柔，讓人覺得安心；
駿宇更是熱情大方，連忙碌時也不忘回應客人。

其實餐點好不好吃，一盤端上來就知道；
但「人」讓一間店值得回訪。
在炸牛園村，不只是吃飯——
是被照顧、被看見、被尊重。

這五位的服務，不是例行公事，而是溫度。
下次再來，我希望還能遇到他們。",https://www.google.com/maps/reviews/data=!4m8!14m7!1m6!2m5!1sCi9DQUlRQUNvZENodHljRjlvT25kblQzVnNWSFZpU0dOcFpuTTNlVE5HVTJ0dUxVRRAB!2m1!1s0x0:0x71d4a74c71ec8cbe!3m1!1s2@1:CAIQACodChtycF9oOndnT3VsVHViSGNpZnM3eTNGU2tuLUE%7C%7C?hl=zh-TW,sponsored,latest_annotation,2026-05-10T18:06:11.467333+00:00
ada97d44364a803b2c98357d,炸牛元村 林口店,娜法爾唯雅,,5,"留評論下次消費送小可
非常好吃，只有少數缺點
1.少數餐點只有進來才看得到，門口沒有（沙士/唐揚雞）
2.二次加熱用的石盤易沾黏導致烤焦
3.初始4種醬料，用餐者旁邊可補充的是另外四種（也就是共8種醬料，照片中有種醬料已經吃空，補了旁邊的胡麻醬
整體而言，非常好吃，非常美味難怪可以只靠賣炸牛排生意興隆
飯跟高麗菜絲無限供應，用餐時限1HR",https://www.google.com/maps/reviews/data=!4m8!14m7!1m6!2m5!1sChZDSUhNMG9nS0VJQ0FnTUNvLTd6QUh3EAE!2m1!1s0x0:0x71d4a74c71ec8cbe!3m1!1s2@1:CIHM0ogKEICAgMCo-7zAHw%7C%7C?hl=zh-TW,sponsored,latest_annotation,2026-05-10T18:06:11.467456+00:00
b40c5080b81ab83a35b2e191,炸牛元村 林口店,JACK JAY,,5,"秋妹 小姐服務很好很認真 很有在日本的感覺
還免費續湯飯高麗菜
高麗菜很新鮮
肉很好咬，但少了牛肉的香味，可能不到非常新鮮，有點可惜",https://www.google.com/maps/reviews/data=!4m8!14m7!1m6!2m5!1sCi9DQUlRQUNvZENodHljRjlvT2toWFluTkNVR1I1TmtrNGVqSkVWRU5ZVGtGclEwRRAB!2m1!1s0x0:0x71d4a74c71ec8cbe!3m1!1s2@1:CAIQACodChtycF9oOkhXYnNCUGR5Nkk4ejJEVENYTkFrQ0E%7C%7C?hl=zh-TW,sponsored,latest_annotation,2026-05-10T18:06:11.467668+00:00
b6bd46b33b9728cde616f5b4,炸牛元村 林口店,詹栢誠,,5,服務員曾品融非常棒 服務周到 賓至如歸 訓練有素 無微不至,https://www.google.com/maps/reviews/data=!4m8!14m7!1m6!2m5!1sCi9DQUlRQUNvZENodHljRjlvT21ORldrVkJjbXAyV1VsMFNUQk1PVlJoYUZGS1pXYxAB!2m1!1s0x0:0x71d4a74c71ec8cbe!3m1!1s2@1:CAIQACodChtycF9oOmNFWkVBcmp2WUl0STBMOVRhaFFKZWc%7C%7C?hl=zh-TW,sponsored,latest_annotation,2026-05-10T18:06:11.467304+00:00
b76cfed99094c4e2ca2cc05a,炸牛元村 林口店,王家柔,,5,要先評論送一杯飲料，雖然還沒有吃到，店裡氣氛還不錯，乾淨、應該不錯吃吧，但那個醬料蠻實在的。,https://www.google.com/maps/reviews/data=!4m8!14m7!1m6!2m5!1sCi9DQUlRQUNvZENodHljRjlvT21vMU1EQnVURkpSY0Vaa1RuVmFTbFU1YkY5dmVtYxAB!2m1!1s0x0:0x71d4a74c71ec8cbe!3m1!1s2@1:CAIQACodChtycF9oOmo1MDBuTFJRcEZkTnVaSlU5bF9vemc%7C%7C?hl=zh-TW,sponsored,latest_annotation,2026-05-10T18:06:11.467347+00:00
bc146c1acc455b76415aabca,炸牛元村 林口店,Rax Lin,,5,沒想到台灣有，吃。,https://www.google.com/maps/reviews/data=!4m8!14m7!1m6!2m5!1sCi9DQUlRQUNvZENodHljRjlvT21oMllVeHlUVXd5UnpJNGRtWkhSRXBRYVZGUE4yYxAB!2m1!1s0x0:0x71d4a74c71ec8cbe!3m1!1s2@1:CAIQACodChtycF9oOmh2YUxyTUwyRzI4dmZHREpQaVFPN2c%7C%7C?hl=zh-TW,sponsored,latest_annotation,2026-05-10T18:06:11.467595+00:00
d687aa72c546246cbf0b15a0,炸牛元村 林口店,徐諾威,,5,日本吃過炸牛肉，回台來回味一番,https://www.google.com/maps/reviews/data=!4m8!14m7!1m6!2m5!1sCi9DQUlRQUNvZENodHljRjlvT25sNVpsVktlSGhKWkRJeFZsUnZTMjg1YmtWeVdVRRAB!2m1!1s0x0:0x71d4a74c71ec8cbe!3m1!1s2@1:CAIQACodChtycF9oOnl5ZlVKeHhJZDIxVlRvS285bkVyWUE%7C%7C?hl=zh-TW,sponsored,latest_annotation,2026-05-10T18:06:11.467422+00:00
de4cf026b4ee0283cc817e8e,炸牛元村 林口店,李柏翰,,5,頂級餐廳 洪翊峰、駿宇、家萱、禎宇、承紘服務超讚、每次需要換鐵盤的時候都很即時、大家都很親切、肉也很好吃、菜也很新鮮、下次還會再來,https://www.google.com/maps/reviews/data=!4m8!14m7!1m6!2m5!1sCi9DQUlRQUNvZENodHljRjlvT2xWaExXbFhhbG95TlY5TGExQlJla1JTVFdGUGFsRRAB!2m1!1s0x0:0x71d4a74c71ec8cbe!3m1!1s2@1:CAIQACodChtycF9oOlVhLWlXaloyNV9La1BRekRSTWFPalE%7C%7C?hl=zh-TW,sponsored,latest_annotation,2026-05-10T18:06:11.467395+00:00
37e7755281170a28c0885d47,熊一頂級燒肉-西門二店,Alena HUNG,,5,服務好 肉品海鮮讚 出餐速度快 肉盤擺設還會冒乾冰～～(o^^o)裝潢設計很吸睛 會讓你忍不住拍拍拍，現場有提供浴衣跟道具，拍照打卡送肉盤～點餐有單點及套餐選項 ，可以選擇自己想吃的唷！,https://www.google.com/maps/reviews/data=!4m8!14m7!1m6!2m5!1sChZDSUhNMG9nS0VJQ0FnSUNNX3NQN0ZREAE!2m1!1s0x0:0xc76ec7f17bb44c38!3m1!1s2@1:CIHM0ogKEICAgICM_sP7FQ%7C%7C?hl=zh-TW,sponsored,latest_annotation,2026-05-26T10:19:34.724861+00:00
3ef82fc8b105df702201d016,熊一頂級燒肉-西門二店,ABC,,5,雞腿肉很嫩，冰淇淋是我最愛的高級冰淇淋。五星好評還可以送日本生食級干貝！,https://www.google.com/maps/reviews/data=!4m8!14m7!1m6!2m5!1sCi9DQUlRQUNvZENodHljRjlvT2xwaGEwTjNPREJYU0Zac1J6Y3RTeTAwVXpnMVZtYxAB!2m1!1s0x0:0xc76ec7f17bb44c38!3m1!1s2@1:CAIQACodChtycF9oOlpha0N3ODBXSFZsRzctSy00Uzg1Vmc%7C%7C?hl=zh-TW,sponsored,latest_annotation,2026-05-26T10:19:39.289467+00:00
6428128961d4c559c14518ad,熊一頂級燒肉-西門二店,Szu Ying,,5,帆立貝好吃，出餐蠻快，點餐不能一直點有間隔時間，評論也有小禮物，但要一直提醒店家才會拿來鮑魚。,https://www.google.com/maps/reviews/data=!4m8!14m7!1m6!2m5!1sChZDSUhNMG9nS0VJQ0FnTUNna0p1M1l3EAE!2m1!1s0x0:0xc76ec7f17bb44c38!3m1!1s2@1:CIHM0ogKEICAgMCgkJu3Yw%7C%7C?hl=zh-TW,sponsored,latest_annotation,2026-05-26T10:25:58.701318+00:00
66f59d746b53005bacd6e18b,熊一頂級燒肉-西門二店,獅王,,5,"肉品的部分跟新馬辣78%一樣。所以其實把火鍋的肉拿來烤888也是可以烤到和牛。牛舌的部分鹽蔥醬香油味有點重鹹度個人覺得不夠。牛肋條部位切的不錯。安格斯黑牛牛排真的吃起來很爽。軟嫩又超濃郁的香氣。帶骨牛小排的香Q帶勁則能與黑牛牛排互相爭鋒。

甜點最棒的還是焦糖布蕾。現在打五星評價還能飲料不需加錢喝到飽。但是吃完後我也沒打算改變評價。週日下午兩點吃完一路飽到半夜。

最棒的是服務人員。收盤子按服務鈴甚至是一開口問朋友說是不是該換網人馬上就推車子來了。

大推哦",https://www.google.com/maps/reviews/data=!4m8!14m7!1m6!2m5!1sChdDSUhNMG9nS0VJQ0FnSUNDdkxfbzhBRRAB!2m1!1s0x0:0xc76ec7f17bb44c38!3m1!1s2@1:CIHM0ogKEICAgICCvL_o8AE%7C%7C?hl=zh-TW,sponsored,latest_annotation,2026-05-26T10:22:24.010459+00:00
6add76d6f2614a93a43d2f3e,熊一頂級燒肉-西門二店,jung chang,,5,肉質鮮嫩好香好吃，壽星有活動，打卡有活動，環境優美舒適，平日用餐三小時吃喝聊天太美好啦！,https://www.google.com/maps/reviews/data=!4m8!14m7!1m6!2m5!1sChdDSUhNMG9nS0VJQ0FnSURqMnJlV3lRRRAB!2m1!1s0x0:0xc76ec7f17bb44c38!3m1!1s2@1:CIHM0ogKEICAgIDj2reWyQE%7C%7C?hl=zh-TW,sponsored,latest_annotation,2026-05-26T10:24:45.573389+00:00
128b9356b03db4d33f482af1,燒究食寓 萬華店 – 居酒屋｜宵夜｜串燒,Kiki baby,,5,"18日來幫家人慶生，好喜歡♡
第一次喝highball，豪開心呀！
端午連假的第一日，晚餐時間又來報到啦！
“酒，是世界上體積最小的遊樂園”說的真好♡",https://www.google.com/maps/reviews/data=!4m8!14m7!1m6!2m5!1sChdDSUhNMG9nS0VJQ0FnSUNKck1TUS1nRRAB!2m1!1s0x0:0x4719f5b1383dc6ce!3m1!1s2@1:CIHM0ogKEICAgICJrMSQ-gE%7C%7C?hl=zh-TW,sponsored,latest_annotation,2026-05-10T14:03:03.495805+00:00
3340816fbc3094a2921ea240,燒究食寓 萬華店 – 居酒屋｜宵夜｜串燒,李芊芊,,5,"五星折飲料！
不錯吃，推月見豬肉飯，好ㄘ",https://www.google.com/maps/reviews/data=!4m8!14m7!1m6!2m5!1sCi9DQUlRQUNvZENodHljRjlvT2xCUWEwbHZaMHRoWTNaaGFuUldhRVJ2VkRjeE5tYxAB!2m1!1s0x0:0x4719f5b1383dc6ce!3m1!1s2@1:CAIQACodChtycF9oOlBQa0lvZ0thY3ZhanRWaERvVDcxNmc%7C%7C?hl=zh-TW,sponsored,latest_annotation,2026-05-10T14:03:03.495535+00:00
4f3fb55891601b5cf166dcce,燒究食寓 萬華店 – 居酒屋｜宵夜｜串燒,林羽尉,,5,"超讚

明太子烏龍麵超好吃
其他食材也都非常好吃
啤酒買三送一
打卡送飲料
服務人員態度都很好
非常愉快
有機會再來",https://www.google.com/maps/reviews/data=!4m8!14m7!1m6!2m5!1sChZDSUhNMG9nS0VJQ0FnSUNlaDVYb0RnEAE!2m1!1s0x0:0x4719f5b1383dc6ce!3m1!1s2@1:CIHM0ogKEICAgICeh5XoDg%7C%7C?hl=zh-TW,sponsored,latest_annotation,2026-05-10T14:03:03.495523+00:00
9f0db00e989e531afa09ab25,燒究食寓 萬華店 – 居酒屋｜宵夜｜串燒,yuan chen,,5,"五星評論折飲料！
服務親切，餐點都有在水準之上，帶朋友來聚餐很不錯👍🏻
推推月見豬肉飯、明太子烤玉米筍好吃",https://www.google.com/maps/reviews/data=!4m8!14m7!1m6!2m5!1sCi9DQUlRQUNvZENodHljRjlvT2xSMGQwRlVXbU5rVGtseFMwNUJWVTV3YmtoSU0yYxAB!2m1!1s0x0:0x4719f5b1383dc6ce!3m1!1s2@1:CAIQACodChtycF9oOlR0d0FUWmNkTklxS05BVU5wbkhIM2c%7C%7C?hl=zh-TW,sponsored,latest_annotation,2026-05-10T14:03:03.495641+00:00
ab709b3e3a2d1372ca6d3394,燒究食寓 萬華店 – 居酒屋｜宵夜｜串燒,JA Huang,,5,"五星評論折飲料
是說現在google不是在抓這個了嗎😅",https://www.google.com/maps/reviews/data=!4m8!14m7!1m6!2m5!1sCi9DQUlRQUNvZENodHljRjlvT2xkQlRVeGFaa2RCVTFwSFpVVTJUbGd0Y1ZCdkxYYxAB!2m1!1s0x0:0x4719f5b1383dc6ce!3m1!1s2@1:CAIQACodChtycF9oOldBTUxaZkdBU1pHZUU2TlgtcVBvLXc%7C%7C?hl=zh-TW,sponsored,latest_annotation,2026-05-10T14:03:03.495847+00:00
0100a51bc2ddf055ed715402,燒肉ChaCha 個人和牛燒肉-西門店,Ethan Song,,5,"整體吃下來感覺滿不錯的
不用加價就有的酒類自助吧是MVP
有生啤跟其他四、五種調酒可以隨便喝

最便宜的套餐是390加一成=429
雖然我不太懂燒肉但吃起來感覺滿可以的
肉量還ok，如果是食量大的人也可以用咖哩、牛丼、雞肉飯之類的東西吃到爽

然後沙拉吧除了這些副食以外也有滿多種類的生菜區、飲料吧、哈根達斯，溫泉蛋可以隨便拿也滿加分的

基本上每項食物其實沒有到超驚艷，但都算還不錯啦。我自己是把它定調成可以吃很飽的居酒屋，同價位感覺很難找到其他地方可以吃那麼飽、喝那麼爽，但就沒辦法像居酒屋能坐這麼久慢慢聊就是了（廢話）

然後現在五星評論有送一顆干貝",https://www.google.com/maps/reviews/data=!4m8!14m7!1m6!2m5!1sCi9DQUlRQUNvZENodHljRjlvT2xOalJXTlBWV2RvVVZSMmIyOUVlalJmYnpsblVHYxAB!2m1!1s0x0:0x6ddf38264b1390bb!3m1!1s2@1:CAIQACodChtycF9oOlNjRWNPVWdoUVR2b29EejRfbzlnUGc%7C%7C?hl=zh-TW,sponsored,latest_annotation,2026-05-26T15:17:00.791559+00:00
3697a80fdd9157a45f9d7549,燒肉ChaCha 個人和牛燒肉-西門店,阡（牡丹丹）,,5,先打卡換干貝，後面再補評價🤣,https://www.google.com/maps/reviews/data=!4m8!14m7!1m6!2m5!1sCi9DQUlRQUNvZENodHljRjlvT2pKUFRVTnNjMDlZUkZCeFJXTkpPRTFDZUhSa0xYYxAB!2m1!1s0x0:0x6ddf38264b1390bb!3m1!1s2@1:CAIQACodChtycF9oOjJPTUNsc09YRFBxRWNJOE1CeHRkLXc%7C%7C?hl=zh-TW,sponsored,latest_annotation,2026-05-26T15:02:24.797462+00:00
3b75777867db546387cad9e4,燒肉ChaCha 個人和牛燒肉-西門店,Sweet Cat,,5,平價cp值高的日式烤肉，飲料醬料冰淇淋自助取，肉類還挺不錯的，豬肉稍有豬味，用芥末椒鹽沾肉包生菜是可下嚥能接受，附餐的雞肉好吃。胡麻豆腐也很順口，溫泉蛋拌飯配上和牛的油脂真的是人間美味！店員很nice，唯一美中不足的是咖啡機秀逗，拿鐵沒有奶泡，有跟店員反映，店員有很認真想解決，但可能機器奶粉可能不足，店員主動重新幫我弄一杯，但還是espresso +熱開水（美式咖啡），哈哈算了，冰淇淋是明治品牌，算好挖！整體是值4顆星以上的，還有line+好友送透抽圈圈3個，當月壽星fb打卡送生鮮干貝（都很好吃很新鮮！）,https://www.google.com/maps/reviews/data=!4m8!14m7!1m6!2m5!1sChZDSUhNMG9nS0VJQ0FnSURCM2RpS2RnEAE!2m1!1s0x0:0x6ddf38264b1390bb!3m1!1s2@1:CIHM0ogKEICAgIDB3diKdg%7C%7C?hl=zh-TW,sponsored,latest_annotation,2026-05-26T15:12:37.543919+00:00
77a3877c57d5b6e1db5594c9,燒肉ChaCha 個人和牛燒肉-西門店,Allen Wang,,5,"最近蠻常看到這種個人式的燒肉

前不久才吃過另外一個品牌的個人式燒肉，覺得蠻不行的。但颱風假剛好經過西門町，看到這家有開，還是走了進來

點了390的基本款豬肉套餐，跟490的基本款牛肉套餐

豬肉的品質是真的非常不錯，分量也足，還可以無限享用店內沙拉吧的牛丼、黑咖哩飯、生啤跟飲料暢飲，還有哈根大使吃到飽

390這個價位給五星我覺得毫無問題

但490的牛肉就有點微妙，肉有厚度，可是切的很小片，相比於豬肉的豪邁，套餐價格更貴的牛肉彷彿像在吃邊角料（附上照片）

五星評論會送一顆干貝，我覺得他390套餐確實值，不拿白不拿。但我的五星評論也就僅限點390的基本豬肉套餐，其他品項就不保證了",https://www.google.com/maps/reviews/data=!4m8!14m7!1m6!2m5!1sChZDSUhNMG9nS0VJQ0FnSUNick5hbmFREAE!2m1!1s0x0:0x6ddf38264b1390bb!3m1!1s2@1:CIHM0ogKEICAgICbrNanaQ%7C%7C?hl=zh-TW,sponsored,latest_annotation,2026-05-26T15:17:26.351974+00:00
971502a7b2bf2bc80b57d049,燒肉ChaCha 個人和牛燒肉-西門店,茜,,5,"中秋節來吃
剛剛好
但是飲料及冰淇淋需要五星評論才可以免費

整體來說還可以
但好像也可以不用來第二次
感覺起來算是蠻貴的
點個白飯
服務員還用一副你點的不起的樣子告知要收30元

這次點夢幻和牛極上和牛橫膈膜
以及特上牛肉盛合
食事的烏龍麵很好吃
地獄拉麵也不錯
但就是份量很少

至於我沒吃過橫膈膜
牌子上是寫Q彈
我是沒吃出這種口感
但口感還行

廚房出入口在自助吧必經路途中
(坐左側的比較有感覺)
服務人員也沒有特別注意出入的感覺
反而是我自己一直很擔心",https://www.google.com/maps/reviews/data=!4m8!14m7!1m6!2m5!1sChdDSUhNMG9nS0VJQ0FnSUNlc3Y3WXBBRRAB!2m1!1s0x0:0x6ddf38264b1390bb!3m1!1s2@1:CIHM0ogKEICAgICesv7YpAE%7C%7C?hl=zh-TW,sponsored,latest_annotation,2026-05-26T15:04:31.516442+00:00
d7b8e8fccf2481b5cf487a60,燒肉ChaCha 個人和牛燒肉-西門店,Liu Kenny,,5,"今天再度來午餐，點夢幻和牛一份，今天適逢國慶日連假，帶全家來消費，點6份套餐。
第二次光顧，看到一些優缺點，個人觀點大略描述。
優點是餐點好吃，食材用料不錯，環境乾淨，飲料吧跟冰淇淋台整理的整齊，現場整體感覺是舒服的，餐點擺盤很有質感，滿滿的日式風，看了令人食指大動，沾醬口味很棒，可自己調整喜歡口味，也有玫瑰海鹽，胡椒鹽，芥茉鹽，能滿足大部分需求。飲料台的種類，大概就是馬辣集團的標配，汽水，茶類，機器現泡咖啡都有，拿鐵咖啡很好喝，推薦。

說一下缺點
1.米飯太小碗吃不飽，如果沒有加價點飲料冰淇淋，應該是吃不飽，米飯加價一碗30元，個人覺得太貴了，(當然嫌貴就不要吃)我沒續點。到底是多小碗，概略描述，我家國小4年級的飯量，吃不飽，我吃大概扒4口就沒了。
2.現場服務生換烤網，我有問服務生你們會幫我們換網子嗎？已經烤黑了。
服務生說，需要換網要客人主動提出，這點我覺得不優，比起一般烤肉店，不及格。
3.點餐500元以下套餐，第一次上門五星評論可免費使用飲料冰淇淋吧一次，第一次加官方賴帳號送花枝一份……可是下次再去就沒有了，下次再去就沒有了，下次再去就沒有了(很重要所以說3次)讓我覺得我再回頭消費幹嘛，但是500元以上套餐是可以免費使用，喜歡吃個人烤肉套餐的，第二次記得點上500元套餐，以免失望。(112/0103更新,500元套餐免費使用活動取消了,須加價60元)
4.現場動線設計不良，廚房出餐口會跟取飲料，醬料的顧客路線重疊，常常有互相閃躲讓路線的險狀發生，我今天座位就在廚房出餐處，看了好幾次，用餐尖峰時間，服務生出餐沒有讓顧客先走，顧客手上端著熱咖啡，各自搶道看了讓人捏把冷汗，前往消費的人要注意廚房口這個地方。",https://www.google.com/maps/reviews/data=!4m8!14m7!1m6!2m5!1sChdDSUhNMG9nS0VJQ0FnSURlcG9pdnV3RRAB!2m1!1s0x0:0x6ddf38264b1390bb!3m1!1s2@1:CIHM0ogKEICAgIDepoivuwE%7C%7C?hl=zh-TW,sponsored,latest_annotation,2026-05-26T15:14:58.932458+00:00
f01b316f8dfc31ecc4f27e07,燒肉ChaCha 個人和牛燒肉-西門店,陳菁菁,,5,"20240428 燒肉ChaCha ，首訪，平價燒肉，個人燒肉，假日晚餐

#台北吃到飽
#燒肉ChaCha
#捷運西門站美食

燒肉套餐+自助吧吃到飽。
標榜一個人也可以吃的燒肉。

因為”肉”沒有吃到飽，
只有”自助吧”吃到飽，
加上是瓦斯烤肉，非炭火烤肉，
烤肉部分也不用期待太大。

遵從同行友人的建議，
點最便宜的套餐就好，
重點是來吃自助吧。

豬梅花套餐390+ 10%，429元
有豬梅花100g + 雞或豬50g 自選，
限時1小時，
沒有刷卡，只能付現。

今天3人同行，同桌用餐，
店家給3個 QR code ，各自點餐。
真正符合個人燒肉的精神！

豬梅花是厚片，有醃製過的，
吃起來一點點醬油味甜甜的，
份量很少，沒兩下就吃完了！
肉質普通，也不用沾醬料了。
Google 好評送干貝一顆。

自助吧真的很不錯，
生菜區種類多，而且有新鮮，
除了常見的...
美生菜，羅曼，小黃瓜，
玉米粒，小番茄，石蓮花...
還有玉子燒，溫泉蛋，雞肉絲...
還有鳥蛋，讚岐烏龍麵。
醬汁有凱薩醬，和風醬，胡麻醬。

熱食區有味增湯，咖哩醬，壽喜燒，
搭配台灣越光米白飯，
白飯顆顆晶亮Q彈，好吃。

飲料區有咖啡，快樂肥宅水，
還有我愛的無糖綠茶，
而且，而且，有海尼根生啤酒。

然後，居然有哈根！

整體來看，
烤肉雖然普通，自助吧真的很強！
缺點就是限時1小時，
只能認真吃，沒空聊天。

若是為吃烤肉，
建議不要選這裡，
可以去吃燒肉殿。

若是只為了感受烤肉的FU，
或是一個人想吃外食，
或是來西門町逛街，臨時想簡單吃，
這裡是個好選擇，
不用先訂位，隨時想吃就來，
就算客滿，也很快就有位置。

#菁菁帕妃",https://www.google.com/maps/reviews/data=!4m8!14m7!1m6!2m5!1sChZDSUhNMG9nS0VJQ0FnSURqMEpfUmZREAE!2m1!1s0x0:0x6ddf38264b1390bb!3m1!1s2@1:CIHM0ogKEICAgIDj0J_RfQ%7C%7C?hl=zh-TW,sponsored,latest_annotation,2026-05-26T15:01:49.493821+00:00
42c53997c2dbbe170c23a8ba,玩麵pasta 學府店,Chih-Tsung Shen,,5,2025/09/23 晚餐,https://www.google.com/maps/reviews/data=!4m8!14m7!1m6!2m5!1sCi9DQUlRQUNvZENodHljRjlvT2xCNE1ERmZWalU0VjI1UU9GOTBMVTF0YW14c1VFRRAB!2m1!1s0x0:0xc37be9553083c19f!3m1!1s2@1:CAIQACodChtycF9oOlB4MDFfVjU4V25QOF90LU1tamxsUEE%7C%7C?hl=zh-TW,sponsored,resolution,2026-05-06T18:28:41.199700+00:00
085db0f8e23cc9b434688327,稻森洋食屋,月,,5,"紅酒燉牛肉很好吃 美中不足地方是蛋有點太熟
比起咖哩我更喜歡紅酒燉牛肉
湯是玉米濃湯，味道很好，口感水水的
海陸咖哩的蝦子不馬虎，但豬排有點太韌
五星評論送可樂餅，很好吃沒有因為免費馬虎",https://www.google.com/maps/reviews/data=!4m8!14m7!1m6!2m5!1sCi9DQUlRQUNvZENodHljRjlvT2tkRFYyMWphV3RpZUU1ZlZVaGxXalpSTjB4dVduYxAB!2m1!1s0x0:0x8062987881bb2033!3m1!1s2@1:CAIQACodChtycF9oOkdDV21jaWtieE5fVUhlWjZRN0xuWnc%7C%7C?hl=zh-TW,sponsored,latest_annotation,2026-05-31T17:38:34.951939+00:00
1db001d17b898e34dcf0ca86,稻森洋食屋,Ling Ling,,5,"五星評論送可樂餅，但真的很好吃！蛋包飯的蛋很滑嫩，飯還可以選要不要加蕃茄醬，蔬菜部分是水煮，喜歡原型食物的會喜歡💕唐揚雞炸得很酥脆！可樂餅也不錯，不是重口味的那種～有機會會再二訪😋

《二訪》
這次點了炸蝦蛋包飯，炸蝦有兩條，皮薄又酥脆，很好吃！炸牛肉餅讓我蠻驚艷的，真的就像介紹寫的鮮嫩多汁、輕盈酥脆，非常喜歡🤤",https://www.google.com/maps/reviews/data=!4m8!14m7!1m6!2m5!1sCi9DQUlRQUNvZENodHljRjlvT2t4TkxWTTRSMFZ6Y0RoSFJWbGlVRFZKUVUxV2ExRRAB!2m1!1s0x0:0x8062987881bb2033!3m1!1s2@1:CAIQACodChtycF9oOkxNLVM4R0VzcDhHRVliUDVJQU1Wa1E%7C%7C?hl=zh-TW,sponsored,latest_annotation,2026-05-31T17:41:50.523306+00:00
1e95a6bf9e1a5ea1892a23e5,稻森洋食屋,lala Lu,,5,"超級滿分一定會回訪！料給的超有誠意吃好飽，咖喱很香我很愛🥰本來想喝湯結果賣完了，換成沙拉也好吃～
服務很好，打卡送可樂餅",https://www.google.com/maps/reviews/data=!4m8!14m7!1m6!2m5!1sCi9DQUlRQUNvZENodHljRjlvT21sYU1FaE1ZVnBRTkZSUmVIVk5ORE42YTB0dGFVRRAB!2m1!1s0x0:0x8062987881bb2033!3m1!1s2@1:CAIQACodChtycF9oOmlaMEhMYVpQNFRReHVNNDN6a0ttaUE%7C%7C?hl=zh-TW,sponsored,latest_annotation,2026-05-31T17:39:39.930335+00:00
322bdd3459c153cf2fd92097,稻森洋食屋,Wei Wei,,5,"評論有送可樂餅！！！
店內氣氛佳
旁邊有水可以自助
這次點海陸咖喱飯
換烏龍麵要加20
陸的部分有唐揚雞跟炸豬排可以選
以這個價位來說算不錯吃
送的可樂餅也好吃",https://www.google.com/maps/reviews/data=!4m8!14m7!1m6!2m5!1sChdDSUhNMG9nS0VJQ0FnTUNBNjREVXRnRRAB!2m1!1s0x0:0x8062987881bb2033!3m1!1s2@1:CIHM0ogKEICAgMCA64DUtgE%7C%7C?hl=zh-TW,sponsored,latest_annotation,2026-05-31T17:40:23.660961+00:00
3f09d6d7e1e6817f2f8147cc,稻森洋食屋,H.J Chen,,5,"老闆人美超健談
餐點
海陸蛋包飯（豬排跟炸蝦
+60升級套餐
飲料麥茶+沙拉
加點
炸牛肉餅
跟評論送的可樂餅
超好吃的啊！～～寶藏店鋪～",https://www.google.com/maps/reviews/data=!4m8!14m7!1m6!2m5!1sCi9DQUlRQUNvZENodHljRjlvT2tGcGVHc3pXV2R3VW5GeGJEUkpXR2R1TTNFemMxRRAB!2m1!1s0x0:0x8062987881bb2033!3m1!1s2@1:CAIQACodChtycF9oOkFpeGszWWdwUnFxbDRJWGduM3Ezc1E%7C%7C?hl=zh-TW,sponsored,latest_annotation,2026-05-31T17:42:34.37574+00:00
5c5ee0c44ff1d8fdadf33384,稻森洋食屋,黃雅佩（Pei）,,5,味道很夠，服務態度也很好，雖然位置不多，但是位置與位置間空間寬且舒適，而且評論還多送了可樂餅！很棒的用餐經驗❤️,https://www.google.com/maps/reviews/data=!4m8!14m7!1m6!2m5!1sCi9DQUlRQUNvZENodHljRjlvT2xVdGIxSlNhVFpqTm1KYWRWcGtUV2RSYWxaUU1WRRAB!2m1!1s0x0:0x8062987881bb2033!3m1!1s2@1:CAIQACodChtycF9oOlUtb1JSaTZjNmJadVpkTWdRalZQMVE%7C%7C?hl=zh-TW,sponsored,latest_annotation,2026-05-31T17:37:05.633318+00:00
69de708f97688af559480db3,稻森洋食屋,吳美惠,,5,"五星好評送可樂餅
紅酒燉牛肉入味軟潤
入口即化
豬排及海老最好吃
可樂餅嫩~好吃
吧台四個位置會熱
座位12位 建議先預約",https://www.google.com/maps/reviews/data=!4m8!14m7!1m6!2m5!1sCi9DQUlRQUNvZENodHljRjlvT2tKTVlWbDJWSEJhY1ZOM01raHpZbEJNUzNSbk9FRRAB!2m1!1s0x0:0x8062987881bb2033!3m1!1s2@1:CAIQACodChtycF9oOkJMYVl2VHBacVN3MkhzYlBMS3RnOEE%7C%7C?hl=zh-TW,sponsored,latest_annotation,2026-05-31T17:38:59.66989+00:00
7202f013bc01e8acd121ebc6,稻森洋食屋,peter henry,,5,以為是打卡送可樂餅所以口味可能還好，但吃了以後出乎意料的好吃，洋食館的濃郁，炸物超脆內多汁，蛋包飯夠嫩，昭和布丁不甜挺硬挺，我是挺喜歡的,https://www.google.com/maps/reviews/data=!4m8!14m7!1m6!2m5!1sChdDSUhNMG9nS0VJQ0FnSUQ3clA2cHFRRRAB!2m1!1s0x0:0x8062987881bb2033!3m1!1s2@1:CIHM0ogKEICAgID7rP6pqQE%7C%7C?hl=zh-TW,sponsored,latest_annotation,2026-05-31T17:39:31.928617+00:00
891f3ee8d46963d7322339dd,稻森洋食屋,"第10級在地嚮導,業配全部下地獄",,5,"點了：
🍴稻森海陸咖哩（270）
友人點的
裡面有厚實豬排+一條炸蝦
咖哩醬跟牛排店一樣是用附的
豬排金黃酥脆
炸蝦也很好吃
重點是咖哩還可以續
太佛心了吧

🍴A套餐：紅茶+沙拉（60）
因為有送可樂餅了所以點這個
當天沒有湯只有沙拉
都不錯

🍴紅酒燉牛肉升級歐姆蛋+番茄炒飯（260+60）
因為也想吃歐姆蛋所以問老闆可不可以升級
就得到這份滿足的餐點
紅酒燉牛肉香氣十足
牛肉大塊，配著馬鈴薯和紅蘿蔔
歐姆蛋熟度也很讚
不敢相信小小的廚房居然煮出高級餐廳感
完全不輸日本欸

🍴​打卡贈北海道可樂餅（0）
是冷凍食品，但炸的香酥，淋上中濃醬汁很好吃

#真心推薦不業配
#所有體驗都是真實感受
#基隆最好吃歐姆蛋

地址：200基隆市仁愛區仁四路19巷3號

#基隆美食  #稻森洋食屋  #基隆蛋包飯  #日式洋食
#和風洋食  #仁四路美食  #Omeletrice  #japanesefood",https://www.google.com/maps/reviews/data=!4m8!14m7!1m6!2m5!1sChZDSUhNMG9nS0VJQ0FnSUMzaV9MMmNBEAE!2m1!1s0x0:0x8062987881bb2033!3m1!1s2@1:CIHM0ogKEICAgIC3i_L2cA%7C%7C?hl=zh-TW,sponsored,latest_annotation,2026-05-31T17:38:05.966872+00:00
c61191aafdd4bcd6106bf985,稻森洋食屋,阿葉,,5,店內氣氛悠閒，食物有特色，紅酒燉牛肉紅酒酸味與牛肉搭配起來恰到好處，評論有送可樂餅，可樂餅香酥好吃，馬鈴薯泥黏稠度剛剛好☺️,https://www.google.com/maps/reviews/data=!4m8!14m7!1m6!2m5!1sChdDSUhNMG9nS0VLQ1h0YnYweVBfdm5RRRAB!2m1!1s0x0:0x8062987881bb2033!3m1!1s2@1:CIHM0ogKEKCXtbv0yP_vnQE%7C%7C?hl=zh-TW,sponsored,latest_annotation,2026-05-31T17:37:33.644108+00:00
f510d10333b0176e52a22b3f,稻森洋食屋,Zong,,5,第一次來吃，點了不少好評的牛肋條咖哩蛋包飯，咖哩與配料都很好吃，白飯還可以換炒番茄跟黑胡椒，讓蛋包飯味道有更多層次，牛肋條非常軟嫩，餐點整體非常優秀，搭配套餐紅茶還可以免費續杯，加上評論送的可麗餅，吃起來非常有飽足感，推推！,https://www.google.com/maps/reviews/data=!4m8!14m7!1m6!2m5!1sChdDSUhNMG9nS0VJQ0FnSURIc2ZpTG93RRAB!2m1!1s0x0:0x8062987881bb2033!3m1!1s2@1:CIHM0ogKEICAgIDHsfiLowE%7C%7C?hl=zh-TW,sponsored,latest_annotation,2026-05-31T17:39:44.480648+00:00
60d4d1d15945e2f84a1df6fc,米個人燒肉新莊富國店,Armani Hsu,,5,"五顆星送鮑魚，然後打完評價給店家，說活動沒有了……….=.=
換一個服務生問，又有了。",https://www.google.com/maps/reviews/data=!4m8!14m7!1m6!2m5!1sCi9DQUlRQUNvZENodHljRjlvT2pkMGQyOXNYMVppU3pOMU0wbDNTMVIyU0VsNWMxRRAB!2m1!1s0x0:0x3fa19079c202b500!3m1!1s2@1:CAIQACodChtycF9oOjd0d29sX1ZiSzN1M0l3S1R2SEl5c1E%7C%7C?hl=zh-TW,sponsored,latest_annotation,2026-05-31T10:57:42.36693+00:00
a142f64426dbdfaed554a106,米個人燒肉新莊富國店,若涵,,5,"打卡送鮑魚😍
小孩來還有兒童套餐
自己烤 自己吃☺️
餐點好吃😋
美女服務非常好、親切👍",https://www.google.com/maps/reviews/data=!4m8!14m7!1m6!2m5!1sCi9DQUlRQUNvZENodHljRjlvT20xNlRXYzBkbUpUWm05d05uSlNNelJHVTJkcWVVRRAB!2m1!1s0x0:0x3fa19079c202b500!3m1!1s2@1:CAIQACodChtycF9oOm16TWc0dmJTZm9wNnJSMzRGU2dqeUE%7C%7C?hl=zh-TW,sponsored,latest_annotation,2026-05-31T10:54:42.193254+00:00
d6f3d7f85355ff15b4bf08b6,米個人燒肉新莊富國店,JL Lee,,5,"個人燒肉的好選擇，已來三訪
有無限暢飲飲料：可樂、綠茶、果汁等
還有冰棒可以吃，打卡送的鮑魚也很新鮮，大推🤗",https://www.google.com/maps/reviews/data=!4m8!14m7!1m6!2m5!1sCi9DQUlRQUNvZENodHljRjlvT2t4ak1IbFBaMkprVlhaR2NrWkRhVWhVYTFaSFpuYxAB!2m1!1s0x0:0x3fa19079c202b500!3m1!1s2@1:CAIQACodChtycF9oOkxjMHlPZ2JkVXZGckZDaUhUa1ZHZnc%7C%7C?hl=zh-TW,sponsored,latest_annotation,2026-05-31T10:56:56.918506+00:00
f4c2fedd8887e6408df839ba,米個人燒肉新莊富國店,賴澄祐,,5,平價個人燒肉，剛好在鴻金寶附近十分方便，現在評論還有送鮑魚。,https://www.google.com/maps/reviews/data=!4m8!14m7!1m6!2m5!1sCi9DQUlRQUNvZENodHljRjlvT25CdGREVjJORnBZYkhOb1pGZzFVV0pvUldocmRXYxAB!2m1!1s0x0:0x3fa19079c202b500!3m1!1s2@1:CAIQACodChtycF9oOnBtdDV2NFpYbHNoZFg1UWJoRWhrdWc%7C%7C?hl=zh-TW,sponsored,latest_annotation,2026-05-31T10:54:11.616749+00:00
d40cb31d10532dfb45e30c09,習慣這家Café- 基隆廟口店,grace lu,,5,"東西好吃！
服務很好👍
打卡還有送炸物！",https://www.google.com/maps/reviews/data=!4m8!14m7!1m6!2m5!1sCi9DQUlRQUNvZENodHljRjlvT201VlMwZEdZMDR5ZUhFeGFISkNUVVJxY0ZOcWVYYxAB!2m1!1s0x0:0x146fdbc23fda209d!3m1!1s2@1:CAIQACodChtycF9oOm5VS0dGY04yeHExaHJCTURqcFNqeXc%7C%7C?hl=zh-TW,sponsored,latest_annotation,2026-05-31T17:52:57.98998+00:00
dd799e96a715b633cee4c069,習慣這家Café- 基隆廟口店,王小白,,5,"第一次來吃！點了松露燉飯與鮭魚鮮蝦麵，
都加了溫泉蛋，超絕配！
入會禮送紅龍雞塊（希望油可以瀝乾一點）
打卡送炸物。
副餐送的奶茶好喝！",https://www.google.com/maps/reviews/data=!4m8!14m7!1m6!2m5!1sCi9DQUlRQUNvZENodHljRjlvT2xkcVRGbzJOa0ZuVnpsRU9HSllUSE14Y3pGbk5FRRAB!2m1!1s0x0:0x146fdbc23fda209d!3m1!1s2@1:CAIQACodChtycF9oOldqTFo2NkFnVzlEOGJYTHMxczFnNEE%7C%7C?hl=zh-TW,sponsored,latest_annotation,2026-05-31T17:51:44.978636+00:00
fbdc307f13a87d4c391fcf01,習慣這家Café- 基隆廟口店,Jeng,,5,"藏在基隆廟口旁巷子裡的二樓，外面很熱鬧，走上來之後氛圍完全不一樣，店內是暖色燈光跟木質裝潢，很安靜也蠻舒服的，坐著聊天不會有壓力。

這次點了蒜辣海鮮麵跟香檸鮭魚奶油燉飯，海鮮麵的蝦子、蛤蜊、花枝都蠻新鮮，蒜香很夠但不會太辣；燉飯口感剛好，鮭魚也煎得不錯。甜點點了鬆鬆棒跟飲料，奶茶不會太甜，喝完不會覺得膩。

最加分的是低消只要100，而且平日不限時，對想待久一點的人很友善，店家也歡迎帶狗狗來，打卡還有送炸物拼盤，整體來說CP值蠻高的，是會想再回訪的店。",https://www.google.com/maps/reviews/data=!4m8!14m7!1m6!2m5!1sCi9DQUlRQUNvZENodHljRjlvT2xVNGJGZHVNVll4VEZGcU56VlhXVkF5WVhwTlFXYxAB!2m1!1s0x0:0x146fdbc23fda209d!3m1!1s2@1:CAIQACodChtycF9oOlU4bFduMVYxTFFqNzVXWVAyYXpNQWc%7C%7C?hl=zh-TW,sponsored,latest_annotation,2026-05-31T17:54:50.532272+00:00
83766ae2535e62343bddfeb6,聚 日式鍋物 基隆信一店,Irene Chen,,5,突然很想吃和牛，就臨時決定來聚了！這裡的和牛好吃不貴～剛好生日月來，活動打卡送肉肉～,https://www.google.com/maps/reviews/data=!4m8!14m7!1m6!2m5!1sCi9DQUlRQUNvZENodHljRjlvT25OT2JGbzNNMDlmV2xkalFrNURXWFoxYW5Sc2EwRRAB!2m1!1s0x0:0x5ba29a4f992e5ba9!3m1!1s2@1:CAIQACodChtycF9oOnNObFo3M09fWldjQk5DWXZ1anRsa0E%7C%7C?hl=zh-TW,sponsored,latest_annotation,2026-05-26T14:59:38.962028+00:00
c305ad426ed6b94a5c2d8ac3,聚 日式鍋物 基隆信一店,Doris,,5,"餐點豐富美味😋
母親節有打卡送蛤蜊活動讚讚👍",https://www.google.com/maps/reviews/data=!4m8!14m7!1m6!2m5!1sChZDSUhNMG9nS0VObnVxdkRkX3R2cUN3EAE!2m1!1s0x0:0x5ba29a4f992e5ba9!3m1!1s2@1:CIHM0ogKENnuqvDd_tvqCw%7C%7C?hl=zh-TW,sponsored,latest_annotation,2026-05-26T14:59:53.347606+00:00
02035326e80af051dc89ca7d,"致青春 ToYouth Restaurant ｜舌尖上的時光機,重溫青春好味,用美食犒賞努力的青春 新繹台式料理 萬華聚餐 西門美食 台灣菜推薦 TaiwanFood",陳佩宜,,5,"這家東西很好吃，而且打卡有送小菜！
環境跟菜色都很好❤️❤️",https://www.google.com/maps/reviews/data=!4m8!14m7!1m6!2m5!1sCi9DQUlRQUNvZENodHljRjlvT2xNNFFVMUZTRXAyU1RCSlJXNDNNbEI2ZDB0MFRHYxAB!2m1!1s0x0:0x7e6f3c96f0634100!3m1!1s2@1:CAIQACodChtycF9oOlM4QU1FSEp2STBJRW43MlB6d0t0TGc%7C%7C?hl=zh-TW,sponsored,latest_annotation,2026-05-10T14:40:49.057346+00:00
1c53a739f31169a7b9a2b453,"致青春 ToYouth Restaurant ｜舌尖上的時光機,重溫青春好味,用美食犒賞努力的青春 新繹台式料理 萬華聚餐 西門美食 台灣菜推薦 TaiwanFood",Joe Cheung,,1,送小食才有5星餐廳,https://www.google.com/maps/reviews/data=!4m8!14m7!1m6!2m5!1sCi9DQUlRQUNvZENodHljRjlvT21wMGVtTXhaRVZMTTBWZk9EWmFZalV3YTBRd2RHYxAB!2m1!1s0x0:0x7e6f3c96f0634100!3m1!1s2@1:CAIQACodChtycF9oOmp0emMxZEVLM0VfODZaYjUwa0QwdGc%7C%7C?hl=zh-TW,sponsored,latest_annotation,2026-05-10T14:40:49.057885+00:00
5eab3429a49a8e7912ef58b2,"致青春 ToYouth Restaurant ｜舌尖上的時光機,重溫青春好味,用美食犒賞努力的青春 新繹台式料理 萬華聚餐 西門美食 台灣菜推薦 TaiwanFood",莊嘉鈺,,5,評論送小點涼拌木耳，今天10道餐點都不錯，除了蔥油餅裡面好像沒熟,https://www.google.com/maps/reviews/data=!4m8!14m7!1m6!2m5!1sCi9DQUlRQUNvZENodHljRjlvT25CaFUybGhlbTlWTVhkMGJVb3RhMk42Y1VOVE5sRRAB!2m1!1s0x0:0x7e6f3c96f0634100!3m1!1s2@1:CAIQACodChtycF9oOnBhU2lhem9VMXd0bUota2N6cUNTNlE%7C%7C?hl=zh-TW,sponsored,latest_annotation,2026-05-10T14:40:49.057407+00:00
66618a43907ef6b0c9539a6c,"致青春 ToYouth Restaurant ｜舌尖上的時光機,重溫青春好味,用美食犒賞努力的青春 新繹台式料理 萬華聚餐 西門美食 台灣菜推薦 TaiwanFood",日日美食RitaFoodie,,5,"IG：_rita.foodie

位於台北西門町的「致青春」，餐廳空間寬敞，提供沙發區與圓桌區，共有四層樓，一至三樓皆為用餐空間～

「洛神桂香東坡肉」$680
超大塊且肥瘦相間、入口即化，搭配微酸的洛神花，酸甜又解膩！夾入刈包中一起吃，外鬆內Q，甜中帶鹹好涮嘴😋

「口水雞」$360
雞肉紮實有咬勁，醬汁麻中帶香，花椒香氣十足，辣度剛剛好🌶️吃起來超下飯！

「鳳梨蝦球」$420
蝦仁吃起來脆脆的🍤搭配焦糖帶有脆感與微微焦香，飽滿又彈牙🤤

鳳梨乾與鳳梨果肉，提升整體清爽度，吃起來甜鹹交錯，很推👍🏻

「湘味厚蛋」$280
厚實飽滿口感好滑嫩，裡面配料很豐盛🌈
一口咬下辣度的後勁會逐漸上升🥵
雖然辣度蠻高的，但很好吃～下次來會想再點的品項❤️

「蜂巢芋角」$150
外皮酥酥脆脆，口感像千層酥！
內餡是芋泥搭配紅豆，甜度不會太高！

「伯爵珍奶冰沙」$200
整杯喝起來甜度偏高，搭配Q彈珍珠與香草冰淇淋，像用喝的甜點，份量十足，非常適合螞蟻人🐜

「綜合莓果冰沙」$200
喝起來酸酸甜甜的，搭配蔓越莓與莓果冰淇淋，冰涼爽口🍦

🔸活動資訊
Google五星評論＆IG、FB打卡分享，即贈小菜一份（每人限領一份）",https://www.google.com/maps/reviews/data=!4m8!14m7!1m6!2m5!1sCi9DQUlRQUNvZENodHljRjlvT25WaVRuWmpkR2RGV1Zodk1rOHpXbWxzU3pOcVRIYxAB!2m1!1s0x0:0x7e6f3c96f0634100!3m1!1s2@1:CAIQACodChtycF9oOnViTnZjdGdFWVhvMk8zWmlsSzNqTHc%7C%7C?hl=zh-TW,sponsored,latest_annotation,2026-05-10T14:40:49.057526+00:00
d4055b4bb8d3d3b43ee435a0,"致青春 ToYouth Restaurant ｜舌尖上的時光機,重溫青春好味,用美食犒賞努力的青春 新繹台式料理 萬華聚餐 西門美食 台灣菜推薦 TaiwanFood",M69 Utl,,5,新開幕，第一次體驗的餐廳，夏天很熱，餐廳冷氣很夠，餐點也還不錯，菜的份量夠四人分享，評論可贈送前菜（好吃）。,https://www.google.com/maps/reviews/data=!4m8!14m7!1m6!2m5!1sCi9DQUlRQUNvZENodHljRjlvT2t4cFlXNURZMXBOTW1oTWNGRTFhVXhFTW1vNVVHYxAB!2m1!1s0x0:0x7e6f3c96f0634100!3m1!1s2@1:CAIQACodChtycF9oOkxpYW5DY1pNMmhMcFE1aUxEMmo5UGc%7C%7C?hl=zh-TW,sponsored,latest_annotation,2026-05-10T14:40:49.057788+00:00
e53b0546fed1bd9f9e7320a0,"致青春 ToYouth Restaurant ｜舌尖上的時光機,重溫青春好味,用美食犒賞努力的青春 新繹台式料理 萬華聚餐 西門美食 台灣菜推薦 TaiwanFood",洪妏宜,,5,"環境還不錯 服務人員很熱情
打卡送精緻小點",https://www.google.com/maps/reviews/data=!4m8!14m7!1m6!2m5!1sCi9DQUlRQUNvZENodHljRjlvT21OU1NWUmZMVGsyZEdsTUxUbDVWMWxLWjFsQlExRRAB!2m1!1s0x0:0x7e6f3c96f0634100!3m1!1s2@1:CAIQACodChtycF9oOmNSSVRfLTk2dGlMLTl5V1lKZ1lBQ1E%7C%7C?hl=zh-TW,sponsored,latest_annotation,2026-05-10T14:40:49.057446+00:00
f2bfc65dcfd30668be0055dd,"致青春 ToYouth Restaurant ｜舌尖上的時光機,重溫青春好味,用美食犒賞努力的青春 新繹台式料理 萬華聚餐 西門美食 台灣菜推薦 TaiwanFood",何思慧,,5,"朋友聚餐 地點佳 餐點ok
送的小菜很有誠意",https://www.google.com/maps/reviews/data=!4m8!14m7!1m6!2m5!1sCi9DQUlRQUNvZENodHljRjlvT2t4aGNXeHRPRnBVVURsNk5GTjJja1J5TWpCcFluYxAB!2m1!1s0x0:0x7e6f3c96f0634100!3m1!1s2@1:CAIQACodChtycF9oOkxhcWxtOFpUUDl6NFN2ckRyMjBpYnc%7C%7C?hl=zh-TW,sponsored,latest_annotation,2026-05-10T14:40:49.057602+00:00
0be0672856c8c21ee6a11351,良作居食屋(公休日以公告為主),Peichi Lien,,5,"初訪，活動期間打卡送麻糬！
酒精消毒滿仔細的，第一印象很好＾＾
小夫妻今天第一次來用餐，試試水溫點的不多。
良作燒💲150
鮭魚飯糰💲80
肥腸蔥💲60
鹽烤雞腿肉💲50
豚五花💲50
山藥細麵💲120
明太子山藥💲140
山梅氣泡飲💲110(活動期間折扣10元)
打卡送麻糬❤❤❤
結論，完全沒踩到雷(噢耶)！
除了鮭魚飯糰烤的有點乾，多加點美乃滋感覺會更棒
其他都好吃哦哦哦哦～～～
我最愛山藥系列，敢吃山藥的人必點！！
良作燒很特別，有吃到馬鈴薯+起司+玉米粒+高麗菜
二訪再來點牛小排😍😍😍",https://www.google.com/maps/reviews/data=!4m8!14m7!1m6!2m5!1sChZDSUhNMG9nS0VJQ0FnSURPbExMc0R3EAE!2m1!1s0x0:0x90a0024a89fed0ce!3m1!1s2@1:CIHM0ogKEICAgIDOlLLsDw%7C%7C?hl=zh-Hant,sponsored,latest_annotation,2026-06-24T05:57:03.411768+00:00
47e82d3865066cab506fdf86,良作居食屋(公休日以公告為主),黃睿峰,,5,"東西好吃，價格實惠
打卡還送麻吉
值得來基隆宵夜場來嚐嚐
🤟🤟🤟🤟🤟",https://www.google.com/maps/reviews/data=!4m8!14m7!1m6!2m5!1sChdDSUhNMG9nS0VJQ0FnSUNPbzVPWTFnRRAB!2m1!1s0x0:0x90a0024a89fed0ce!3m1!1s2@1:CIHM0ogKEICAgICOo5OY1gE%7C%7C?hl=zh-Hant,sponsored,latest_annotation,2026-06-24T05:55:34.401865+00:00
f9c860369b3f2955f9f0f4ef,良作居食屋(公休日以公告為主),芳,,5,"\這家真的必收！每一道都好吃得嚇瘋只是籌備速度需要長一些 好吃就要耐心等待🙂‍↕️/

🌞瓜子肉烏龍麵$180
💖喜歡程度：⭐️⭐️⭐️⭐️🌟（4.8）
平常不太愛吃瓜子肉，因為都偏鹹，這個完全不一樣！！一接近瓜子肉味撲鼻，第一口就超愛，不會死鹹，是口味適中的傳統瓜子肉，難怪是👍🏼的系列 烏龍麵條很滑順Q彈
(˶‾᷄ ⁻̫ ‾᷅˵)

🌞山藥細麵$120
💖喜歡程度：⭐️⭐️⭐️⭐️⭐️（滿分💯）
這個份量比較小，用一個酒杯裝，格外地有華麗感，吃起來很清爽！以山藥本體切成絲，再加上酸甜醬油，口感：脆脆沙沙稠稠涼涼的，會一口接一口，馬上就吃完了ಥ_ಥ

🌞明太子奶油醬烏龍麵$240
💕喜愛程度：⭐️⭐️⭐️⭐️🌟（4.7）
好感動，基隆沒什麼明太子奶油烏龍麵 終於找到了😻 烏龍麵條一樣頂到沒話說，非常Q彈滑順不軟爛，甜鹹的明太子配上滿滿香濃奶油整個超滿足，一人吃會飽～調味偏重，所以吃到後面小膩，不過還是好好吃🤤

🌞櫛瓜$50
💕喜愛程度：⭐️⭐️⭐️⭐️🌟（4.3）
老實說 這是我吃過最好吃的！但是真的偏貴 三個就要50元嗷嗷，一口咬下會滿出水，口感為脆軟，吃起來保有原本的清甜～

🌞香菇$40
💕喜愛程度：⭐️⭐️⭐️⭐️🌟（4.5）
上面有刷醬燒醬～吃起來甜甜鹹鹹的，也是多汁型🤤且保有完整香菇味！

🌞明太子雞肉串：很不錯！外皮有烤地酥酥脆脆的，肉嫩多汁
🌞蒜頭蛤蠣雞湯：滿滿地蒜頭🧄很香，但希望還能再多一點蛤蜊味～

他們家弄的料理，都能夠在剛剛好地調味下，保有食材原本的味道，反而是以料理來襯托出原本食材的特色！棒 幾霸昏✨💕💯

歡迎瀏覽(^O^)🧏🏻‍♀️【囉哩八嗦口感口味美食IG帳：@gumgum_yummy】",https://www.google.com/maps/reviews/data=!4m8!14m7!1m6!2m5!1sChdDSUhNMG9nS0VJQ0FnSUNmLXY2TTJBRRAB!2m1!1s0x0:0x90a0024a89fed0ce!3m1!1s2@1:CIHM0ogKEICAgICf-v6M2AE%7C%7C?hl=zh-Hant,sponsored,latest_annotation,2026-06-24T05:55:58.046476+00:00
0148bcd6bb6adb189a998132,芭頱霸-甘草芭樂現切水果,柯宜岑,,5,新開幕<br>買芭樂100元送100<br>留言還送芭樂汁一杯,https://www.google.com/maps/reviews/data=!4m8!14m7!1m6!2m5!1sChZDSUhNMG9nS0VJQ0FnSURmd2RIWlhnEAE!2m1!1s0x0:0xb16b896b61687b5c!3m1!1s2@1:CIHM0ogKEICAgIDfwdHZXg%7C%7C?hl=zh-TW,sponsored,latest_annotation,2026-06-23T08:47:54.751491+00:00
0fcce66bb853f49e638fd757,芭頱霸-甘草芭樂現切水果,洪信樂,,5,老闆娘人很好 8月份5星好評送芭樂汁,https://www.google.com/maps/reviews/data=!4m8!14m7!1m6!2m5!1sCi9DQUlRQUNvZENodHljRjlvT213eFIxaGlia3RNTVhKbmFWbDBZVkJTVmpneFdIYxAB!2m1!1s0x0:0xb16b896b61687b5c!3m1!1s2@1:CAIQACodChtycF9oOmwxR1hibktMMXJnaVl0YVBSVjgxWHc%7C%7C?hl=zh-TW,sponsored,latest_annotation,2026-06-23T08:47:43.806456+00:00
a1543d0f1686ec780df1dde9,芭頱霸-甘草芭樂現切水果,林雯婕,,5,滿百給五星 送芭樂汁一杯,https://www.google.com/maps/reviews/data=!4m8!14m7!1m6!2m5!1sChZDSUhNMG9nS0VJQ0FnTUNnbXJiRE13EAE!2m1!1s0x0:0xb16b896b61687b5c!3m1!1s2@1:CIHM0ogKEICAgMCgmrbDMw%7C%7C?hl=zh-TW,sponsored,latest_annotation,2026-06-23T08:47:57.004815+00:00
a6610275bcb97da34fac31ae,芭頱霸-甘草芭樂現切水果,王玉雲,,5,滿百五星評論送芭樂汁一杯👍👍👍,https://www.google.com/maps/reviews/data=!4m8!14m7!1m6!2m5!1sCi9DQUlRQUNvZENodHljRjlvT2w5bFVrOHhNMlZSUTAwM1VIaEVNRkJ2Vms5QlpXYxAB!2m1!1s0x0:0xb16b896b61687b5c!3m1!1s2@1:CAIQACodChtycF9oOl9lUk8xM2VRQ003UHhEMFBvVk9BZWc%7C%7C?hl=zh-TW,sponsored,latest_annotation,2026-06-23T08:47:26.041933+00:00
bad01fcead9edb3f073d55cd,芭頱霸-甘草芭樂現切水果,Jasmin Xu,,5,路過來買甘草芭樂，打卡送芭樂汁✅👍,https://www.google.com/maps/reviews/data=!4m8!14m7!1m6!2m5!1sChdDSUhNMG9nS0VJQ0FnSURmb1pqY293RRAB!2m1!1s0x0:0xb16b896b61687b5c!3m1!1s2@1:CIHM0ogKEICAgIDfoZjcowE%7C%7C?hl=zh-TW,sponsored,latest_annotation,2026-06-23T08:53:03.571412+00:00
73d916a2e3f9cf7a9041482f,花宅HanaTaku,Fun,,5,茶酒類為基底的一間無菜單酒吧,https://www.google.com/maps/reviews/data=!4m8!14m7!1m6!2m5!1sChdDSUhNMG9nS0VJQ0FnSUN4OWVQSzFRRRAB!2m1!1s0x0:0xdc2e6095de622f27!3m1!1s2@1:CIHM0ogKEICAgICx9ePK1QE%7C%7C?hl=zh-TW,sponsored,resolution,2026-05-06T18:30:55.771920+00:00
387f2910fd35d6c40ef6bb05,芳奈,Sharon Yang,,2,"路過店～販賣麵包跟文青的地方。
位置小但人頗多⋯
沒人招呼所以就離開了。
真的不明白這好的評論是從何而來🤔",https://www.google.com/maps/reviews/data=!4m8!14m7!1m6!2m5!1sCi9DQUlRQUNvZENodHljRjlvT21wRE5pMHpTVk4xTWtaVldsZ3dOVmhWUlhCQ2FYYxAB!2m1!1s0x0:0xe53465926c93e6b!3m1!1s2@1:CAIQACodChtycF9oOmpDNi0zSVN1MkZVWlgwNVhVRXBCaXc%7C%7C?hl=zh-TW,sponsored,resolution,2026-05-06T18:33:22.343935+00:00
124d8475cee8fcb4712d314b,莎瓦迪卡海鮮.泰,江珮瑄,,5,"價位不便宜但氣氛不錯
蝦餅很紮實很厚好吃
耶奶雞湯也很讚
打卡送甜點🍦",https://www.google.com/maps/reviews/data=!4m8!14m7!1m6!2m5!1sCi9DQUlRQUNvZENodHljRjlvT21rd1ptdDZWbUppYTJaQlUyRnFNSEZ6TUd0WlIwRRAB!2m1!1s0x0:0x75eb42d2331ab810!3m1!1s2@1:CAIQACodChtycF9oOmkwZmt6VmJia2ZBU2FqMHFzMGtZR0E%7C%7C?hl=zh-TW,sponsored,latest_annotation,2026-05-10T14:44:56.301579+00:00
304fcaff38f9d8fb88c7b7df,莎瓦迪卡海鮮.泰,Tzu-Hua Chen,,5,"食物超好吃，手打金錢蝦餅和嫩蛋黃軟殼蟹特別讚讚，氣氛也好！會再訪, 打卡送甜點!",https://www.google.com/maps/reviews/data=!4m8!14m7!1m6!2m5!1sCi9DQUlRQUNvZENodHljRjlvT2xGM2MzaFRhMFIzUmt4aVZsSmlZbVZOTldScmFrRRAB!2m1!1s0x0:0x75eb42d2331ab810!3m1!1s2@1:CAIQACodChtycF9oOlF3c3hTa0R3RkxiVlJiYmVNNWRrakE%7C%7C?hl=zh-TW,sponsored,latest_annotation,2026-05-10T14:44:56.301825+00:00
6e8e0a1324ed2e4169d6e1c5,莎瓦迪卡海鮮.泰,Sylvia,,5,"餐點蠻好吃，氣氛很好，適合聚餐
剛好有活動打卡送甜點",https://www.google.com/maps/reviews/data=!4m8!14m7!1m6!2m5!1sCi9DQUlRQUNvZENodHljRjlvT2tOeFZGcE9RWGR4TTNWa1JTMTRPRTFuZDNOTmFGRRAB!2m1!1s0x0:0x75eb42d2331ab810!3m1!1s2@1:CAIQACodChtycF9oOkNxVFpOQXdxM3VkRS14OE1nd3NNaFE%7C%7C?hl=zh-TW,sponsored,latest_annotation,2026-05-10T14:44:56.301842+00:00
f354a64f4d11263a0d03c164,莎瓦迪卡海鮮.泰,Felicia Yen,,3,分數這麼高應該是因為給5星好評會贈送甜點一份。整體來說味道不錯，算是創新版泰國菜。份量很“精緻”、價格偏高。,https://www.google.com/maps/reviews/data=!4m8!14m7!1m6!2m5!1sCi9DQUlRQUNvZENodHljRjlvT2pVNVkyMHlha1pHZEhSd1ZVVkZRelZFTVVWdlpFRRAB!2m1!1s0x0:0x75eb42d2331ab810!3m1!1s2@1:CAIQACodChtycF9oOjU5Y20yakZGdHRwVUVFQzVEMUVvZEE%7C%7C?hl=zh-TW,sponsored,latest_annotation,2026-05-10T14:44:56.302013+00:00
2d31ab132ff2e11ff1cc9c46,莫初拾六樓景觀KTV餐廳,鄭芊芃,,5,"🔥推爆🔥老闆人親切‼️肉又好吃‼️
停車停在對面東岸停車場🅿️，一過馬路就到了，下雨還不用怕淋到雨，地下道一上來就是龍鍋門口了，食材新鮮，冰淇淋、飲料、蔬菜、雞蛋、麵、冬粉、滷肉飯、都不怕你吃，吃一餐飽兩餐，能不推嗎❓❓
這次點了牛小排、霜降牛、翼板牛、松阪豬。
沒有一個肉是讓我失望的‼️
牛小排、松阪豬大推特推‼️
幸好沒信那些差評，根本不準，來這真的相見恨晚啊‼️一定要三訪四訪，帶親朋好友來‼️",https://www.google.com/maps/reviews/data=!4m8!14m7!1m6!2m5!1sChZDSUhNMG9nS0VJQ0FnSUNtM1BqZEZnEAE!2m1!1s0x0:0x59b7169ece31365f!3m1!1s2@1:CIHM0ogKEICAgICm3PjdFg%7C%7C?hl=zh-Hant,sponsored,latest_annotation,2026-06-24T05:29:22.903497+00:00
424e9fd417984ca79034c8ae,莫初拾六樓景觀KTV餐廳,闕文平,,5,"吃～～～～～～～
今天跟朋友來基隆走走逛逛真得累壞了
推薦一間好吃的火鍋店
進店的時候是用餐時間17點不用等，很開心～
點了藥膳湯（藥膳迷🤣）它是一鍋ㄧ整包的中藥材，不是大鍋熬完的藥膳湯，主菜的肉片和菜盤很新鮮。
還有傳統的滷肉飯，冰淇淋，飲料無限供應👍🏻
用餐環境也很舒適，重點是冷氣夠強啊～～～❄️

剛好遇上活動
打卡或學生憑證再送一盤肉（肉種任選）

吃完真的是超級飽的啦😋
結帳的時候發現～～～～～
ㄧ鍋才219元😱
好平價！！！
朋友有加價169直接升級變海陸套餐
我就問，這店家還要不要賺錢🤣

我個人認為CP值真的挺高的，身為男生，胃口也算大，吃的真的好飽",https://www.google.com/maps/reviews/data=!4m8!14m7!1m6!2m5!1sChdDSUhNMG9nS0VJQ0FnTUNZNmFmVHV3RRAB!2m1!1s0x0:0x59b7169ece31365f!3m1!1s2@1:CIHM0ogKEICAgMCY6afTuwE%7C%7C?hl=zh-Hant,sponsored,latest_annotation,2026-06-24T05:28:50.823147+00:00
e0914a22dd315bc3b24ffd6f,莫初拾六樓景觀KTV餐廳,王語柔,,5,地理位置方便，火車站約10分鐘，靠窗的位置可以欣賞車水馬龍的基隆，肉很新鮮且大片，有活動打卡送紅蘿蔔汁，因為好吃所以也願意打卡～,https://www.google.com/maps/reviews/data=!4m8!14m7!1m6!2m5!1sChdDSUhNMG9nS0VJQ0FnSUQtcWRqYnBRRRAB!2m1!1s0x0:0x59b7169ece31365f!3m1!1s2@1:CIHM0ogKEICAgID-qdjbpQE%7C%7C?hl=zh-Hant,sponsored,latest_annotation,2026-06-24T05:29:55.122395+00:00
e3e6321d5acf98cbeda446e9,莫初拾六樓景觀KTV餐廳,snow Lin,,5,"很多年前曾經來吃過， 當時是單點式套餐， 但是印象深刻真的很好吃， 多年後再來吃一次，。
現今已經改成自助式的套餐， 只有肉是一般的份量， 也有大份量的三份肉套餐。
食材非常的新鮮， 乾淨又衛生， 服務人員很優質， 走路的動線和餐桌的動線，設計的非常良好， 非常適合帶小朋友娃娃車進入用餐， 非常推薦全家大小來這邊吃火鍋。
天哪。。
打卡送8隻乾淨新鮮的蝦蝦。。
我點的是低脂牛339元， 佳能點的是霜降牛399元。。",https://www.google.com/maps/reviews/data=!4m8!14m7!1m6!2m5!1sChdDSUhNMG9nS0VJQ0FnSUQtck9mMndnRRAB!2m1!1s0x0:0x59b7169ece31365f!3m1!1s2@1:CIHM0ogKEICAgID-rOf2wgE%7C%7C?hl=zh-Hant,sponsored,latest_annotation,2026-06-24T05:30:57.918586+00:00
e884b2572f9c843a03ac1f3f,莫初拾六樓景觀KTV餐廳,張家榮,,5,"用餐環境舒服蔬菜新鮮
現在打卡送新鮮蛤蜊喔🤤🤤🤤",https://www.google.com/maps/reviews/data=!4m8!14m7!1m6!2m5!1sChZDSUhNMG9nS0VJQ0FnSURSakxIWlVnEAE!2m1!1s0x0:0x59b7169ece31365f!3m1!1s2@1:CIHM0ogKEICAgIDRjLHZUg%7C%7C?hl=zh-Hant,sponsored,latest_annotation,2026-06-24T05:30:40.034112+00:00
a9e94118756f8f2b4c29a51d,華星牛排館,彤（YUYU）,,2,今天放假特地去享用之前覺得不錯的牛排館，但是令人失望的是，味道已經不像記憶中的美味！第一張照片的肋眼心牛排，建議是五分熟，但是外面一圈幾乎是全熟，吃起來真的像牛肉乾，只有中間的部位不會硬！雖然跟服務人員反應後，服務人員有說要換給我，但是我的感覺已經是不好了，而且被換掉的牛排，就會被當成廚餘，會很浪費，所以我選擇吃完。再來第二張的王品牛小排，吃起來很像某家便當店控肉的味道，而且以前上來是一整塊完整的，現在全部切成這樣，留一個骨頭在旁邊是什麼意思？然後以前覺得很美味的酥皮海鮮濃湯也明顯味道變淡了！整套餐點吃下來，只有沙拉、飲料、麵包＆蛋糕是OK的。以這次的經驗來看，我之後來消費的意願是零！我們旁邊有一桌比較早來的客人，餐點幾乎沒什麼吃，就請服務人員收走。雖然打五星評論有送東西，但我還是想說出最實際的情況！,https://www.google.com/maps/reviews/data=!4m8!14m7!1m6!2m5!1sChZDSUhNMG9nS0VJQ0FnSUNldjdXZFB3EAE!2m1!1s0x0:0x54b49afd393b8a02!3m1!1s2@1:CIHM0ogKEICAgICev7WdPw%7C%7C?hl=zh-TW,sponsored,latest_annotation,2026-06-24T01:45:27.818095+00:00
6eaabea0c99f1384f7d22765,那間居酒屋 Najian Izakaya,屁屁,,5,"📍 那間居酒屋 Najian Izakaya
-
📝位於基隆仁愛區的一條小巷弄中！店內氣氛還不錯！會收10%服務費～整體個人覺得蠻普的🥹
-
❣️鮭魚炒飯 $220
上面有撒上鮭魚肉？！偏乾～
蠻失望的😞
炒飯也蠻普通ㄉ

❣️明太子白醬蛤蠣炒烏龍 $220
豪豪吃！上面撒上海苔絲！
簡直將這道料理提升不少！
明太子醬調味的非常好吃！
烏龍麵條粗粗的～但非常有嚼勁！

❣️海苔茶漬飯 $90

❣️明太子鮭魚飯團 $100
偏硬～

❣️鹽烤節瓜 $90
還不錯！
有保留節瓜的鮮甜滋味！

❣️明太子山藥 $140
Amazing ！
很好吃欸！
明太子跟山藥結合！
竟然一點都不違和欸！
好吃！
山藥吃起來嫩嫩的！

❣️鹽烤杏鮑菇 $90
只有4顆香菇～
烤過後仍有保留香菇ㄉ汁味！
鮮甜！

❣️鹽烤松阪豬 $200
蠻清淡的？
但松阪豬肉質還算不錯啦！🤣

❣️醬燒五花串 $70

❣️雞皮仙貝 $130
炸的酥酥脆脆的！
還不錯，但不會很驚艷～

❣️唐揚炸雞 $160
很好吃！
肉質超級鮮嫩的！
搭配附贈的佐料
美味提升不少！

❣️揚出豆腐 $100
剛炸的豆腐肯定好吃！
嫩嫩的豆腐

❣️牛乳炸吐司 $80
蠻好吃的！
甜甜ㄉ！
外皮口感酥脆～
牛奶的香氣四溢！

❣️蜂蜜地瓜起司燒 $120
第一次吃到這種甜點！
就是烤地瓜～
上面鋪著滿滿的起司～～
然後在淋上蜂蜜醬！
個人覺得蠻酷的！
不過有時候會吃到地瓜的纖維！
蜂蜜醬淋的也不多～有點小可惜！

-
#菜菜吃居酒屋串燒#tsaitsaifood#蔡家小妹吃基隆#串燒美食#居酒屋美食#基隆仁愛#基隆美食#仁愛美食#台灣美食#taiwanfood #taiwan",https://www.google.com/maps/reviews/data=!4m8!14m7!1m6!2m5!1sChdDSUhNMG9nS0VJQ0FnSUNfei11d3NRRRAB!2m1!1s0x0:0xda78e1c80b853354!3m1!1s2@1:CIHM0ogKEICAgIC_z-uwsQE%7C%7C?hl=zh-Hant,sponsored,latest_annotation,2026-06-24T05:38:14.266744+00:00
99fd3820977c86bc88e37bf0,邦彼諾 Bambino,Travellow Fish,,3,"覺得是因為五星有送鳳梨酥所以評價才這麼高。
餐廳裝潢漂亮、位置也離車站很近，食物也很美觀，但是食物真的不好吃……
菜色價錢大概$200-300 ，有各種套餐選項，加飲料、湯品或是甜點。
墨魚燉飯份量多，不過味道不太濃，口味普通。
點了明太子鮭魚義大利麵，但是味道非常的淡也很乾，麵體本身的嚼勁還不錯，但是沒有味道，鮭魚本身肉是好吃，但一樣沒有調味。
蒜味蛤蠣義大利麵一樣調味很淡，沒有味道。",https://www.google.com/maps/reviews/data=!4m8!14m7!1m6!2m5!1sCi9DQUlRQUNvZENodHljRjlvT210NE1ucGlOazFKYWpWUGJtbHpabUpEUlRKdk5rRRAB!2m1!1s0x0:0xb156bc601b90f70c!3m1!1s2@1:CAIQACodChtycF9oOmt4MnpiNk1JajVPbmlzZmJDRTJvNkE%7C%7C?hl=zh-TW,sponsored,latest_annotation,2026-06-24T02:53:38.270659+00:00
4b4a51e97150af3e952173c1,醉衍居 居酒屋いざかや_永和店,JerryC,,3,"環境：☆☆
服務：☆☆☆☆☆
食材：☆☆☆
初來乍到，醉衍居 居酒屋いざかや_永和店，本來這攤是為了歸國的總監辦的，說要辦也是他，最後不來的也是他，隨他去囉
芥末章魚
真的是小菜，小小一碟，上菜的時候大家都嚇了一跳，但香氣與調味是大家喜歡的，一口接著一口掃光
香酥雞軟骨
算是厚皮的雞軟骨，麵衣帶點麵味，滿順口的，但因為很紮實吃的有點辛苦
鹽烤杏鮑菇
有點出水，吃不太出來鹽烤感覺
焗烤櫛瓜串
起司焗烤後焦香酥脆，櫛瓜保有厚度多汁水嫩
椒香雞皮
大家稱讚外酥內軟很會烤，但個人覺得是用炸的才會有這樣的口感
醬燒雞肉
鹹香鹹香，雞肉新鮮可口鮮甜多汁
一夜干午仔魚
外皮酥脆，魚肉大塊新鮮鮮甜
明太子山藥
山藥清脆，明太子香氣飽滿，美乃滋恰到好處不油膩
香烤軟絲
外被焦香內裏軟嫩，滿滿的海味，沾點椒鹹，香氣提升
瑰鹽牛肉串
這是店員的口袋名單，大眾口味
醬燒雞膝
聽說苗栗滷王世家滷的，滷包香氣，入口鹹香鹹甜，雞膝軟爛入口即化
松板豬
逆紋處理口感佳，新鮮無豬味，洋蔥過水後冰鎮降低了辛口，搭配起來解油膩
辣味噌雞肉
這道菜點了兩次，勁辣的重口味，又有洋蔥香甜，雞肉燉煮的剛剛好嫩嫩的，也是店員的口袋菜單
鮭魚肚刺身
在核水還沒之前，還能品嘗鮭魚肚刺身，油脂豐富新甜口感，先之前可以來點蘿蔔絲去除口氣，更容易吃出刺身的甜感
整體而言，服務即時，店員也很熱絡，環境上，特別是靠牆位子準備去消費的客人要注意一下，食材餐點上，辣味噌雞肉、醬燒雞膝是特色菜，酒水的部份，生啤一杯與三公升價差不大，不過杯杯是冰的比較過癮
Ps.有一成服務費，一直都有打卡送梅酒(偏淡麗)",https://www.google.com/maps/reviews/data=!4m8!14m7!1m6!2m5!1sChdDSUhNMG9nS0VJQ0FnSURaaHR6R2h3RRAB!2m1!1s0x0:0x5a59d3b31380ae2a!3m1!1s2@1:CIHM0ogKEICAgIDZhtzGhwE%7C%7C?hl=zh-TW,sponsored,latest_annotation,2026-06-23T15:54:18.489039+00:00
4e116f00b674307b5b3d7e9c,醉衍居 居酒屋いざかや_永和店,Boba lover An 886,,5,"干貝、鮭魚、旗魚生魚片和蝦子好好吃～
推推胡麻野菜跟雞皮，蛤蜊也很鮮
打卡送一杯天空之月❤️",https://www.google.com/maps/reviews/data=!4m8!14m7!1m6!2m5!1sChZDSUhNMG9nS0VJQ0FnTURJaDZEVVp3EAE!2m1!1s0x0:0x5a59d3b31380ae2a!3m1!1s2@1:CIHM0ogKEICAgMDIh6DUZw%7C%7C?hl=zh-TW,sponsored,latest_annotation,2026-06-23T15:55:52.366509+00:00
9518bf2ad30cb5a36c40d3a7,醉衍居 居酒屋いざかや_永和店,Andy Yu,,5,"餐點品項很豐富，酒類選擇也很多樣，店內佈置也挺有味道，生菜、菜捲、炸物、燒烤、炙燒、握壽司都有足夠的水準，特別是燒烤類，火候都控制得很棒，不會烤過頭有任何焦色與苦味，卻可以讓外表有絕妙的滋味與口感；光顧當天有清酒特價，也有打卡送薯條，而且薯條並未因爲免費贈送就敷衍上桌，完全是外酥內嫩，還把油瀝得很乾爽，廚師們都蠻用心的；服務態度也不錯，但是有兩點比較不滿意的地方，第一，餐具洗得不太乾淨，每個碗都是油油的（照片有放一個），還有一點是，啤酒箱堆滿了我們的座位旁，影響到用餐舒適度；最後，價格不算便宜，不過，居酒屋大部份也都蠻高貴倒是！
我給4.5，所以就四捨五入了⋯⋯",https://www.google.com/maps/reviews/data=!4m8!14m7!1m6!2m5!1sChZDSUhNMG9nS0VJQ0FnSUNtLWViTUpREAE!2m1!1s0x0:0x5a59d3b31380ae2a!3m1!1s2@1:CIHM0ogKEICAgICm-ebMJQ%7C%7C?hl=zh-TW,sponsored,latest_annotation,2026-06-23T15:56:12.26696+00:00
0c76a683408786ae88ef3295,金茶壺八寶冬粉（基隆廟口美食70年老字號）,王禹勝,,5,"懷念的味道，
但各人覺得汐止市場內的八寶冬粉合我的口味。

目前五星好評送可樂一瓶😆",https://www.google.com/maps/reviews/data=!4m8!14m7!1m6!2m5!1sChZDSUhNMG9nS0VJQ0FnSUREMkticUhBEAE!2m1!1s0x0:0x7bb3b2e1d9ffc2b2!3m1!1s2@1:CIHM0ogKEICAgIDD2KbqHA%7C%7C?hl=zh-Hant,sponsored,latest_annotation,2026-06-24T05:51:22.626441+00:00
3c6691ce8efe0e7cea066938,金茶壺八寶冬粉（基隆廟口美食70年老字號）,Wander Lee,,5,難得走到這麽裡面，看到這評價不錯的店，並且還有位子可坐，點了八寶冬粉、滷肉飯、菜捲，八寶冬粉料實在，湯清爽好喝，可惜碗不夠大，滷肉飯香甜肥不膩，會有黏嘴感覺。雖然有5星送小瓶可樂，但是真的好吃，像是回味的家鄉小攤般順口。,https://www.google.com/maps/reviews/data=!4m8!14m7!1m6!2m5!1sChdDSUhNMG9nS0VJQ0FnSUNuOVlyM21BRRAB!2m1!1s0x0:0x7bb3b2e1d9ffc2b2!3m1!1s2@1:CIHM0ogKEICAgICn9Yr3mAE%7C%7C?hl=zh-Hant,sponsored,latest_annotation,2026-06-24T05:54:16.127329+00:00
a49b11645e2b9b55008c93db,金茶壺八寶冬粉（基隆廟口美食70年老字號）,nonno hui,,5,"用料很實在，湯頭清甜好喝！用餐環境舒適。
雖然五星評論送飲料，但本人是真心推薦！",https://www.google.com/maps/reviews/data=!4m8!14m7!1m6!2m5!1sChdDSUhNMG9nS0VJQ0FnSUNybnNDYTJ3RRAB!2m1!1s0x0:0x7bb3b2e1d9ffc2b2!3m1!1s2@1:CIHM0ogKEICAgICrnsCa2wE%7C%7C?hl=zh-Hant,sponsored,latest_annotation,2026-06-24T05:54:07.895071+00:00
aac725f2e06edaeec7755b35,金茶壺八寶冬粉（基隆廟口美食70年老字號）,Lin Lin,,5,"👉肉羹湯 65元
肉羹湯我覺得很驚艷！湯頭很鮮甜，肉羹也不錯，而且吃的到肉塊，裡面還會有一點筍絲跟香菇，平常不喜歡吃羹湯的我也覺得蠻好吃的。

👉吉古拉 30元
吉古拉口感介於甜不辣跟竹輪之間，很特別是沒有吃過的口感，但味道又覺得很熟悉，是基隆當地才吃的到的美食之一，旁邊會附上醬油膏跟辣椒醬一起搭配蠻好吃的，單吃會比較沒味道。

⭐️⭐️⭐️打卡五星好評送可樂⭐️⭐️⭐️

⭐️⭐️⭐️打卡五星好評送可樂⭐️⭐️⭐️

⭐️⭐️⭐️打卡五星好評送可樂⭐️⭐️⭐️

小結：地點位於基隆廟口夜市附近，逛夜市不小心經過意外發現美食，而且室內環境很好冷氣也很涼，食物也好吃，不過要特別注意裡面不能吃外食，打卡還可以送可樂很讚！",https://www.google.com/maps/reviews/data=!4m8!14m7!1m6!2m5!1sChZDSUhNMG9nS0VJQ0FnSURUcFl6NlZ3EAE!2m1!1s0x0:0x7bb3b2e1d9ffc2b2!3m1!1s2@1:CIHM0ogKEICAgIDTpYz6Vw%7C%7C?hl=zh-Hant,sponsored,latest_annotation,2026-06-24T05:54:43.50776+00:00
da163e75c72c6b53152c74f9,金茶壺八寶冬粉（基隆廟口美食70年老字號）,張慶文,,5,"真的很好吃！
現主時還送飲料一瓶👍",https://www.google.com/maps/reviews/data=!4m8!14m7!1m6!2m5!1sChdDSUhNMG9nS0VJQ0FnSUNUcXJPUXZ3RRAB!2m1!1s0x0:0x7bb3b2e1d9ffc2b2!3m1!1s2@1:CIHM0ogKEICAgICTqrOQvwE%7C%7C?hl=zh-Hant,sponsored,latest_annotation,2026-06-24T05:51:38.512351+00:00
faa2018bb70cc967fa2d0451,金蠔呷小吃店/基隆美食/ 傳統小吃 / 蚵仔煎/ 蚵仔蓋飯,peter2.pao包迺璜,,4,"義二路179巷
蝦仁/蚵仔蓋飯120、蝦仁炒飯90、蚵仔煎70、餛飩湯40

信三6阿萬  餛飩湯50、醡醬麵50",https://www.google.com/maps/reviews/data=!4m8!14m7!1m6!2m5!1sCi9DQUlRQUNvZENodHljRjlvT2twRU1ERldibmRFVEhOV1YydHdPVVJMZUhCUVpuYxAB!2m1!1s0x0:0x38d00de384f47b8c!3m1!1s2@1:CAIQACodChtycF9oOkpEMDFWbndETHNWV2twOURLeHBQZnc%7C%7C?hl=zh-TW,sponsored,resolution,2026-05-06T18:34:36.376747+00:00
17010db203ee56b871cf9c92,金衛亭浮誇壽司樂群町二代目,周湯包,,5,超好吃打卡送壽司,https://www.google.com/maps/reviews/data=!4m8!14m7!1m6!2m5!1sChdDSUhNMG9nS0VJQ0FnSUNSZ1BhV3pBRRAB!2m1!1s0x0:0x7471566155dbf28e!3m1!1s2@1:CIHM0ogKEICAgICRgPaWzAE%7C%7C?hl=zh-TW,sponsored,latest_annotation,2026-05-04T05:31:15.414866+00:00
35394356203e919218334be9,金衛亭浮誇壽司樂群町二代目,Luna Fang,,5,整體吃起來新鮮、美觀、吃得飽，綜合壽司的分量算大，茶碗蒸跟味增湯也都不錯，點了太多最後差點吃不完，唯一覺得比較普通是炸壽司（含番茄醬跟像鮪魚罐頭的醬），打卡送一貫鮭魚壽司,https://www.google.com/maps/reviews/data=!4m8!14m7!1m6!2m5!1sChdDSUhNMG9nS0VJQ0FnTURRNzltNXNBRRAB!2m1!1s0x0:0x7471566155dbf28e!3m1!1s2@1:CIHM0ogKEICAgMDQ79m5sAE%7C%7C?hl=zh-TW,sponsored,latest_annotation,2026-05-04T05:32:53.968741+00:00
39ae3e592dd4b7f5a720baae,金衛亭浮誇壽司樂群町二代目,王芷彤,,4,"「豆皮壽司」中規中矩/活動滿千轉盤贈送
「爆量甜蝦握握」蝦有甜還行
「海鮮壽司捲」搭配月見蛋醬真的很絕好吃
「蒲燒鰻魚巨握」端上桌很吸睛因為很大片，但吃下去很失望，裡頭一堆大根刺
「玉子燒壽司」一支手機加入好友送一份
套餐A+B的套餐裡頭的湯也很不行，雖然料很多但端上來不熱是溫的，還有茶碗蒸上面的蝦卵有股腥味，沙拉跟櫻桃鴨普普通通，但整體來說以這價格算還行
PS：看大家都有評論會有毛豆小菜，此次過來只有麥茶自取隨意喝，並沒有提供小菜",https://www.google.com/maps/reviews/data=!4m8!14m7!1m6!2m5!1sChZDSUhNMG9nS0VJQ0FnSUR6bXVmZk9BEAE!2m1!1s0x0:0x7471566155dbf28e!3m1!1s2@1:CIHM0ogKEICAgIDzmuffOA%7C%7C?hl=zh-TW,sponsored,latest_annotation,2026-05-04T05:29:51.15061+00:00
44bf5c6b91e0ad51a7739e87,金衛亭浮誇壽司樂群町二代目,Ching,,5,Google評價超高的浮誇壽司🍣今天帶女兒去吃，地點就在五權車站附近，點了醬燒烏龍麵、炸蝦捲壽司、魚骨味增湯、炸雞壽司兩個吃的超級飽的、魚骨味增湯居然有好多魚肉，打卡還贈送焦糖鮭魚壽司，鮭魚還是厚片的真的是太佛心了，推薦大家下次約更多人一起品嚐才能吃更多道料理,https://www.google.com/maps/reviews/data=!4m8!14m7!1m6!2m5!1sCi9DQUlRQUNvZENodHljRjlvT2xkcVlWaHFWMEZaTFY5dmJIVlhlR04zWjNsVGRWRRAB!2m1!1s0x0:0x7471566155dbf28e!3m1!1s2@1:CAIQACodChtycF9oOldqYVhqV0FZLV9vbHVXeGN3Z3lTdVE%7C%7C?hl=zh-TW,sponsored,latest_annotation,2026-05-04T05:33:37.788602+00:00
598e46fd545dfb30be1e5030,金衛亭浮誇壽司樂群町二代目,sammi hsu,,5,壽星還有打折，一點到現場人不多，環境有氛圍感，都是高腳椅！晚點澎湃，小孩吃得很開心！食物好看好吃，打卡送的也帕瑪森蟹肉握握和炙焦糖鮭魚都不錯吃！,https://www.google.com/maps/reviews/data=!4m8!14m7!1m6!2m5!1sChZDSUhNMG9nS0VJQ0FnSURubnZHNFBREAE!2m1!1s0x0:0x7471566155dbf28e!3m1!1s2@1:CIHM0ogKEICAgIDnnvG4PQ%7C%7C?hl=zh-TW,sponsored,latest_annotation,2026-05-04T05:31:42.176553+00:00
599cd659914c340a69cb1fb0,金衛亭浮誇壽司樂群町二代目,水原望み,,4,"東西很好吃
料也很足
建議可以加點b套餐
很划算

打卡送焦糖玉子燒壽司
非常特別

不用服務費，但倒茶、打包什麼的都自己來（完全沒關係，畢竟單價已經有點高了，再加上服務費會吃不消）

星期五晚上去人滿為患
但店員努力喬出位置給我

少一顆星是因為位置實在很擠
然後沒有放包包的籃子",https://www.google.com/maps/reviews/data=!4m8!14m7!1m6!2m5!1sChZDSUhNMG9nS0VJQ0FnSURScWRqX1VnEAE!2m1!1s0x0:0x7471566155dbf28e!3m1!1s2@1:CIHM0ogKEICAgIDRqdj_Ug%7C%7C?hl=zh-TW,sponsored,latest_annotation,2026-05-04T05:30:10.211177+00:00
5e8b4119b86f6450ee401f82,金衛亭浮誇壽司樂群町二代目,蔡餅乾,,5,"偶然經過被外面的巨大壽司🍣吸引過來，熱愛生魚片的我當然就進來看看了～
店裡面比外面還要華麗還以為來日本了🤣
第一次來店員介紹很貼心❤️還會提醒我們小菜是辣的(可惜本人不吃辣就先跳過了(T ^ T)倒是男友一直狂夾😂
剛好現在有很多優惠活動🎡(直接讓我們飽到不行🤣)
❶只要追蹤Ig就送焦糖鮭魚握握
炙燒鮭魚上面有一層脆脆的焦糖，真的超好吃🥰後面又去單點了一份
❷加Line官方帳號馬上送牛肉握握2顆
炙燒過後的牛肉蠻香的，上面還有起司粉
❸店員大力推薦的鮭捲爆蝦塔壽司【第二件半價🌟】一份有4隻紅蝦耶哦買嘎我這麼愛蝦的人當然要點！！
點餐的店員還有考慮到我們有其他餐點會主動詢問我們是否其中一份要做外帶，有夠貼心，到後面真的太飽了吃不下

今日餐點：
🍤奶油干貝烏龍麵麵$200
是炒的烏龍麵，奶油味很足好愛❤️
上面的干貝是用炸的，外面酥裡面嫩嫩的

🍤加$128升級B套餐
裡面有胡麻沙拉、茶碗蒸、蛤蠣味噌湯
沙拉很清爽開胃！可惜好小一份一下就吃光光了
茶碗蒸好吃到爆！上面有蝦卵、蟹味棒、蔥花跟蒸蛋很搭❤️
蛤蠣味噌湯裡面除了蛤蠣還有很多魚肉
個人覺得Cp值比起單點的高很多，推推

🍤鮭捲爆蝦塔壽司$428
裡面有4 隻紅蝦❤️❤️除了蝦子以外有爆炸多鮭魚卵、鮭魚丁，底下還有鮭魚的捲壽司，直接鮭魚吃到飽！不過我還是第一次吃到捲壽司裡面有包起司的，還蠻好吃的😋😋

🍤金磚炸豆腐$100
外酥內嫩，搭配沾醬更好吃😋

2人總消費$1070，其實還有很多好想點的，但真的吃不下了
這家店有深得我心喔，希望下次來一樣還有很多活動(老闆不要打我🤣🤣",https://www.google.com/maps/reviews/data=!4m8!14m7!1m6!2m5!1sChZDSUhNMG9nS0VJQ0FnSUNoZ05TOEJREAE!2m1!1s0x0:0x7471566155dbf28e!3m1!1s2@1:CIHM0ogKEICAgIChgNS8BQ%7C%7C?hl=zh-TW,sponsored,latest_annotation,2026-05-04T05:29:22.75665+00:00
787d7d6d178661712176c12e,金衛亭浮誇壽司樂群町二代目,林小雨,,5,店面不大、服務員服務親切、餐點擺置新鮮、好吃，3個人吃得好飽，有免費毛豆、麥茶供應，以及IG&line打卡，送餐點，棒棒棒。,https://www.google.com/maps/reviews/data=!4m8!14m7!1m6!2m5!1sChZDSUhNMG9nS0VJQ0FnSUNkM3QzZlB3EAE!2m1!1s0x0:0x7471566155dbf28e!3m1!1s2@1:CIHM0ogKEICAgICd3t3fPw%7C%7C?hl=zh-TW,sponsored,latest_annotation,2026-05-04T05:30:17.99968+00:00
90215bdb5f9887215a701e01,金衛亭浮誇壽司樂群町二代目,韋寶,,5,"食材新鮮 辣毛豆跟麥茶無限量供應
店裡裝潢有濃厚的視覺衝擊 味覺也滿足
生魚片握壽司很大塊 烏龍麵 麵條Q彈 就算外帶放很久依舊美味 茶碗蒸鮮甜
評論還送炙燒煎蛋握壽司
我覺得這種評論5星送東西的根本就失去公信力 新鮮好吃 有實力不怕別人不評論 但我自己也貪小便宜當時評論了5星吃了妳們送的炙燒煎蛋握壽司 原本要來修改成四星 原因就是餐點出餐有點慢 我吃完全部壽司 最後最後 我點的黑豆跟味噌魚湯都還沒出 等待時間較久
後來還是給5星 店裏氛圍跟員工服務好
講了那麼多 重點是
這是一家會一直一直回光顧的餐廳 👍",https://www.google.com/maps/reviews/data=!4m8!14m7!1m6!2m5!1sChZDSUhNMG9nS0VJQ0FnSUNoMW95Z0R3EAE!2m1!1s0x0:0x7471566155dbf28e!3m1!1s2@1:CIHM0ogKEICAgICh1oygDw%7C%7C?hl=zh-TW,sponsored,resolution,2026-05-06T18:36:19.467740+00:00
98b258120120c74053891ec8,金衛亭浮誇壽司樂群町二代目,jeffrey feng,,5,"平日晚上2大2小.家庭聚餐
店內風格氣氛很足！
服務人員（3號）很親切.很專業.👍
看她外場一個人要忙接待.點單.接電話.送餐
還要應付我們隔壁桌426大媽（奧客）🙄
一下嫌手捲沙拉醬不夠..
一下跑去催廚房出菜慢…
還是很有禮貌的服務態度😊
真的感到辛苦了👍

菜色很豐富.口味都很有層次.
打卡加line送的也很好吃😋

當月壽星有95折
店內麥茶.毛豆 自取
周邊停車較不便～需往五權車站方向找🅿️

會再回訪的店家👍",https://www.google.com/maps/reviews/data=!4m8!14m7!1m6!2m5!1sChZDSUhNMG9nS0VJQ0FnSURObUlhU1BBEAE!2m1!1s0x0:0x7471566155dbf28e!3m1!1s2@1:CIHM0ogKEICAgIDNmIaSPA%7C%7C?hl=zh-TW,sponsored,latest_annotation,2026-05-04T05:31:57.859757+00:00
9962f3c441ea879bbd5ab2d6,金衛亭浮誇壽司樂群町二代目,張文賢,,5,"三訪，好吃😋
打卡送壽司",https://www.google.com/maps/reviews/data=!4m8!14m7!1m6!2m5!1sChdDSUhNMG9nS0VJQ0FnTUN3LXNMazZnRRAB!2m1!1s0x0:0x7471566155dbf28e!3m1!1s2@1:CIHM0ogKEICAgMCw-sLk6gE%7C%7C?hl=zh-TW,sponsored,latest_annotation,2026-05-04T05:30:50.295575+00:00
a608160d447ed0d6aed21387,金衛亭浮誇壽司樂群町二代目,馬哥羅,,5,除了醋飯有點乾硬，其他都很好吃，打卡加line送的東西也很讚，的確很浮誇，醋飯可以再加油。,https://www.google.com/maps/reviews/data=!4m8!14m7!1m6!2m5!1sChdDSUhNMG9nS0VJQ0FnSUQ5dkp2M3RRRRAB!2m1!1s0x0:0x7471566155dbf28e!3m1!1s2@1:CIHM0ogKEICAgID9vJv3tQE%7C%7C?hl=zh-TW,sponsored,latest_annotation,2026-05-04T05:28:08.315093+00:00
baa49ae73b1858fa42d4c804,金衛亭浮誇壽司樂群町二代目,Bonnie_,,5,"服務人員親切介紹餐點與活動❤️

餐點用料實在、份量偏大😋

🌀活動
加入line可享九折優惠券與帕瑪森蟹肉握握
社交平台打卡則有焦糖鮭魚握握",https://www.google.com/maps/reviews/data=!4m8!14m7!1m6!2m5!1sChZDSUhNMG9nS0VJQ0FnSURQd3VqUk9nEAE!2m1!1s0x0:0x7471566155dbf28e!3m1!1s2@1:CIHM0ogKEICAgIDPwujROg%7C%7C?hl=zh-TW,sponsored,latest_annotation,2026-05-04T05:33:53.92183+00:00
db7d4f76f054af268768bf02,金衛亭浮誇壽司樂群町二代目,jjjii,,5,"真不愧是浮誇壽司,生魚片厚到吃的很爽~ 點的大盛鮭魚乳酪壽司一吃深得我心。 沒想到鮭魚跟乳酪這麼合拍!! 有二種沾醬可以選,吃了二次都選月見蛋醬(另一個醬汁應該是正常版的),覺得沾濃郁的蛋黃醬油比較好吃~ 而且還不貴~
金磚炸豆腐是用雞蛋豆腐,外酥內嫩,喜歡吃雞蛋豆腐的人可以點… 加+99元的套餐也蠻豐富的,可以選手捲跟熱熱的味增湯,連湯裡的魚肉也好浮誇~
來用餐還可以加店家的line會員,會送一貫炙燒焦糖鮭魚握壽司,也是半個拳頭那麼大的份量~ 打卡按讚評論還會再送牛肉握壽司(沒拍到),來『金衛亭浮誇壽司』不只浮誇還吃超飽的~~
IG：wgfanthdn",https://www.google.com/maps/reviews/data=!4m8!14m7!1m6!2m5!1sChdDSUhNMG9nS0VJQ0FnSUM5cllDYl93RRAB!2m1!1s0x0:0x7471566155dbf28e!3m1!1s2@1:CIHM0ogKEICAgIC9rYCb_wE%7C%7C?hl=zh-TW,sponsored,latest_annotation,2026-05-04T05:31:55.108616+00:00
e681fd6eee242a71e7d5aeac,金衛亭浮誇壽司樂群町二代目,新屋公托-丁云姿,,5,"餐點的味道很好，食材感覺也很新鮮，不太會有腥臭的味道
不喜歡生食的人可以參考炙燒系列，大推非常的好吃^^
和一般的壽司店不同的是有不同口味的味增湯和茶碗蒸可以選擇
而且用料都很豐富，浮誇系列的真的大的很浮誇
價格中間偏高，建議可以和多一些的朋友一起來吃
可以吃到更多的口味喔!
店裡面座位不多，建議可以先訂位
另外座位比較小，椅子比較高
如果不喜高椅子也可以考慮吧台的位置
吃不完的餐點式自助打包的，在放碗筷的自助區可以找到便當盒
餐廳裡面有廁所很方便
但是停車會有一點不方便，可以停在車站前馬路的停車格
店前面的停車場沒有開放外車停車喔!
服務人員都非常的親切，打卡活動也給得很大方
是值得大推的店家
目前只能現金交易，店家說還在努力洽談電子支付中
期待未來有更多元的付款方式",https://www.google.com/maps/reviews/data=!4m8!14m7!1m6!2m5!1sChdDSUhNMG9nS0VJQ0FnSUQ1aHJYUTNnRRAB!2m1!1s0x0:0x7471566155dbf28e!3m1!1s2@1:CIHM0ogKEICAgID5hrXQ3gE%7C%7C?hl=zh-TW,sponsored,latest_annotation,2026-05-04T05:30:35.725058+00:00
2985516cc707a92047a855b2,金龍肉焿,peter2.pao包迺璜,,4,"中船路 金龍肉羹65/85、滷肉飯25/35、豬腳70/110
，基隆中船路94",https://www.google.com/maps/reviews/data=!4m8!14m7!1m6!2m5!1sCi9DQUlRQUNvZENodHljRjlvT214eFgxSm9ZM2h2U0VZeFZERmhabmhYZVdGS1RHYxAB!2m1!1s0x0:0xc7f8b27e7ae2d9e6!3m1!1s2@1:CAIQACodChtycF9oOmxxX1JoY3hvSEYxVDFhZnhXeWFKTGc%7C%7C?hl=zh-TW,sponsored,resolution,2026-05-06T18:38:36.284627+00:00
8ee8107a3a1d46d7b553319b,金龍肉焿,黃英傑,,5,"相當好吃，鮮甜肉羹、口感十足的吉古拉、香辣十足的生辣椒。除此之外，廁所非常乾淨、倉庫也沒有任何蒼蠅蚊蟲老鼠，這在在都顯示了店家不只滿足於餐點本身的美味，而是將整個用餐過程都掌握地非常完善。

鮮甜的肉羹讓食材的新鮮被完整地呈現，清甜的湯頭沒有過多的調味，搭配香辣十足的生辣椒，真的是非常好吃、相當美味。",https://www.google.com/maps/reviews/data=!4m8!14m7!1m6!2m5!1sChZDSUhNMG9nS0VJQ0FnSURObUlXaWJREAE!2m1!1s0x0:0xc7f8b27e7ae2d9e6!3m1!1s2@1:CIHM0ogKEICAgIDNmIWibQ%7C%7C?hl=zh-TW,sponsored,resolution,2026-05-06T18:37:23.585090+00:00
d0c169138b89d605198f0129,金龍肉焿,東蛙池塘,,5,這間位於基隆市中船路三沙灣的「金龍肉羹」，是一間相當推薦的基隆小吃以及基隆在地老店好選擇，金龍肉羹創立於1976年，是一間基隆三沙灣50年老店，曾榮獲基隆100碗最高「3碗」殊榮，金龍肉羹裡有各種湯麵類、乾麵類、飯類、豬腳類以及各式小菜，招牌當然就是肉羹湯，每一碗湯都以精選豬肉搭配特調湯底慢火熬製而成，肉羹吃起來Q彈有嚼勁，湯頭鮮甜好喝，豬腳類更是晚來吃不到，喜歡吃肉羹的朋友，來到基隆別錯過這間金龍肉羹唷！！,https://www.google.com/maps/reviews/data=!4m8!14m7!1m6!2m5!1sChZDSUhNMG9nS0VJQ0FnTUNRc04yVENREAE!2m1!1s0x0:0xc7f8b27e7ae2d9e6!3m1!1s2@1:CIHM0ogKEICAgMCQsN2TCQ%7C%7C?hl=zh-TW,sponsored,resolution,2026-05-06T18:38:13.189245+00:00
c3e23b18d7550f80cb09f506,阿信豆漿,顏清池,,5,餵野孝二路 各式豆漿 都有 燒餅油條 小籠包,https://www.google.com/maps/reviews/data=!4m8!14m7!1m6!2m5!1sChZDSUhNMG9nS0VJQ0FnSUNvcnFqZVdnEAE!2m1!1s0x0:0x83631fc6e6117cd7!3m1!1s2@1:CIHM0ogKEICAgICorqjeWg%7C%7C?hl=zh-TW,sponsored,resolution,2026-05-06T18:41:38.816161+00:00
1693f5cb7755d731e1c21df4,阿石兄生魚片專賣店（永和總店）,S,,5,"可以不要再用破紙碗裝湯嗎？
機車族外帶不想順便洗車",https://www.google.com/maps/reviews/data=!4m8!14m7!1m6!2m5!1sCi9DQUlRQUNvZENodHljRjlvT2paWWVIWkNVbGhQUzI1cmNYVjJTbFJGVmxSR1MzYxAB!2m1!1s0x0:0x863dd1d50422448c!3m1!1s2@1:CAIQACodChtycF9oOjZYeHZCUlhPS25rcXV2SlRFVlRGS3c%7C%7C?hl=zh-TW,sponsored,resolution,2026-05-06T18:44:08.471092+00:00
4b5639ff1667061b5d6399ad,阿石兄生魚片專賣店（永和總店）,灰黃猴,,5,"說到永和這間「阿石兄生魚片專賣店」，我真的沒在跟你五四三，這家真的「頂港有名聲、下港有出名」。如果你跟我一樣，一週不來報到一次就會全身不對勁、心癢難耐，那恭喜你，你已經中毒了。
每次踏進店裡，我的選擇障礙就會集體發作，這簡直是每週一次的心理大考驗。如果是想對自己好一點，生魚片蓋飯絕對是首選。那魚肉鮮到我以為它剛剛還在水裡跳，厚度切得完全沒在客氣，每一口咬下去那種甘甜味，真的會讓人差點咬到舌頭。那種鮮美程度，「這種神仙般的滋味，凡人是不會懂的」。重點是那個醋飯跟魚肉的比例拿捏得剛剛好，吃完之後心裡的滿足感，比去那種幾千塊的吃到飽飯店還要更爽、更紮實。
但如果今天預算有限，又想吃點重口味的，他的咖哩豬肉片飯也是一絕。那個乳酪咖哩濃郁到不像話，肉片給得超大方，醬汁多到我覺得「老闆你是怕我渴死在店裡喔？」，每一口飯都被厚厚的咖哩包裹著，真的會讓人想淹死在咖哩的世界裡。
說實話，「這種店真的很機車，好吃到讓我以後怎麼吃別家？」每次吃完，我都覺得這碗飯簡直「充滿了靈魂」。雖然有時候人多到要排隊排到想叫林老師，但只要第一口生魚片滑進嘴裡，那種冰涼鮮甜的口感，真的會讓人瞬間原諒全世界。
吃飽喝足後，最標配的行程就是去旁邊的全聯晃晃，買罐啤酒或是冰淇淋，平撫一下剛剛味蕾受到的強烈震撼。這家店「CP值高到我想哭，老闆你是觀世音轉世嗎？」這種店如果不給五星真的對不起我的良心，靠！如果你還沒吃過，真的不要跟我說你是永和人，但講完我又怕以後排隊要排更久，真的好矛盾啊！",https://www.google.com/maps/reviews/data=!4m8!14m7!1m6!2m5!1sChZDSUhNMG9nS0VJQ0FnSUNYcExDV1ZnEAE!2m1!1s0x0:0x863dd1d50422448c!3m1!1s2@1:CIHM0ogKEICAgICXpLCWVg%7C%7C?hl=zh-TW,sponsored,resolution,2026-05-06T18:46:20.973761+00:00
f38a96378dafd053e0535dd9,阿華炒麵,高明發,,5,2025/12/24：休息中，撲空。,https://www.google.com/maps/reviews/data=!4m8!14m7!1m6!2m5!1sCi9DQUlRQUNvZENodHljRjlvT25veFIwVjNSMnB1YzNKdFFuQnhSMUUwZFhSbVRXYxAB!2m1!1s0x0:0xcc39683c9dc7cd21!3m1!1s2@1:CAIQACodChtycF9oOnoxR0V3R2puc3JtQnBxR1E0dXRmTWc%7C%7C?hl=zh-TW,sponsored,resolution,2026-05-06T18:47:01.223718+00:00
2260862e3e0e9f431cb7b4d1,隆昌28串串火鍋,Vivian Lai,,5,這家串串真的很好吃！<br>鴛鴦鍋的麻辣湯跟白湯都好讚～<br>湯底的費用是 $280，<br>小辣是外面其他店的三倍辣，慎選 ❗️<br>（沾串串的乾碟$20必點！）<br>月初剛來吃過，很快就又來二訪 👍<br>用餐時間人蠻多的，記得要先訂位～<br>（第一次週五晚上來，在外面等了一小時）<br><br>串串的計價：<br>竹籤 $10，紅串跟鐵串 $20<br>（推薦：雞翅、醉雞、排骨、土豆、豆包）<br>（$50碗裝的鴨血跟凍豆腐煮麻辣的超好吃）<br><br>點鍋加點飲料是$100<br>（Google 5 星評論則買一送一）<br><br>P.s.店內香水味有點重，<br>老闆播的粵語歌都蠻好聽的！<br><br>P.s.2 食量大又想吃到飽的比較不推，<br>這邊適合跟家人朋友來聊天、小酌～<br><br>⏰ 用餐時間2hr，10%服務費,https://www.google.com/maps/reviews/data=!4m8!14m7!1m6!2m5!1sChdDSUhNMG9nS0VJQ0FnSUNsMDlDcWpnRRAB!2m1!1s0x0:0x4027333810cb215d!3m1!1s2@1:CIHM0ogKEICAgICl09CqjgE%7C%7C?hl=zh-TW,sponsored,latest_annotation,2026-06-23T09:06:36.846973+00:00
271371aa4f95a7d86ec69e17,隆昌28串串火鍋,G WJ,,5,第一次嘗試這個，湯頭麻辣好吃，喜歡吃辣的朋友一定要來試試，老闆服務很好跟介紹的很清楚，讚<br><br>補一個評論，<br>五星好評可以享有凍檸茶買一送一。<br>推薦品項：香菜牛肉、米血、毛肚、牛肚<br><br>老闆有介紹他們家的微辣會比外面在辣一點<br>所以平常沒有吃這麼辣的，可以請老闆做微微辣<br>每桌都會有湯底費$480,https://www.google.com/maps/reviews/data=!4m8!14m7!1m6!2m5!1sCi9DQUlRQUNvZENodHljRjlvT2xWT2JXbHBZbDg1VWpoTmNYSklTRGQxZEhORldrRRAB!2m1!1s0x0:0x4027333810cb215d!3m1!1s2@1:CAIQACodChtycF9oOlVObWlpYl85UjhNcXJISDd1dHNFWkE%7C%7C?hl=zh-TW,sponsored,latest_annotation,2026-06-23T09:08:05.159085+00:00
c20e16e6b7d65b7e4d83a41c,隆昌28串串火鍋,皮皮耶鹿,,5,服務人員非常親切，串串都是自己去冰櫃拿，建議4-5人一起來吃。微辣是平常外面那種辣的3倍！！敢吃辣的可以先從微辣開始，然後不夠辣再慢慢加。是鴛鴦鍋～不敢吃辣的可以放心吃～打卡的話100元2杯凍檸茶歐～就是檸蒙紅茶。,https://www.google.com/maps/reviews/data=!4m8!14m7!1m6!2m5!1sCi9DQUlRQUNvZENodHljRjlvT2pGb1MxaGZSREoxWm1oMGJuVmtObXN4VkVWeGJrRRAB!2m1!1s0x0:0x4027333810cb215d!3m1!1s2@1:CAIQACodChtycF9oOjFoS1hfRDJ1Zmh0bnVkNmsxVEVxbkE%7C%7C?hl=zh-TW,sponsored,latest_annotation,2026-06-23T09:02:27.939639+00:00
2d8094f796ab0047aa333b66,隱家茶寮 基隆雨都篇,黃蓁蓁,,5,"先讓手機吃🤭🤭🤭
評論還送了雞柳條～
/
其實開幕時就想來了
礙於怕小孩太吵及她還太小對食物興致缺缺
所以等到現在才來🥹

今天吃了馬鈴薯燉肉跟咖哩豬排
還點了一份兒童餐看女兒吃的很開心😌
會在回訪想再試試其他的餐點 嘿嘿(๑›‿‹๑)",https://www.google.com/maps/reviews/data=!4m8!14m7!1m6!2m5!1sChZDSUhNMG9nS0VJQ0FnSURqemFiZEFnEAE!2m1!1s0x0:0xf1d68b00273f21b2!3m1!1s2@1:CIHM0ogKEICAgIDjzabdAg%7C%7C?hl=zh-TW,sponsored,latest_annotation,2026-06-24T02:29:14.464326+00:00
3763392bb081bcd8dd458836,隱家茶寮 基隆雨都篇,沈鳳鳴,,5,"來好幾次，不管是自己還是帶朋友，吃過日式定食、茶泡飯、咖哩飯等，最推茶泡飯！

用餐環境舒適，桌距不會過近，有提供置物籃，廁所有香氛，價格合理，約300左右。

唯一比較可惜的是，以前配菜比較是蔬菜類型，現在是冰烤地瓜、烘蛋、豆皮蘿蔔，總覺得有罪惡感XD

現在評論5星有送雞柳條，但真心推薦喔！",https://www.google.com/maps/reviews/data=!4m8!14m7!1m6!2m5!1sChdDSUhNMG9nS0VJQ0FnSUNWdi1qSW9BRRAB!2m1!1s0x0:0xf1d68b00273f21b2!3m1!1s2@1:CIHM0ogKEICAgICVv-jIoAE%7C%7C?hl=zh-TW,sponsored,latest_annotation,2026-06-24T02:33:29.965548+00:00
c5de7f6b745f405ccfeb2b6e,雲水食堂 yunshuikitchen|2025台北國際牛肉麵金牌獎|臺北牛肉麵推薦|萬華牛肉麵推薦|臺北美食推薦|萬華美食推薦|艋舺美食推薦beefnoodlesoup,陳小五,,5,"使用Gomaji餐券
合計點了豬排定食200元
胡麻花椰菜40元
剝皮辣椒皮蛋60元
免費贈送雞湯一碗
打卡送蔬菜可樂餅

小菜和主食的分量適中
調味也能凸顯出食材的本味卻不會搶過風頭
定食的雞油飯有台式古早味的感覺
很特別

老闆夫婦服務親切

下次可以再試試改吃拉麵🥰",https://www.google.com/maps/reviews/data=!4m8!14m7!1m6!2m5!1sChdDSUhNMG9nS0VJQ0FnTUNRNE91WnV3RRAB!2m1!1s0x0:0xa012276bd87d0546!3m1!1s2@1:CIHM0ogKEICAgMCQ4OuZuwE%7C%7C?hl=zh-TW,sponsored,latest_annotation,2026-05-10T14:47:09.365682+00:00
aa3d4f7f1b05a5a75e1e0ae0,頡點饞｜板橋甜點、塔類、可麗露專賣（線上訂購）,邱意涵,,5,"25.07.04 二訪
初次造訪就對店裡的氛圍和整齊留下印象
昨天在 thread 上看到抹茶塔有優惠價
老闆特地幫我留了，真的很感謝🙏
抹茶塔上面的蘇利畫龍點睛，塔餡還有一些堅果
整體很有層次不單調～

這次又點了泡芙！超喜歡這種酥脆的殼
不知道怎麼做的很厲害🤣

今日造訪老闆還招待了可麗露和紅茶☕️
很年輕的帥老闆，畢業自己出來創業
很有挑戰也很有意義～
有空會再回訪，許願奶油烤年糕😆

-

檸檬雲朵塔很可愛，心情很好💗
塔皮酥脆不會軟趴趴的！
許願檸檬可以再酸一點><

店面很乾淨整齊，還有設置專門打卡拍照的地方，很用心👏
下次想吃吃抹茶山丘塔～",https://www.google.com/maps/reviews/data=!4m8!14m7!1m6!2m5!1sCi9DQUlRQUNvZENodHljRjlvT25KcWQwdFdVVGcwYlVKVGJrdG1NblZUYTJaS1JrRRAB!2m1!1s0x0:0x6528d9a3a534c23a!3m1!1s2@1:CAIQACodChtycF9oOnJqd0tWUTg0bUJTbktmMnVTa2ZKRkE%7C%7C?hl=zh-TW,sponsored,latest_annotation,2026-05-31T10:59:27.425983+00:00
efb8553d9e11010ffc405246,頡點饞｜板橋甜點、塔類、可麗露專賣（線上訂購）,粘育芹,,5,"新開可愛的小店
開幕有送甜點泡芙
打卡送瑪德蓮
今天買的是芝麻花生塔
味道很濃郁香醇好吃😋
塔皮脆不膩",https://www.google.com/maps/reviews/data=!4m8!14m7!1m6!2m5!1sCi9DQUlRQUNvZENodHljRjlvT25Wd1dHOW5PVGxvYUVaaFJIbG1abVJrU1VKeGVVRRAB!2m1!1s0x0:0x6528d9a3a534c23a!3m1!1s2@1:CAIQACodChtycF9oOnVwWG9nOTloaEZhRHlmZmRkSUJxeUE%7C%7C?hl=zh-TW,sponsored,latest_annotation,2026-05-31T10:59:33.872545+00:00
89f6565e49769215cb692e20,飛月小館,黃繼德,,5,"隱身在永和巷弄中的一間寶藏小店，外觀看似低調，卻讓人一試成主顧。老宅風格的空間裡僅有三張圓桌與一張小方桌，老闆一晚只接四、五桌客人，不趕、不翻桌。
這裡採無菜單料理，用餐只需報上預算，其他交給老闆配菜。所用食材皆為精挑細選，老闆能對每一樣食材的來源如數家珍，展現對食材的堅持與講究。他自謙不會做菜，但其實料理手法恰恰展現了「少即是多」的哲學，以好食材為主角，不做過度干預。
例如一道燒烤黑鮪魚琵琶骨，本來我對黑鮪魚血合肉的腥味敬而遠之，卻被處理得如同油脂豐厚的牛肉，香氣與口感令人驚喜。清蒸野生七星斑則僅以鹽、雞油與藤椒蒸熟，最後撒青蔥，竟讓清蒸魚透出川味的層次感。炒竹筍以雞油快炒，沒有多餘調味，筍汁鮮甜，帶著微微甘苦與清香在口中綻放。
老闆的炸功更是令人讚嘆。掌握精準油溫，以二段回炸讓炸物外酥不油，裹粉薄而恰到好處。像是炸土魠魚頭切塊，處理得毫無腥味，肉質緊實又鮮美。
這家店在永和並不算有名，網路上也保持低調，僅靠著熟客間口耳相傳，如果不是因緣際會下跟著家中長輩來品嘗，我也不會知道巷口邊小店的老闆其實身懷絕技。",https://www.google.com/maps/reviews/data=!4m8!14m7!1m6!2m5!1sCi9DQUlRQUNvZENodHljRjlvT213M2EwcFBPRzlwV2pJM05rVkdPSEZwTVcxWVZYYxAB!2m1!1s0x0:0x1291ab0f19727189!3m1!1s2@1:CAIQACodChtycF9oOmw3a0pPOG9pWjI3NkVGOHFpMW1YVXc%7C%7C?hl=zh-TW,sponsored,resolution,2026-05-06T18:52:52.104048+00:00
9b2bdf0d1a8b89f6cc251137,飛月小館,Arthur YIN,,5,桌數2桌，需預約、無菜單料理。,https://www.google.com/maps/reviews/data=!4m8!14m7!1m6!2m5!1sCi9DQUlRQUNvZENodHljRjlvT21aVk5sWmxaR1IyUmxkaWRXRktkREkxUzFWaE1sRRAB!2m1!1s0x0:0x1291ab0f19727189!3m1!1s2@1:CAIQACodChtycF9oOmZVNlZlZGR2RldidWFKdDI1S1VhMlE%7C%7C?hl=zh-TW,sponsored,resolution,2026-05-06T18:58:13.174591+00:00
b28007dbea93148a87fa91db,飛月小館,zachary liu,,5,菜色都好吃，食材新鮮，品質特選優質的。特別是薑絲大腸，有別於客家地區的料理方法，嫩薑絲加酸菜去料理，口味酸爽適宜，大腸也處理的很乾淨。蒜味蝦，無毒蝦新鮮脆甜，蒜粒脆口不嗆辣，吃了會想配飯吃。蔥烤小排意料之外是用洋蔥，不是青蔥，焦糖化的處理，有濃油赤醬的fu。小菜煙熏豆皮，豆皮軟，調味佳。醃嫩薑清脆微甜，很客家味。蚵仔蛋，蚵大新鮮，蛋是使用烏骨雞蛋，與蚵仔相得益彰的美味。客家小炒味道也不錯。冰梅蕃茄，完全是小時候的回憶，酸甜可口。,https://www.google.com/maps/reviews/data=!4m8!14m7!1m6!2m5!1sChdDSUhNMG9nS0VJQ0FnSUNsX1lxMHp3RRAB!2m1!1s0x0:0x1291ab0f19727189!3m1!1s2@1:CIHM0ogKEICAgICl_Yq0zwE%7C%7C?hl=zh-TW,sponsored,resolution,2026-05-06T19:03:10.794609+00:00
