評論ID,店家名稱,評論者,發表時間,星等,評論內容,評論網址,最終標籤,標籤來源,標記時間
4a5ef44a8c83e64308a1544f,嗑滿 call man | cafe & restaurant-中和義式餐廳|永和義式披薩|義大利麵首選|外帶義大利麵|寵物友善餐廳|早午餐|必吃義大利麵|親子友善餐廳|平價義大利麵,Jane Li,,5,消費外帶2次了，每次服務真的很好又親切！披薩義大利麵炸物好吃又評價！大推👍🏻👍🏻,https://www.google.com/maps/reviews/data=!4m8!14m7!1m6!2m5!1sCi9DQUlRQUNvZENodHljRjlvT2tSeVlWOTRiR2R0VUc5YWJTMTBSblJKYldZMllWRRAB!2m1!1s0x0:0x1b4959be6ef3b34d!3m1!1s2@1:CAIQACodChtycF9oOkRyYV94bGdtUG9abS10RnRJbWY2YVE%7C%7C?hl=zh-TW,primary,latest_annotation,2026-06-23T13:45:44.558763+00:00
ef439a2fab867582a3838cd7,Mr.steak史堤克牛排新竹店,邱甄鈺,,5,"餐點非常好吃！
店員服務態度非常的好😆
推推",https://www.google.com/maps/reviews/data=!4m8!14m7!1m6!2m5!1sCi9DQUlRQUNvZENodHljRjlvT201TVkydEVZbDlJVVRZMmJtTXpWa3h4VkdSeFRtYxAB!2m1!1s0x0:0xe86305def1949893!3m1!1s2@1:CAIQACodChtycF9oOm5MY2tEYl9IUTY2bmMzVkxxVGRxTmc%7C%7C?hl=zh-TW,primary,latest_annotation,2026-05-10T14:48:40.467655+00:00
4b65911c9366e62ecc11b4c1,水樂日式食堂,蕭鈴女,,5,"道地日式料理
老闆拿手菜真是新鮮味美
涼拌魚肚真新鮮Q彈
碳烤小卷我的最愛
烤鮭魚酥脆香嫩",https://www.google.com/maps/reviews/data=!4m8!14m7!1m6!2m5!1sChdDSUhNMG9nS0VJQ0FnSUNfcHNEbmdBRRAB!2m1!1s0x0:0xa2539433ee871591!3m1!1s2@1:CIHM0ogKEICAgIC_psDngAE%7C%7C?hl=zh-TW,primary,latest_annotation,2026-04-26T19:34:43.923629+00:00
41affa72c4f06be05d6c91a8,味萊坊,阮孟靈,,1,"第一次評論：店內很乾淨、老闆人也滿好、食材不錯，不過采圓有時候沒有好好去油。總之，值得推薦～給5顆星！

2022你看8月14日對貴店非常不滿意。第一，上菜的速度變慢，這可能是人力不足而導致，在客人不多及正常情況下，快吃完咖喱飯的時候才上菜圓，到最後才上丸子湯，一共三道菜約30～45分鐘才完畢（我進來店裡僅有服務生）。接著，點菜的時候已經交代很清楚，請阿姨幫我把菜圓的油去乾淨、丸子湯加4顆湯要少點，然放到桌上的時候，菜圓一堆油，丸子加湯還是滿滿，而且我點菜的時候已經說很清楚，並阿姨也答覆“知道了”，請問阿姨的知道如此離譜（註明一下：好幾次未達成本人所需求）？最後，我剛進來“不小心”放在桌上就幫忙店家擦桌子，不可能1號桌（我桌）跟2號桌的桌上滿滿油。請店家留意，並降到一顆星。",https://www.google.com/maps/reviews/data=!4m8!14m7!1m6!2m5!1sChdDSUhNMG9nS0VJQ0FnSUNtMkpEYm5BRRAB!2m1!1s0x0:0x1d40304ee591a7af!3m1!1s2@1:CIHM0ogKEICAgICm2JDbnAE%7C%7C?hl=zh-TW,primary,latest_annotation,2026-05-04T13:12:16.789735+00:00
b129ece455e9a899c9e22f10,Mr.steak史堤克牛排新竹店,林禹鋐,,5,"服務生美麗大方，介紹仔細，服務細節很好
餐點美味牛肉軟嫩厚實汁水飽滿
水果目前是西瓜鳳梨柳橙
西瓜超大片
鳳梨超大塊
柳橙切半幫你把果肉已經挖好放在橙皮上面了
重點是點完餐後的開胃小點，麵包鬆軟不黏牙
很好吃，薯條酥脆熱乎的而且可以無限細",https://www.google.com/maps/reviews/data=!4m8!14m7!1m6!2m5!1sCi9DQUlRQUNvZENodHljRjlvT2xGTFluTXRka0Z0WkUxdFFqSlRSMEpSTVdZeE9FRRAB!2m1!1s0x0:0xe86305def1949893!3m1!1s2@1:CAIQACodChtycF9oOlFLYnMtdkFtZE1tQjJTR0JRMWYxOEE%7C%7C?hl=zh-TW,primary,latest_annotation,2026-05-10T14:48:40.467784+00:00
4f7ffff538c85547b8880a2a,三坑菜頭滷,陳智偉,,5,"沒有店名沒有招牌沒有菜單沒有價目表
走過不仔細看還不知道賣東西的一家店
店裡賣的就是攤頭那鍋大雜燴
看到什麼喜歡吃什麼就點什麼來吃
想喝湯的拿旁邊的小碗拿杓子自己舀
手工碳烤吉古拉是一定必點的
敢吃豬肺的個人推薦來吃也是必點
豬肺煮到外面稍硬裡頭Q彈有嚼勁
跟一般外面煮的軟爛口感完全不同
咬著咬著慢慢會嚼出肉香真的好吃
另外讓我驚艷的是這碗清湯
想說這麼多東西還有豬內臟一起煮
湯頭應該會很複雜很濁才對
沒想到竟然喝起來非常的清甜
喝起來有淡淡蘿蔔甜味
跟吉古拉甜不辣魚漿的鮮味
不自覺得給他多喝了一碗湯
吃米粉湯或大腸圈喜歡切一堆小菜的人
應該會很愛這間店",https://www.google.com/maps/reviews/data=!4m8!14m7!1m6!2m5!1sChZDSUhNMG9nS0VJQ0FnSURBOTRlQWJ3EAE!2m1!1s0x0:0x5e2581429c2d9317!3m1!1s2@1:CIHM0ogKEICAgIDA94eAbw%7C%7C?hl=zh-TW,primary,latest_annotation,2026-04-20T06:57:01.213619+00:00
d6e08c9e3bfdf75a542d5b8a,信奕原汁牛肉麵,Chung-Hui Wang,,5,便宜好吃的牛肉麵,https://www.google.com/maps/reviews/data=!4m8!14m7!1m6!2m5!1sChZDSUhNMG9nS0VJQ0FnSUNNNVp1blRBEAE!2m1!1s0x0:0x7b1285c0784d2e29!3m1!1s2@1:CIHM0ogKEICAgICM5ZunTA%7C%7C?hl=zh-TW,primary,latest_annotation,2026-04-26T18:48:35.670672+00:00
f0556c9a4eabd8388559989b,玩麵pasta 學府店,林湯圓,,4,"📍青醬招牌奶油蒜辣義大利麵
味道很濃！蒜很香！不太會辣！我滿推的 但是可能吃沒幾口就會很膩 他的奶油太多太油了 （可以特製少一點）感覺會比較好
📍焗烤野菇雞肉燉飯
不推 不像燉飯像湯泡飯 雞肉給的量很多 雞肉不是普通的白肉是有煙燻過的橘橘的那種
📍蔬菜濃湯
加套餐可以便宜10塊 還不錯 CP值滿高的",https://www.google.com/maps/reviews/data=!4m8!14m7!1m6!2m5!1sChZDSUhNMG9nS0VJQ0FnTUR3eXFXRFdnEAE!2m1!1s0x0:0xc37be9553083c19f!3m1!1s2@1:CIHM0ogKEICAgMDwyqWDWg%7C%7C?hl=zh-TW,primary,latest_annotation,2026-04-29T17:55:59.58748+00:00
a08d350c457525f34a611322,隆昌28串串火鍋,葉子,,5,一間充滿港式氛圍餐廳<br>推薦 蝦滑 香菜牛肉 鴨血 寬粉也很具特色<br>推薦 愛吃辣 熱愛廣式風格 享受儀式感氛圍的帥哥美女,https://www.google.com/maps/reviews/data=!4m8!14m7!1m6!2m5!1sChZDSUhNMG9nS0VON3R0WjJGcks2alh3EAE!2m1!1s0x0:0x4027333810cb215d!3m1!1s2@1:CIHM0ogKEN7ttZ2FrK6jXw%7C%7C?hl=zh-TW,primary,latest_annotation,2026-06-23T09:02:05.735043+00:00
1d3bd895d3680302e20187e4,阿華炒麵,蔡桑,,1,點餐人員態度超差！還要加點臉裝的很不耐煩,https://www.google.com/maps/reviews/data=!4m8!14m7!1m6!2m5!1sCi9DQUlRQUNvZENodHljRjlvT214MWIydFNORlpaTkZsU1FWTTVWRmxqZDBoeFIzYxAB!2m1!1s0x0:0xcc39683c9dc7cd21!3m1!1s2@1:CAIQACodChtycF9oOmx1b2tSNFZZNFlSQVM5VFljd0hxR3c%7C%7C?hl=zh-TW,primary,latest_annotation,2026-05-02T03:51:59.251444+00:00
0e4f77d9d81d31c966e6b7fe,台灣陳沙茶火鍋,WanLing Ding,,5,老派浪漫的氛圍，火鍋湯頭好吃👍,https://www.google.com/maps/reviews/data=!4m8!14m7!1m6!2m5!1sCi9DQUlRQUNvZENodHljRjlvT2s5M2RrMWlWalJ0WVVoU2FURnZXRGhQWDBGWWJFRRAB!2m1!1s0x0:0x61956b4382088892!3m1!1s2@1:CAIQACodChtycF9oOk93dk1iVjRtYUhSaTFvWDhPX0FYbEE%7C%7C?hl=zh-TW,primary,latest_annotation,2026-05-04T08:01:06.060152+00:00
72bdd1eed1ababc6bef3a9a7,隱家茶寮 基隆雨都篇,YU,,4,"豐富多樣的日式定食🍱🥣🥗🥢附白飯、湯品、沙拉和小菜（飯湯可續），還可加購➕升值套餐！甜點、蛋糕、飲料、鬆餅等搭配🍰🍹🧇✨是聚餐休憩的好去處👍🏻

♦ 低消每人一品項。
♦ 半自助/無服務費。
♦ 客滿時用餐限制2小時。
♦ 寵物友善餐廳🐶🐱🩷",https://www.google.com/maps/reviews/data=!4m8!14m7!1m6!2m5!1sCi9DQUlRQUNvZENodHljRjlvT2xGTFlTMTNZVmhPVm5CcVYyUlVOREJRVVdRelQxRRAB!2m1!1s0x0:0xf1d68b00273f21b2!3m1!1s2@1:CAIQACodChtycF9oOlFLYS13YVhOVnBqV2RUNDBQUWQzT1E%7C%7C?hl=zh-TW,primary,latest_annotation,2026-06-24T02:39:02.063023+00:00
21f646e5af9f74ecd0da78bd,佐原拉麵,30126羅寶云,,5,看評論慕名而來，老闆很可愛，小小暗示我們點蝦濃湯豚骨還請我們吃可樂餅！可樂餅很好吃！炸的金黃，剛剛好～聽老闆的建議點的是蝦濃湯豚骨，超大碗，兩片厚肉片都有拳頭大，一顆切開湯心蛋，還有味道濃郁的蝦濃湯！很好吃！！！,https://www.google.com/maps/reviews/data=!4m8!14m7!1m6!2m5!1sCi9DQUlRQUNvZENodHljRjlvT2tZemIxRjJXRkpMT1ZOSFN6TnpaMDFwTFVOalltYxAB!2m1!1s0x0:0x1c7ae8968f77b1a6!3m1!1s2@1:CAIQACodChtycF9oOkYzb1F2WFJLOVNHSzNzZ01pLUNjYmc%7C%7C?hl=zh-TW,primary,latest_annotation,2026-04-26T18:43:46.370474+00:00
43ce18fbce77e25e33e750ed,小船故事館Ｉ桌遊咖啡廳（桌遊教學、獨立包廂、辦公空間）,Fanshu,,5,"環境超舒適！店員親切友善又會教😍
不管是裝潢還是桌遊都很新～～
整體大推薦！",https://www.google.com/maps/reviews/data=!4m8!14m7!1m6!2m5!1sChdDSUhNMG9nS0VJQ0FnSURKdTUzTmh3RRAB!2m1!1s0x0:0x53c3619d3c95c6b0!3m1!1s2@1:CIHM0ogKEICAgIDJu53NhwE%7C%7C?hl=zh-TW,primary,latest_annotation,2026-05-26T09:52:12.883624+00:00
6d2602c219fe043594deb485,BirDining蔦飼料餐食料理,一座珊（一座珊）,,5,品項多元！主要是日式料理，還有少見的乾鍋，內用飲料喝到飽，非常划算,https://www.google.com/maps/reviews/data=!4m8!14m7!1m6!2m5!1sCi9DQUlRQUNvZENodHljRjlvT205b2JuWnpTRlJTTm1aNU9ISlBVRkJ4UXpGMU9FRRAB!2m1!1s0x0:0xaf68217566fe71ce!3m1!1s2@1:CAIQACodChtycF9oOm9obnZzSFRSNmZ5OHJPUFBxQzF1OEE%7C%7C?hl=zh-TW,primary,latest_annotation,2026-05-11T06:02:50.960454+00:00
54d01aaaebcc5b128da736f8,金茶壺八寶冬粉（基隆廟口美食70年老字號）,May Liao,,5,換成店面後 位置清爽乾淨  不用等冬天也能來碗熱呼呼的八寶冬粉,https://www.google.com/maps/reviews/data=!4m8!14m7!1m6!2m5!1sChZDSUhNMG9nS0VJQ0FnSUNQbXVxaFhREAE!2m1!1s0x0:0x7bb3b2e1d9ffc2b2!3m1!1s2@1:CIHM0ogKEICAgICPmuqhXQ%7C%7C?hl=zh-Hant,primary,latest_annotation,2026-06-24T05:54:39.548463+00:00
cb924e0162e09f4f62402a85,雲水食堂 yunshuikitchen|2025台北國際牛肉麵金牌獎|臺北牛肉麵推薦|萬華牛肉麵推薦|臺北美食推薦|萬華美食推薦|艋舺美食推薦beefnoodlesoup,方聖貽,,5,紅燒牛肉麵好吃  老闆很熱情,https://www.google.com/maps/reviews/data=!4m8!14m7!1m6!2m5!1sCi9DQUlRQUNvZENodHljRjlvT2taUk1YaEJZbEEwUVROVmRVMTRSMFYwUWs0Mk9HYxAB!2m1!1s0x0:0xa012276bd87d0546!3m1!1s2@1:CAIQACodChtycF9oOkZRMXhBYlA0QTNVdU14R0V0Qk42OGc%7C%7C?hl=zh-TW,primary,latest_annotation,2026-05-10T14:47:09.365818+00:00
6d9f34d064f9d37fd31a8ecc,莫初拾六樓景觀KTV餐廳,阿軒,,5,好吃，便宜有包廂，菜色多樣CP值超高,https://www.google.com/maps/reviews/data=!4m8!14m7!1m6!2m5!1sChZDSUhNMG9nS0VJQ0FnSURtbXNLZU13EAE!2m1!1s0x0:0x59b7169ece31365f!3m1!1s2@1:CIHM0ogKEICAgIDmmsKeMw%7C%7C?hl=zh-Hant,primary,latest_annotation,2026-06-24T05:28:46.216216+00:00
3f1beef6bab61dcec3219d0f,信奕原汁牛肉麵,Everdeen,,5,便宜又好吃，禮拜日公休,https://www.google.com/maps/reviews/data=!4m8!14m7!1m6!2m5!1sChdDSUhNMG9nS0VJQ0FnSUNRb3NyOXNRRRAB!2m1!1s0x0:0x7b1285c0784d2e29!3m1!1s2@1:CIHM0ogKEICAgICQosr9sQE%7C%7C?hl=zh-TW,primary,latest_annotation,2026-04-26T18:48:32.383329+00:00
d9fdae0d4ff644399f9bb55c,私嶼 private island,郭博瑋,,5,牛肉燉飯大推！好吃😋,https://www.google.com/maps/reviews/data=!4m8!14m7!1m6!2m5!1sCi9DQUlRQUNvZENodHljRjlvT25wZlREWTVVRzVqWmxseWJrTm1lWGRYU20xb1oxRRAB!2m1!1s0x0:0xbe717676b94be98f!3m1!1s2@1:CAIQACodChtycF9oOnpfTDY5UG5jZllybkNmeXdXSm1oZ1E%7C%7C?hl=zh-TW,primary,latest_annotation,2026-05-04T05:41:34.839035+00:00
a27994a61ed43a631c2147db,天天鮮排骨飯,CHIH-PING HSIA,,3,今天的白飯有點凸槌。似乎是煮好了，但還沒悶夠就開蓋，以致米心還差那麼一點就可以到位。跟蝦仁相比，炸雞腿則很出色。但個人覺得最該推薦的是碗裡的酸菜，100分!高麗菜則是滿滿的古早味。如果要再挑個毛病，建議附湯可以再用心一些。,https://www.google.com/maps/reviews/data=!4m8!14m7!1m6!2m5!1sChZDSUhNMG9nS0VJQ0FnTUNZek1LdmRREAE!2m1!1s0x0:0xe7f77ca7fcd28b54!3m1!1s2@1:CIHM0ogKEICAgMCYzMKvdQ%7C%7C?hl=zh-TW,primary,latest_annotation,2026-04-26T19:18:10.745397+00:00
7c34e05557c71fbdd06b20e6,涮樂和牛鍋物 食べ放題 第一品牌-基隆店,ES W,,5,好吃😋食材很棒☺️哈根達斯抹茶口味讚👍,https://www.google.com/maps/reviews/data=!4m8!14m7!1m6!2m5!1sCi9DQUlRQUNvZENodHljRjlvT200eWVYQlVVVTkyU1VGcmVFNXhZemxUVW0welUzYxAB!2m1!1s0x0:0xf3de292ecefd9ce!3m1!1s2@1:CAIQACodChtycF9oOm4yeXBUUU92SUFreE5xYzlTUm0zU3c%7C%7C?hl=zh-TW,primary,latest_annotation,2026-05-31T10:51:40.099783+00:00
63f55ff9bdb1a54c323ff346,涮一鍋,ALEX Chiu,,5,"12/06用餐 原本要吃義美但要排太久，剛好在旁邊就想說踩點試看看，竟挖掘到不錯的店。

服務到位迅速且解釋清楚，四人點了四人套餐還可以續肉平均約$900/人
食材新鮮擺盤漂亮，份量也很足！！！",https://www.google.com/maps/reviews/data=!4m8!14m7!1m6!2m5!1sCi9DQUlRQUNvZENodHljRjlvT25ob1VXVjZNVzFTWWtSM1R6VmhObk5pZUVKRk4xRRAB!2m1!1s0x0:0xed8dc0e4ab2152f7!3m1!1s2@1:CAIQACodChtycF9oOnhoUWV6MW1SYkR3TzVhNnNieEJFN1E%7C%7C?hl=zh-Hant,primary,latest_annotation,2026-06-24T05:49:44.854653+00:00
bdbbcc67d14e8d06af6965e2,台灣陳沙茶火鍋,Angel Hong,,4,"吃下來覺得是不錯吃，價位上看似跟誰比，移動豆腐一盤80來說的話，我覺得算是合理，肉片的部分可能就是小貴一些.湯頭雖然底下很多朋友說是味精，但我本人吃起來是覺得還好。

個人是覺得老闆很風趣，這個加了很多分，但是有些朋友不喜歡剛好我去的時候老闆也比較不忙，覺得老闆蠻好笑的，為用餐增添了許多歡樂",https://www.google.com/maps/reviews/data=!4m8!14m7!1m6!2m5!1sChZDSUhNMG9nS0VJQ0FnSURuOTZmUVp3EAE!2m1!1s0x0:0x61956b4382088892!3m1!1s2@1:CIHM0ogKEICAgIDn96fQZw%7C%7C?hl=zh-TW,primary,latest_annotation,2026-05-04T08:02:49.263872+00:00
95334ddb881cc2138d0e4c37,良作居食屋(公休日以公告為主),Jan,,5,餐點好吃，服務親切，宵夜的好去處👍🏼,https://www.google.com/maps/reviews/data=!4m8!14m7!1m6!2m5!1sCi9DQUlRQUNvZENodHljRjlvT2xaNllUTXRZamxSYm1WVlF6azVOSGhZWVdWbFoxRRAB!2m1!1s0x0:0x90a0024a89fed0ce!3m1!1s2@1:CAIQACodChtycF9oOlZ6YTMtYjlRbmVVQzk5NHhYYWVlZ1E%7C%7C?hl=zh-Hant,primary,latest_annotation,2026-06-24T05:57:26.028413+00:00
e90518cc1ae11574beea3b5e,昨日花卷跨界好食,Ivy Chiang,,3,平日中午時段來，外場只有一位服務生，出餐速度很慢，麻油鍋的味道太淡了。,https://www.google.com/maps/reviews/data=!4m8!14m7!1m6!2m5!1sCi9DQUlRQUNvZENodHljRjlvT21aR2NXZGFlRU5LTVd4RVpXSmZYMk5TYjBKM0xYYxAB!2m1!1s0x0:0xd113996f14065f69!3m1!1s2@1:CAIQACodChtycF9oOmZGcWdaeENKMWxEZWJfX2NSb0J3LXc%7C%7C?hl=zh-TW,primary,latest_annotation,2026-05-10T14:00:37.289485+00:00
bb71d70ab8911d6dac9c2c11,聚 日式鍋物 基隆信一店,Queen Huang,,5,"王品集團旗下鍋類幾乎都吃過了
ㄧ直沒吃過「聚」
三重、新莊、蘆洲竟然都沒ㄧ家「聚」
失心瘋訂了基隆店
沒有意外
依然承襲王品集團
很棒的服務品質
王品會員當天生日到「聚」用餐
單人套餐5折
這真的很大❤️
剛好聽到到二組客人都是當天生日😆
如果不是當天生日
當月壽星也有壽比富士山的肉盤🫰🫰🫰
蔬菜放題種類不少
還有鮮肉漿
飯、拉麵、王子麵都有
白飯旁邊竟然還有「牛肉壽喜燒」
想說有提供滷汁就很感人了
服務人員：加伶
服務很親切
說話也很溫柔
整體用餐感受很棒👏👏👏
滿滿的情緒價值🥰🥰🥰
不得不說王品集團真的很親子友善
未滿120公分不收費🫶🫶🫶",https://www.google.com/maps/reviews/data=!4m8!14m7!1m6!2m5!1sChdDSUhNMG9nS0VNWHlsYm1NNDgtR3RRRRAB!2m1!1s0x0:0x5ba29a4f992e5ba9!3m1!1s2@1:CIHM0ogKEMXylbmM48-GtQE%7C%7C?hl=zh-TW,primary,latest_annotation,2026-05-26T14:58:18.371724+00:00
892a2bb225ef3ea9ca1a592c,邦彼諾 Bambino,陳海潮,,5,"肋眼牛排油花均勻，口感柔嫩多汁，香氣濃郁，火候掌握精準，整體風味表現優異。

羊排外層煎至金黃微酥，內部保持鮮嫩多汁，火候掌握恰當。羊肉特有風味明顯，搭配香料迷迭香相得益彰，有效提升整體香氣，口感細緻中帶有適度嚼勁，風味濃郁且層次分明，展現出料理的特色與深度。餐點價格合理，與品質及份量相符，性價比非常高！副餐提供完美的甜點飲料！香蕉巧克力蛋糕整體風味表現出色，香蕉的自然甜香與巧克力的濃郁苦甜達到良好平衡。蛋糕體質地濕潤細緻，口感綿密不乾，入口後可感受到層次分明的香氣交織。甜度控制適中，不顯膩口，反而提升整體耐吃度。巧克力風味濃厚卻不掩蓋香蕉本身的清香，使兩者相輔相成，為一道完成度高且令人印象深刻的甜點。整體提升，服務人員態度親切熱情！",https://www.google.com/maps/reviews/data=!4m8!14m7!1m6!2m5!1sCi9DQUlRQUNvZENodHljRjlvT25aYWVXazFURzg0YlVwQ1VGZHNOalpUU2xGTlZFRRAB!2m1!1s0x0:0xb156bc601b90f70c!3m1!1s2@1:CAIQACodChtycF9oOnZaeWk1TG84bUpCUFdsNjZTSlFNVEE%7C%7C?hl=zh-TW,primary,latest_annotation,2026-06-24T02:46:30.548218+00:00
b84ad33a781bf1b0efa6a067,川崎拉麵,黃姵沁,,5,你們的功夫炸雞也很好吃 外送可不可以多炸雞這個選項啊🥹🥹,https://www.google.com/maps/reviews/data=!4m8!14m7!1m6!2m5!1sChZDSUhNMG9nS0VJQ0FnSUNQdU52SFFnEAE!2m1!1s0x0:0x4e9cd2a9248d9063!3m1!1s2@1:CIHM0ogKEICAgICPuNvHQg%7C%7C?hl=zh-TW,primary,latest_annotation,2026-05-02T16:46:28.076366+00:00
df71f0326d36e41e4c62a309,信奕原汁牛肉麵,俞秀惠,,5,好吃的牛肉麵，老店,https://www.google.com/maps/reviews/data=!4m8!14m7!1m6!2m5!1sChdDSUhNMG9nS0VJQ0FnSURRcmJxUm9RRRAB!2m1!1s0x0:0x7b1285c0784d2e29!3m1!1s2@1:CIHM0ogKEICAgIDQrbqRoQE%7C%7C?hl=zh-TW,primary,latest_annotation,2026-04-26T18:47:08.229624+00:00
6fc264a4e994b1140d057e18,古早風味甕仔雞,jack lin,,2,沒什麽特色，桌子小到菜都塞不下,https://www.google.com/maps/reviews/data=!4m8!14m7!1m6!2m5!1sChZDSUhNMG9nS0VJQ0FnTURJaXIzbldREAE!2m1!1s0x0:0x948a9b3566a9ca8c!3m1!1s2@1:CIHM0ogKEICAgMDIir3nWQ%7C%7C?hl=zh-TW,primary,latest_annotation,2026-04-26T18:59:47.253263+00:00
e1e6036f7a0469e0591be738,法雅地中海,陳政國,,5,"蠻好吃的。
菜單標示有點複雜，不想動腦的人可能會不想去看懂..",https://www.google.com/maps/reviews/data=!4m8!14m7!1m6!2m5!1sChdDSUhNMG9nS0VJQ0FnSUM0c2VLNzJ3RRAB!2m1!1s0x0:0x1d4e3d83ed6661e2!3m1!1s2@1:CIHM0ogKEICAgIC4seK72wE%7C%7C?hl=zh-TW,primary,latest_annotation,2026-04-29T17:14:35.403638+00:00
98267e3496030b4a39b36e48,聚 日式鍋物 基隆信一店,w k,,5,"家庭聚餐來聚，之前吃過一次對他印象很好，終於帶一家三口再來吃一次👍🏻
環境也非常舒適喔",https://www.google.com/maps/reviews/data=!4m8!14m7!1m6!2m5!1sCi9DQUlRQUNvZENodHljRjlvT2xWa1JEbFpUSEI1VlhSRlpXRkxNekI1Wld3eFpuYxAB!2m1!1s0x0:0x5ba29a4f992e5ba9!3m1!1s2@1:CAIQACodChtycF9oOlVkRDlZTHB5VXRFZWFLMzB5ZWwxZnc%7C%7C?hl=zh-TW,primary,latest_annotation,2026-05-26T14:51:59.70511+00:00
1812159c76724c2052cc64eb,法雅地中海,Yong-Xuan (暄),,4,餐點大致上不錯吃,https://www.google.com/maps/reviews/data=!4m8!14m7!1m6!2m5!1sChZDSUhNMG9nS0VJQ0FnSUNYazZLck93EAE!2m1!1s0x0:0x1d4e3d83ed6661e2!3m1!1s2@1:CIHM0ogKEICAgICXk6KrOw%7C%7C?hl=zh-TW,primary,latest_annotation,2026-04-29T17:40:23.699908+00:00
5914bca700946fdeafa0c32a,天天鮮排骨飯,ABao,,5,天天鮮排骨飯的缺點就是要排隊，要排很久的隊，排隊會打亂整個吃飯的心情，排骨不錯，真的是招牌，魚排我就不是很喜歡，個人口味就看看大家了，內用有多給一碗湯。,https://www.google.com/maps/reviews/data=!4m8!14m7!1m6!2m5!1sChdDSUhNMG9nS0VJQ0FnTURJOWJub3F3RRAB!2m1!1s0x0:0xe7f77ca7fcd28b54!3m1!1s2@1:CIHM0ogKEICAgMDI9bnoqwE%7C%7C?hl=zh-TW,primary,latest_annotation,2026-04-26T19:18:27.90282+00:00
0cde7b458f1c92b87378dad1,金衛亭浮誇壽司樂群町二代目,Erik Hsieh,,5,"期待已久，終於來品嚐
好吃，滿足，會再來吃",https://www.google.com/maps/reviews/data=!4m8!14m7!1m6!2m5!1sCi9DQUlRQUNvZENodHljRjlvT2pjNFF6TmZVblIyVlVWSGJXMVZkVFIzU0dSR1JXYxAB!2m1!1s0x0:0x7471566155dbf28e!3m1!1s2@1:CAIQACodChtycF9oOjc4QzNfUnR2VUVHbW1VdTR3SGRGRWc%7C%7C?hl=zh-TW,primary,latest_annotation,2026-05-04T05:27:48.276587+00:00
3eeeae700b68b1cbdf702574,禾作食堂,林政宏,,5,"服務不錯~東西也好吃！
讚！ 會再過來用餐的~",https://www.google.com/maps/reviews/data=!4m8!14m7!1m6!2m5!1sCi9DQUlRQUNvZENodHljRjlvT2t4cmQwZG9VMFZDTkVkc1gzVkVhVFpXTVhWaGVHYxAB!2m1!1s0x0:0x911e8565139ea55e!3m1!1s2@1:CAIQACodChtycF9oOkxrd0doU0VCNEdsX3VEaTZWMXVheGc%7C%7C?hl=zh-TW,primary,latest_annotation,2026-05-10T14:08:38.511903+00:00
bed7b6e23694be4c4617412e,私嶼 private island,Ann Liu,,5,"店家非常親切
清炒海鮮義大利麵
是近期吃過最好吃的義大利麵
醬汁跟麵條的完美組合
醬汁好吃到 蛤蜊殼上等醬汁都要吸乾淨的程度
除此之外 海鮮麵的配料很豐富
大概十幾個蛤蜊 兩隻蝦 一隻中卷
價格很平易近人

另外酥炸辣雞翅真的非常推
雞肉鮮嫩多汁 份量很多 裹在外皮上的辣醬跟雞皮吃一口就忍不住發出Um~~~超好吃（高八度聲音

雙麻牛頰燉飯 吃起來很特別 一點點辣而已
有一種把牛肉麵變成燉飯來吃的感覺
但又灑了起司 我覺得這種看似衝突的搭配也是非常好吃的
尤其牛肉給的非常大方 並且口感相當軟嫩

這是一家非常推薦的店👍
好想再去嘗試其他料理🥹",https://www.google.com/maps/reviews/data=!4m8!14m7!1m6!2m5!1sChZDSUhNMG9nS0VJQ0FnTUNJejZyaGRBEAE!2m1!1s0x0:0xbe717676b94be98f!3m1!1s2@1:CIHM0ogKEICAgMCIz6rhdA%7C%7C?hl=zh-TW,primary,latest_annotation,2026-05-04T05:45:40.74449+00:00
19c017c62f5ad3f068ccf9ce,天天鮮排骨飯,HP Chou,,4,到的時間有點晚，酸菜沒了，排骨口感很好，飯煮的太濕了，這點扣分，附湯非常有誠意，好喝。,https://www.google.com/maps/reviews/data=!4m8!14m7!1m6!2m5!1sCi9DQUlRQUNvZENodHljRjlvT25sV1JUQkdWbVkwZUY5TGJrUmtTWE5zVVY5dmNHYxAB!2m1!1s0x0:0xe7f77ca7fcd28b54!3m1!1s2@1:CAIQACodChtycF9oOnlWRTBGVmY0eF9LbkRkSXNsUV9vcGc%7C%7C?hl=zh-TW,primary,latest_annotation,2026-04-26T19:17:44.495244+00:00
af1843cae30ed9a97daef566,九層塔蒸籠海鮮火鍋,Lishih Li,,5,湯好鮮甜 海鮮很新鮮非常好吃,https://www.google.com/maps/reviews/data=!4m8!14m7!1m6!2m5!1sCi9DQUlRQUNvZENodHljRjlvT25WMVptSXhiMVpGUkRZMkxVdFdNbUpLWTNremFHYxAB!2m1!1s0x0:0x80aef709afae771a!3m1!1s2@1:CAIQACodChtycF9oOnV1ZmIxb1ZFRDY2LUtWMmJKY3kzaGc%7C%7C?hl=zh-TW,primary,latest_annotation,2026-05-03T08:25:56.649195+00:00
8d3631af7ffca7bbe5fa0d20,花宅HanaTaku,WORK FOR,,5,老闆超帥 調酒很特別 很好喝,https://www.google.com/maps/reviews/data=!4m8!14m7!1m6!2m5!1sCi9DQUlRQUNvZENodHljRjlvT2tSYVEyUmxaMnc1VVZWT1MzUlFlR0pmZUVoU1FrRRAB!2m1!1s0x0:0xdc2e6095de622f27!3m1!1s2@1:CAIQACodChtycF9oOkRaQ2RlZ2w5UVVOS3RQeGJfeEhSQkE%7C%7C?hl=zh-TW,primary,latest_annotation,2026-05-01T17:12:28.445209+00:00
d8ea115c925568535e198b5c,涮樂和牛鍋物 食べ放題 第一品牌-基隆店,1000cc美食頻道,,5,這家火鍋店的風景很美！CP值很高！餐點品項真的超級豐富，自助吧有滿滿的蔬菜、基隆特產、火鍋料任你吃，最強的就是他們的飯吧，有咖喱、壽喜牛、溫泉蛋👍,https://www.google.com/maps/reviews/data=!4m8!14m7!1m6!2m5!1sChZDSUhNMG9nS0VJQ0FnSUQzenJfcEN3EAE!2m1!1s0x0:0xf3de292ecefd9ce!3m1!1s2@1:CIHM0ogKEICAgID3zr_pCw%7C%7C?hl=zh-TW,primary,latest_annotation,2026-05-31T10:52:31.187675+00:00
0b5dabc0e75505f2363df631,BirDining蔦飼料餐食料理,林紓妍,,5,好吃 湯很好喝！,https://www.google.com/maps/reviews/data=!4m8!14m7!1m6!2m5!1sCi9DQUlRQUNvZENodHljRjlvT21SMmRFNXpWRUpXVUVRd2VrNXJSR0pSWW1wQ1JFRRAB!2m1!1s0x0:0xaf68217566fe71ce!3m1!1s2@1:CAIQACodChtycF9oOmR2dE5zVEJWUEQwek5rRGJRYmpCREE%7C%7C?hl=zh-TW,primary,latest_annotation,2026-05-11T05:58:06.631061+00:00
8dc454cb3e8a18be8255dcfa,大白鯊魚丸,Wesley Yang,,5,"$60 綜合冬粉

五顆星想給豆包，真的很好吃，肉燥+油豆腐+魚漿的搭配很是完美，魚丸就還好，價格又合宜。店址很好找就在基隆媽的廟口對面😚",https://www.google.com/maps/reviews/data=!4m8!14m7!1m6!2m5!1sChZDSUhNMG9nS0VJQ0FnSUNqbHFEaWJ3EAE!2m1!1s0x0:0x8765bdef247d82d0!3m1!1s2@1:CIHM0ogKEICAgICjlqDibw%7C%7C?hl=zh-TW,primary,latest_annotation,2026-04-26T19:09:10.481391+00:00
f00c389d5f5b5afe1ddf8e51,雲水食堂 yunshuikitchen|2025台北國際牛肉麵金牌獎|臺北牛肉麵推薦|萬華牛肉麵推薦|臺北美食推薦|萬華美食推薦|艋舺美食推薦beefnoodlesoup,Ngai Ling,,5,"用餐體驗非常的好，味道也很好吃
非常推薦到些一食❤️",https://www.google.com/maps/reviews/data=!4m8!14m7!1m6!2m5!1sCi9DQUlRQUNvZENodHljRjlvT2pNMFRGOU9VbUY1UVhZeVFsUkVkRXh1Vld0S1ptYxAB!2m1!1s0x0:0xa012276bd87d0546!3m1!1s2@1:CAIQACodChtycF9oOjM0TF9OUmF5QXYyQlREdExuVWtKZmc%7C%7C?hl=zh-TW,primary,latest_annotation,2026-05-10T14:47:09.366051+00:00
86317cc12c34f47d77c05684,半島鐵盒茶餐廳,MEI,,5,"已經吃了很多次，店內座位稍微擁擠一點，廣東炒飯和各種港式點心都很好吃，最喜歡鮮蝦腐皮捲和蝦餃皇，香菇雞片湯雞肉很嫩好吃不過香菇不多，曾經點過椰汁西米露，奶味太重也不愛，另外是店家按計算機算錢常常出錯，每兩次就會發生一次，建議可以先自己算好價錢再結帳。
115.01.04",https://www.google.com/maps/reviews/data=!4m8!14m7!1m6!2m5!1sCi9DQUlRQUNvZENodHljRjlvT2xOM2FHUk5hVzFwVUVkSFdHNUdhV1o2WXpSMVpsRRAB!2m1!1s0x0:0xcce150aa8ec0ce1f!3m1!1s2@1:CAIQACodChtycF9oOlN3aGRNaW1pUEdHWG5GaWZ6YzR1ZlE%7C%7C?hl=zh-TW,primary,latest_annotation,2026-04-26T18:56:08.913148+00:00
b6749ec9a4f5cad5afde2bee,隆昌28串串火鍋,Rati Fan,,5,不能訂位，要早點來排隊，<br>辣度跟外面的辣不一樣，<br>平常可以吃小辣的在這邊可能只能吃微微辣，<br>平常可以吃大辣的可以先試試看這邊的中辣，<br>出餐十分鐘內可以調整辣度，<br>串串的部分真的是cp值很高喲～～,https://www.google.com/maps/reviews/data=!4m8!14m7!1m6!2m5!1sChdDSUhNMG9nS0VJQ0FnSUNObTR5SnB3RRAB!2m1!1s0x0:0x4027333810cb215d!3m1!1s2@1:CIHM0ogKEICAgICNm4yJpwE%7C%7C?hl=zh-TW,primary,latest_annotation,2026-06-23T09:07:39.263043+00:00
ee1bd0f6ae25456ec6f4a740,莎瓦迪卡海鮮.泰,Yun Kao,,5,口味好吃，環境也不錯，推薦聚餐～,https://www.google.com/maps/reviews/data=!4m8!14m7!1m6!2m5!1sCi9DQUlRQUNvZENodHljRjlvT2tkT1lYUlBTWFZhVDNadE56UnRVWEpFVjJac2VuYxAB!2m1!1s0x0:0x75eb42d2331ab810!3m1!1s2@1:CAIQACodChtycF9oOkdOYXRPSXVaT3ZtNzRtUXJEV2Zsenc%7C%7C?hl=zh-TW,primary,latest_annotation,2026-05-10T14:44:56.30176+00:00
fd206d263c81bac3ab2a981f,夏隆咖啡 Shalom Cafe,Luke Lin,,5,"環境很好, 有小房間很適合一群朋友來聊天喝咖啡",https://www.google.com/maps/reviews/data=!4m8!14m7!1m6!2m5!1sChdDSUhNMG9nS0VJQ0FnSURvME4tbXh3RRAB!2m1!1s0x0:0x52d2eb54ec831a85!3m1!1s2@1:CIHM0ogKEICAgIDo0N-mxwE%7C%7C?hl=zh-TW,primary,latest_annotation,2026-05-10T18:03:07.837486+00:00
c8f6cf05add9c4d5217fdc49,李家鍋貼饅頭,Adam Peng,,5,"老闆人很nice 東西更不用說 就是好吃
也會細心跟客人講保存方式🥺🥺",https://www.google.com/maps/reviews/data=!4m8!14m7!1m6!2m5!1sChdDSUhNMG9nS0VJQ0FnSURHaTR5aWpRRRAB!2m1!1s0x0:0xd4c22b937611c47d!3m1!1s2@1:CIHM0ogKEICAgIDGi4yijQE%7C%7C?hl=zh-TW,primary,latest_annotation,2026-05-04T05:57:23.763634+00:00
19f9e71044b5625c33c7ffa7,華星牛排館,丁銘龍,,5,憨春招待的好吃😋,https://www.google.com/maps/reviews/data=!4m8!14m7!1m6!2m5!1sCi9DQUlRQUNvZENodHljRjlvT2pOaWNVNXBTRGMzVlU5WFUyNWpOM2wzVG5BMldGRRAB!2m1!1s0x0:0x54b49afd393b8a02!3m1!1s2@1:CAIQACodChtycF9oOjNicU5pSDc3VU9XU25jN3l3TnA2WFE%7C%7C?hl=zh-TW,primary,latest_annotation,2026-06-24T01:37:09.67888+00:00
15300ddff16b86f067d704d9,芭頱霸-甘草芭樂現切水果,Tsai,,5,超好吃的芭樂 讚,https://www.google.com/maps/reviews/data=!4m8!14m7!1m6!2m5!1sCi9DQUlRQUNvZENodHljRjlvT21KTVVEZFJWMUJNVW5sQldUTlZkWFJ3U2tGTWJrRRAB!2m1!1s0x0:0xb16b896b61687b5c!3m1!1s2@1:CAIQACodChtycF9oOmJMUDdRV1BMUnlBWTNVdXRwSkFMbkE%7C%7C?hl=zh-TW,primary,latest_annotation,2026-06-23T08:51:46.941104+00:00
b0323d9c986386ae1d6ed087,昨日花卷跨界好食,CH EN,,5,"於2025/01用餐
四人聚餐店員建議可以點三人套餐
另外追加一道特色菜
花卷皮也可另加購，每人都吃的到（很讚）
水牛城雞翅特辣
口水雞搭配的很爽口
松阪豬紙包飯看似很普通
實際吃完頻頻點頭（美味）",https://www.google.com/maps/reviews/data=!4m8!14m7!1m6!2m5!1sChdDSUhNMG9nS0VJQ0FnTURndHJLT3ZRRRAB!2m1!1s0x0:0xd113996f14065f69!3m1!1s2@1:CIHM0ogKEICAgMDgtrKOvQE%7C%7C?hl=zh-TW,primary,latest_annotation,2026-05-10T14:00:37.289585+00:00
83b5b6f19be2fe55cd8fc85a,八蒔鐵板燒,Nini Jy,,5,"蝦子跟鮭魚乾煎很香很好吃♥️
師傅習慣應該是煎熟一點，魚跟蝦子收比較乾。瑕不掩瑜，美味。
干貝恰到好處，充分表現出鐵板的迷人風味。
青菜調味的部分較清爽，熟度剛好。
海鮮都很新鮮
魷魚沾一點椒鹽配上海的鮮味，美滋滋。
牛小排好吃，正常。
整體都很棒！
中間不小心把筷子掉在地上，服務生馬上就聽到動靜過來補一雙筷子🤣非常感謝，不好意思。
意外之喜，服務上的感受是好的。
附近有停車場，方便。",https://www.google.com/maps/reviews/data=!4m8!14m7!1m6!2m5!1sChdDSUhNMG9nS0VJQ0FnTUNnbXJXd3ZnRRAB!2m1!1s0x0:0x4aade7062b32c160!3m1!1s2@1:CIHM0ogKEICAgMCgmrWwvgE%7C%7C?hl=zh-TW,primary,latest_annotation,2026-04-26T18:52:34.719014+00:00
49a57dfbad2bcdaabbc112e7,小鴨片,黃馨誼,,5,"提前打電話預約，到店領取快速！
買回飯店還是好好吃，瞬間掃完！
下次來台中玩還是會買😋",https://www.google.com/maps/reviews/data=!4m8!14m7!1m6!2m5!1sChdDSUhNMG9nS0VJQ0FnSUNwa2IzcTN3RRAB!2m1!1s0x0:0x515ce2a573daaa6e!3m1!1s2@1:CIHM0ogKEICAgICpkb3q3wE%7C%7C?hl=zh-TW,primary,latest_annotation,2026-04-26T19:24:20.80654+00:00
59712aac0e34eb0dcedad7fd,莎瓦迪卡海鮮.泰,Ting-Fang Wang,,5,"服務很好
東西也不錯
適合家庭聚餐",https://www.google.com/maps/reviews/data=!4m8!14m7!1m6!2m5!1sCi9DQUlRQUNvZENodHljRjlvT2tRNWFWRlpVbWhRUzNWTlpsWlpSamhMUjJ3NWJWRRAB!2m1!1s0x0:0x75eb42d2331ab810!3m1!1s2@1:CAIQACodChtycF9oOkQ5aVFZUmhQS3VNZlZZRjhLR2w5bVE%7C%7C?hl=zh-TW,primary,latest_annotation,2026-05-10T14:44:56.301833+00:00
a0e88b1361cb3939cf50f293,金茶壺八寶冬粉（基隆廟口美食70年老字號）,Ginny Hsu,,5,好吃～從小吃到大，味道永遠不變,https://www.google.com/maps/reviews/data=!4m8!14m7!1m6!2m5!1sChZDSUhNMG9nS0VJQ0FnSUQ3enRELUtnEAE!2m1!1s0x0:0x7bb3b2e1d9ffc2b2!3m1!1s2@1:CIHM0ogKEICAgID7ztD-Kg%7C%7C?hl=zh-Hant,primary,latest_annotation,2026-06-24T05:54:56.630732+00:00
9e51b7450e44e18af40b78f3,川崎拉麵,馬迷思,,4,"昨天臨時跟老公來店用餐🍽️，也小小慶祝🪅週年紀念日，平凡的日常也是幸福😊、
拉麵很好吃😋，但份量覺得稍微偏少，
我喜歡💕豚骨湯頭，讓我很驚艷是炸豆腐，
很鮮嫩，也很香，
出餐速度很快，也是推薦主要原因
My IG - lovely-mavis.Chen",https://www.google.com/maps/reviews/data=!4m8!14m7!1m6!2m5!1sChZDSUhNMG9nS0VJQ0FnSUNaanA2TmRnEAE!2m1!1s0x0:0x4e9cd2a9248d9063!3m1!1s2@1:CIHM0ogKEICAgICZjp6Ndg%7C%7C?hl=zh-TW,primary,latest_annotation,2026-04-26T19:29:24.759435+00:00
78ba732a0be0c33d5c820792,金茶壺八寶冬粉（基隆廟口美食70年老字號）,Leo Lee,,5,八寶冬粉料多味美，蝦仁羹、肉羹、花枝羹、金勾蝦、木耳、筍絲皆在其中，甘甜的湯頭搭配芹菜珠，更帶出鮮甜,https://www.google.com/maps/reviews/data=!4m8!14m7!1m6!2m5!1sChZDSUhNMG9nS0VJQ0FnTURBelA2YmVREAE!2m1!1s0x0:0x7bb3b2e1d9ffc2b2!3m1!1s2@1:CIHM0ogKEICAgMDAzP6beQ%7C%7C?hl=zh-Hant,primary,latest_annotation,2026-06-24T05:54:45.639113+00:00
c564984a8d1926fddd83e5df,嗑滿 call man | cafe & restaurant-中和義式餐廳|永和義式披薩|義大利麵首選|外帶義大利麵|寵物友善餐廳|早午餐|必吃義大利麵|親子友善餐廳|平價義大利麵,洪香香,,5,幾霸昏～第一次來寵物友善的地方ㄘ義大利麵🍝 cp值很高會想二訪的店 女店員很漂釀 男店員也有在做事🫰🏻,https://www.google.com/maps/reviews/data=!4m8!14m7!1m6!2m5!1sCi9DQUlRQUNvZENodHljRjlvT2tkSVpqUmtiVFZWU1VGUGRVeDVWR1pMY0VwdGVHYxAB!2m1!1s0x0:0x1b4959be6ef3b34d!3m1!1s2@1:CAIQACodChtycF9oOkdIZjRkbTVVSUFPdUx5VGZLcEpteGc%7C%7C?hl=zh-TW,primary,latest_annotation,2026-06-23T13:26:27.695852+00:00
03a4a7a2d1286665dd78a545,長腳麵食,Eric Tseng,,5,"豬腳麵：清湯麵+滷豬腳，豬腳口感與味道剛好
乾麵：要與桌上的黑醋一起拌食，味道才對
餛飩湯：沒問題
小菜：吉古拉與油豆腐，都不錯

價位也合理，可以來試試看",https://www.google.com/maps/reviews/data=!4m8!14m7!1m6!2m5!1sChZDSUhNMG9nS0VJQ0FnSURCeVlmekFREAE!2m1!1s0x0:0xc7473ce0f30ad3a1!3m1!1s2@1:CIHM0ogKEICAgIDByYfzAQ%7C%7C?hl=zh-TW,primary,latest_annotation,2026-05-02T16:40:59.493667+00:00
e837fda0c43161e774e6bf0d,BirDining蔦飼料餐食料理,楊如意,,5,"店內氣氛不錯！適合聊天！
居然還有可樂免費喝✨",https://www.google.com/maps/reviews/data=!4m8!14m7!1m6!2m5!1sCi9DQUlRQUNvZENodHljRjlvT2t0RmFYbDFla1JQV21nME1USnViMlZ0WW04eU1VRRAB!2m1!1s0x0:0xaf68217566fe71ce!3m1!1s2@1:CAIQACodChtycF9oOktFaXl1ekRPWmg0MTJub2VtYm8yMUE%7C%7C?hl=zh-TW,primary,latest_annotation,2026-05-11T05:57:27.429045+00:00
079bcd71c54184687f911cbb,隆昌28串串火鍋,SIHLING CHEN,,5,好吃～～～<br>這家的辣度真的很夠！<br>而且食材都很新鮮好吃,https://www.google.com/maps/reviews/data=!4m8!14m7!1m6!2m5!1sCi9DQUlRQUNvZENodHljRjlvT200eFMzcGtlV0kwU3pCU1RUUmxMWEZPU2tzeGFIYxAB!2m1!1s0x0:0x4027333810cb215d!3m1!1s2@1:CAIQACodChtycF9oOm4xS3pkeWI0SzBSTTRlLXFOSksxaHc%7C%7C?hl=zh-TW,primary,latest_annotation,2026-06-23T09:07:34.626599+00:00
69b4665b0a3721ae0aa7b632,曼谷泰式料理（永和店）,Kevin Chen,,5,不用去泰國就可以吃道地的泰式料理<br>非常推薦好吃，餐點份量足夠，酸辣有勁，<br>如果喜歡吃泰國料理，一定要來吃😋😋😋😋,https://www.google.com/maps/reviews/data=!4m8!14m7!1m6!2m5!1sChZDSUhNMG9nS0VJQ0FnSUNPeDdyVGRBEAE!2m1!1s0x0:0xa94ca38295cf0e21!3m1!1s2@1:CIHM0ogKEICAgICOx7rTdA%7C%7C?hl=zh-TW,primary,latest_annotation,2026-06-23T08:26:16.555136+00:00
7f2122521c3480c256daf315,大豬滷味,Jane Lucky,,5,超好吃，服務親切，空間寬敞舒適<br>菜色新鮮營養,https://www.google.com/maps/reviews/data=!4m8!14m7!1m6!2m5!1sCi9DQUlRQUNvZENodHljRjlvT2tscldYWnNaRTFRUzJwUmMwTjBZekJuUkZCdVZHYxAB!2m1!1s0x0:0x30a5a31c8992ae52!3m1!1s2@1:CAIQACodChtycF9oOklrWXZsZE1QS2pRc0N0YzBnRFBuVGc%7C%7C?hl=zh-TW,primary,latest_annotation,2026-06-23T08:12:00.34972+00:00
85b395e55353a42e9c00d1bd,維傑 印度餐廳,Alex Ku,,5,"風味調理非常完美
肉類料理口感軟嫩
份量充足
服務人員非常親切專業
完美的用餐體驗，會回訪！",https://www.google.com/maps/reviews/data=!4m8!14m7!1m6!2m5!1sCi9DQUlRQUNvZENodHljRjlvT2xOZk5uQk9jRlZ3U2xCSVVXcDNUV0o1VWpBM2VsRRAB!2m1!1s0x0:0x44649d5d7020feba!3m1!1s2@1:CAIQACodChtycF9oOlNfNnBOcFVwSlBIUWp3TWJ5UjA3elE%7C%7C?hl=zh-Hant,primary,latest_annotation,2026-06-24T05:17:42.694916+00:00
86c594e97ce24c287f9d5250,華星牛排館,wi Li,,5,"來基隆這麼多次都沒來吃過這家,今天中午來吃商業午餐,CP值真的很高~",https://www.google.com/maps/reviews/data=!4m8!14m7!1m6!2m5!1sChZDSUhNMG9nS0VJQ0FnSUNPcTltS1hnEAE!2m1!1s0x0:0x54b49afd393b8a02!3m1!1s2@1:CIHM0ogKEICAgICOq9mKXg%7C%7C?hl=zh-TW,primary,latest_annotation,2026-06-24T01:47:24.081289+00:00
29c91a6e1a709ecb42953c3f,暖日咖啡Warm Day Cafe《無電話、營業時間IG為主》,Stella Ho,,5,交通地點方便、用餐環境舒服、店員的服務很好；餐點部分，經典早午餐的火腿太乾南瓜濃湯比較甜一點，鬆餅非常好吃，鬆餅新地裡加麻糬口感很好，每樣餐點、飲料擺設都非常用心。,https://www.google.com/maps/reviews/data=!4m8!14m7!1m6!2m5!1sChZDSUhNMG9nS0VJQ0FnSUR3M01LSmN3EAE!2m1!1s0x0:0x8f9a09e026ac4477!3m1!1s2@1:CIHM0ogKEICAgIDw3MKJcw%7C%7C?hl=zh-TW,primary,latest_annotation,2026-06-23T14:50:18.950939+00:00
7a1109250a5e940186dcb695,東北麵食館《公休時間請見臉書粉絲團》,柳明哲,,1,老闆加油 繼續漲價不要停,https://www.google.com/maps/reviews/data=!4m8!14m7!1m6!2m5!1sChdDSUhNMG9nS0VJQ0FnSUQzeF9fWDR3RRAB!2m1!1s0x0:0x5967ce935ccdf98d!3m1!1s2@1:CIHM0ogKEICAgID3x__X4wE%7C%7C?hl=zh-TW,primary,latest_annotation,2026-05-04T05:49:35.860949+00:00
bde7648a2df2ea1890581560,飛月小館,Alle Jan,,4,"飛月小館離我家很近，走路就可以到的距離，一直找不到機會去吃，今天終於成行了，我們只有3人，所以只點了五道菜，全部共2235元，不算貴，很真材實料。
麻油腰子---炒的略生，咬下去血水還會流出來，酒香和麻油香很淡不突出。

蒜蒸蝦---是今天最好吃的一道菜，蝦子新鮮，蒜頭很香沒有辛辣感。

客家小炒---很會炒，很到位，是數一數二的好吃那種。

糖醋魚---意外的好吃，我對糖醋類不是太有愛的人都很愛這一道。

清炒中卷---有點失望的一道菜，完全沒有新鮮中卷的鮮甜味。",https://www.google.com/maps/reviews/data=!4m8!14m7!1m6!2m5!1sCi9DQUlRQUNvZENodHljRjlvT2xCb2RYUkhXRkJET0ZWNUxYaEhTMVZXWDFkSFprRRAB!2m1!1s0x0:0x1291ab0f19727189!3m1!1s2@1:CAIQACodChtycF9oOlBodXRHWFBDOFV5LXhHS1VWX1dHZkE%7C%7C?hl=zh-TW,primary,latest_annotation,2026-05-02T08:44:01.434327+00:00
7da79d4974286f8dc2651cc2,奇軒壽司屋,Truman Yang,,5,"店家親切，魚肉肉質鮮美 超好吃的啦❤️❤️
來基隆真的不能錯過👍👍",https://www.google.com/maps/reviews/data=!4m8!14m7!1m6!2m5!1sChZDSUhNMG9nS0VJQ0FnSUN6MmRqVFp3EAE!2m1!1s0x0:0xd58e163205c348f6!3m1!1s2@1:CIHM0ogKEICAgICz2djTZw%7C%7C?hl=zh-TW,primary,latest_annotation,2026-05-04T07:52:50.298782+00:00
b383bddf37dae99c96380e1f,川崎拉麵,銘健朱,,4,有附3種飲料及4種口味冰淇淋。如果喜愛的話，算是超值。如果只想單純吃拉麵，那麼可以考慮其它間試試。赤紅馬辣拉麵，不錯喔！還有三種麵條可選擇！,https://www.google.com/maps/reviews/data=!4m8!14m7!1m6!2m5!1sChZDSUhNMG9nS0VJQ0FnSURPcTZhbUpnEAE!2m1!1s0x0:0x4e9cd2a9248d9063!3m1!1s2@1:CIHM0ogKEICAgIDOq6amJg%7C%7C?hl=zh-TW,primary,latest_annotation,2026-04-26T19:29:36.15959+00:00
eb0b56b9ede70951d5c8046c,燒究食寓 萬華店 – 居酒屋｜宵夜｜串燒,靜靜,,5,鍋邊素的在這邊也有東西吃喔 很棒,https://www.google.com/maps/reviews/data=!4m8!14m7!1m6!2m5!1sCi9DQUlRQUNvZENodHljRjlvT2xOWGQxVTVkV2xNYzJOeGMwSlRkMHc0VVdSemIwRRAB!2m1!1s0x0:0x4719f5b1383dc6ce!3m1!1s2@1:CAIQACodChtycF9oOlNXd1U5dWlMc2Nxc0JTd0w4UWRzb0E%7C%7C?hl=zh-TW,primary,latest_annotation,2026-05-10T14:03:03.495352+00:00
d8f409d40b263f71ed11be5f,金龍肉焿,王銘達,,5,"肉羹粿仔-湯頭喝起來微微偏甜，肉羹吃起來口感不錯，滿有咬勁的，加了胡椒、辣椒粉、烏醋，讓湯頭的味道更多了些風味。

*桌上的辣椒粉滿辣的，請小心添加。
*很久沒吃到這種湯裡還有加白菜下去熬的湯頭了。",https://www.google.com/maps/reviews/data=!4m8!14m7!1m6!2m5!1sChZDSUhNMG9nS0VJQ0FnTURReXIzdlp3EAE!2m1!1s0x0:0xc7f8b27e7ae2d9e6!3m1!1s2@1:CIHM0ogKEICAgMDQyr3vZw%7C%7C?hl=zh-TW,primary,latest_annotation,2026-05-02T16:46:22.243501+00:00
85d2139d4d61dedbdfae3870,金龍肉焿,yuan,,3,"要排很久，都買小份來嚐嚐看
肉羹粿仔:粿仔好吃，只是都黏在一起，肉羹的肉含量超低，有兩塊沒肉，都是粉漿
滷肉飯:偏鹹粘嘴，不難吃
豬脚肉:吃起來瘦肉比較多，可以我比較喜歡肥的，另外兩種豬腳賣完了",https://www.google.com/maps/reviews/data=!4m8!14m7!1m6!2m5!1sCi9DQUlRQUNvZENodHljRjlvT2pjMFZsQTVXR2xOVDI4MVRsaE1kVGxsT1d0UmNHYxAB!2m1!1s0x0:0xc7f8b27e7ae2d9e6!3m1!1s2@1:CAIQACodChtycF9oOjc0VlA5WGlNT281TlhMdTllOWtRcGc%7C%7C?hl=zh-TW,primary,latest_annotation,2026-05-02T16:47:41.78881+00:00
0976639a7bf581aaa7bd6f8f,夏隆咖啡 Shalom Cafe,Tiffani,,5,"咖啡風味很棒，咖啡豆的品質很優
甜點也很好吃，環境讓人很放鬆",https://www.google.com/maps/reviews/data=!4m8!14m7!1m6!2m5!1sCi9DQUlRQUNvZENodHljRjlvT2tScGRqTk9lREp6V0ZKdlRXYzRWazU0YlVKb2FsRRAB!2m1!1s0x0:0x52d2eb54ec831a85!3m1!1s2@1:CAIQACodChtycF9oOkRpdjNOeDJzWFJvTWc4Vk54bUJoalE%7C%7C?hl=zh-TW,primary,latest_annotation,2026-05-10T18:03:07.837428+00:00
735870550c14136592cde3e5,小葛廚房,Happy Cat,,4,"好久沒有吃到覺得可以推薦一下的早午餐了😂

點了較多人推薦的「花生醬牛肉漢堡」300
友人點「香料雞肉漢堡」250
坦白說 ，點餐的時候我覺得cp值並沒有很高

不過在等待餐點的時候
看了一下菜單，店家主打食材的用心與自然
也看得出來店家每一個裝潢與服務上的細心
還有對地球環境友善的概念真的是蠻值得鼓勵的

上餐的時候擺盤沒有特別驚艷
但以食材而言是蠻有用心跟誠意了
（至少不是一堆炸物阿⋯）
生菜很新鮮，水果也是當季又鮮甜
而這牛肉跟 #花生醬 超級搭啊啊啊啊！！
而漢堡皮也是我喜歡帶點Q度跟小嚼勁❤️❤️😍
瞬間覺得很可以！！ 值得❤️❤️

歐對嘍，套餐的飲品
美式咖啡比較不是對我的胃，是偏酸的。
紅茶跟一般的紅茶也不太一樣，不過還蠻順口的❤️

#很新鮮的食材
#很棒的服務態度
#很舒服的用餐環境
當然會在回訪啊啊啊啊啊啊！！

#台中北屯 #早午餐 #漢堡 #菜單
#FB🔍 #收尋 #台中吃飯皇帝小

3/29 補上回訪食記
這次點「墨西哥辣肉醬牛肉漢堡」
有點微辣而已 我平常吃小辣也能接受哦
跟一般外面的辣肉醬不太一樣，小葛得很有誠意
也很好吃❤️❤️",https://www.google.com/maps/reviews/data=!4m8!14m7!1m6!2m5!1sChdDSUhNMG9nS0VJQ0FnSURndE12bjJBRRAB!2m1!1s0x0:0x466ff675fa96cd34!3m1!1s2@1:CIHM0ogKEICAgIDgtMvn2AE%7C%7C?hl=zh-TW,primary,latest_annotation,2026-04-26T19:22:20.86704+00:00
0cc4d78986d91ef2de3b322d,花宅HanaTaku,奶茶,,5,"很棒的茶酒體驗
順口又不失平衡
店內老闆員工顏值都很高
還有小可愛陪伴
但忘記這三隻叫什麼再提醒我一次🤣",https://www.google.com/maps/reviews/data=!4m8!14m7!1m6!2m5!1sChdDSUhNMG9nS0VJQ0FnSUNuN0t1U3hnRRAB!2m1!1s0x0:0xdc2e6095de622f27!3m1!1s2@1:CIHM0ogKEICAgICn7KuSxgE%7C%7C?hl=zh-TW,primary,latest_annotation,2026-05-01T17:10:55.992515+00:00
4036391aeb5cde57746729ae,半島鐵盒茶餐廳,lily yen,,4,"鳳爪排骨煲仔飯$95 只有肉跟飯菜一兩片，鳳爪有點沙茶的味道？煲仔飯吃不到鍋巴
牛肉滑腸粉$90 粉漿的感覺蠻重的，加醬吃起來還不錯，腸粉是週末限定
最好先打電話訂位
若只吃個主餐還算平價，要加小點的，一人平均大概要三百？",https://www.google.com/maps/reviews/data=!4m8!14m7!1m6!2m5!1sChZDSUhNMG9nS0VJQ0FnSURwdlkzc0NREAE!2m1!1s0x0:0xcce150aa8ec0ce1f!3m1!1s2@1:CIHM0ogKEICAgIDpvY3sCQ%7C%7C?hl=zh-TW,primary,latest_annotation,2026-04-26T18:55:18.785443+00:00
9ae791736baaa56d6ef6ada0,天天鮮排骨飯,Yui,,5,網路評價大多說偏油，實際吃還在我的接受範圍內。他的油是油香不會膩，而且炸蝦仁非常好吃，建議11:30前就來排隊,https://www.google.com/maps/reviews/data=!4m8!14m7!1m6!2m5!1sChZDSUhNMG9nS0VJQ0FnTUNRNE9UOWRBEAE!2m1!1s0x0:0xe7f77ca7fcd28b54!3m1!1s2@1:CIHM0ogKEICAgMCQ4OT9dA%7C%7C?hl=zh-TW,primary,latest_annotation,2026-04-26T19:15:18.681207+00:00
d5246dffd6c921a96490d96d,阿信豆漿,LEO LIAW,,4,基隆孝三路阿信豆漿是帶有碳燒味的豆漿，燒餅油條是軟Q紮實的口感，韭菜水煎包好吃😋,https://www.google.com/maps/reviews/data=!4m8!14m7!1m6!2m5!1sChdDSUhNMG9nS0VJQ0FnSUNGOWF5UnFBRRAB!2m1!1s0x0:0x83631fc6e6117cd7!3m1!1s2@1:CIHM0ogKEICAgICF9ayRqAE%7C%7C?hl=zh-TW,primary,latest_annotation,2026-05-02T16:34:14.332122+00:00
b01485c72c6483a9ba3470cc,安樓咖啡 (Enzo Cafe),Janice Kuo,,5,"在基隆廟口夜市附近而已，吃完直接走去吃夜市超方便！內用低消一杯飲品，位置總共有兩層可以入座，很酷的是用電梯送餐上桌🙌🏻(不然依照樓梯的窄度我可能會端餐端的膽戰心驚🤣）

當天點了巴斯克和抹茶千層，千層蛋糕吃到最後有點小膩，巴斯克滿濃郁，普通偏中上，但是飲品類蠻不錯：#烤黑糖牛奶 大推，完全不會過甜，拿鐵不只香氣很夠，喝起來也很順口～",https://www.google.com/maps/reviews/data=!4m8!14m7!1m6!2m5!1sChZDSUhNMG9nS0VJQ0FnSUNodGNhMVZ3EAE!2m1!1s0x0:0x247b150ff20127e9!3m1!1s2@1:CIHM0ogKEICAgIChtca1Vw%7C%7C?hl=zh-TW,primary,latest_annotation,2026-05-04T07:39:27.540472+00:00
5aa126a0c1632e4b51635ca4,雲水食堂 yunshuikitchen|2025台北國際牛肉麵金牌獎|臺北牛肉麵推薦|萬華牛肉麵推薦|臺北美食推薦|萬華美食推薦|艋舺美食推薦beefnoodlesoup,飛航模式,,1,"吃過很多牛肉麵，自己也會煮
，這個湯頭都是醬油味很鹹，幾乎沒有牛油香味，也沒飄牛油？why?
我自己煮，湯也不會乾淨到都不漂牛油欸

然後麵條是便宜的白麵條？？？
不是手工拉麵？

370/碗，我只有吃牛肉
湯很詭異，不敢喝，麵沒胃口

這個評價這麼高？不敢恭維",https://www.google.com/maps/reviews/data=!4m8!14m7!1m6!2m5!1sCi9DQUlRQUNvZENodHljRjlvT210TWRFbG1MUzF0T0ZobmFsUXRTWFIwUlZOdldrRRAB!2m1!1s0x0:0xa012276bd87d0546!3m1!1s2@1:CAIQACodChtycF9oOmtMdElmLS1tOFhnalQtSXR0RVNvWkE%7C%7C?hl=zh-TW,primary,latest_annotation,2026-05-10T14:47:09.365664+00:00
d2a1e33009df3725a3027c39,人家是女生,林詩庭,,3,"老宅改造，店門口有很多植物、花窗、店內的花磚等都很漂亮~而且還是罷免連署站！
店內座位不大，若是帶大包包可能沒地方放，店家提供放包包的籃子是草莓藍，稍嫌太淺沒什麼放置收納的功能。
餐點部分店家選用的麵包很好吃，蔬菜沙拉的調味酸甜味明顯，主食肉類推雞腿類，當天點的焗烤薯泥吐司配的水煮蛋蛋白部分不是很熟就沒吃完，菜單上主食大部分都搭水潤餅，只是我不是水潤餅的粉絲😅",https://www.google.com/maps/reviews/data=!4m8!14m7!1m6!2m5!1sChZDSUhNMG9nS0VJQ0FnTURvbEwteENREAE!2m1!1s0x0:0x968604a5962a72b7!3m1!1s2@1:CIHM0ogKEICAgMDolL-xCQ%7C%7C?hl=zh-TW,primary,latest_annotation,2026-05-03T08:35:05.011176+00:00
80d751931cfe51b1b6c5b2e0,水樂日式食堂,觀察員,,5,好吃便宜的日本料理，喜歡,https://www.google.com/maps/reviews/data=!4m8!14m7!1m6!2m5!1sChZDSUhNMG9nS0VJQ0FnSUNBMDduYmJnEAE!2m1!1s0x0:0xa2539433ee871591!3m1!1s2@1:CIHM0ogKEICAgICA07nbbg%7C%7C?hl=zh-TW,primary,latest_annotation,2026-04-26T19:34:40.433217+00:00
29bdb73e138755b0891e4574,飛月小館,Vincent Tseng,,5,有畫星的推薦菜色，都非常好吃和下飯,https://www.google.com/maps/reviews/data=!4m8!14m7!1m6!2m5!1sChdDSUhNMG9nS0VJQ0FnSUNTcUpPYmdRRRAB!2m1!1s0x0:0x1291ab0f19727189!3m1!1s2@1:CIHM0ogKEICAgICSqJObgQE%7C%7C?hl=zh-TW,primary,latest_annotation,2026-05-02T08:39:55.482389+00:00
99b558c45386096860e4c40d,長腳麵食,沈志威,,5,生意越來越好了想吃古早味，來就對了，CP值超高,https://www.google.com/maps/reviews/data=!4m8!14m7!1m6!2m5!1sChdDSUhNMG9nS0VJQ0FnSUNwdE1uN3pBRRAB!2m1!1s0x0:0xc7473ce0f30ad3a1!3m1!1s2@1:CIHM0ogKEICAgICptMn7zAE%7C%7C?hl=zh-TW,primary,latest_annotation,2026-05-02T16:37:45.412123+00:00
f9021c63a1275580feb858c5,三奇壹號咖啡館&築甜製菓 (基隆好食城店),Winnie Wang,,5,二樓景觀寬闊，美式咖啡☕️好喝。週間來人不多舒服。,https://www.google.com/maps/reviews/data=!4m8!14m7!1m6!2m5!1sChZDSUhNMG9nS0VJQ0FnSUR2dkxhc0V3EAE!2m1!1s0x0:0xe007740ec77cdd3e!3m1!1s2@1:CIHM0ogKEICAgIDvvLasEw%7C%7C?hl=zh-TW,primary,latest_annotation,2026-04-24T16:09:19.274658+00:00
2908f9f058b76b483c19b6db,隱家茶寮 基隆雨都篇,Charlene Wu,,5,"咖哩炸豬排好吃！
蘿蔔泥唐揚炸雞飯非常清爽，也很好吃！推推！
抹茶乳酪整體口感平衡的很好，抹茶跟乳酪誰都不搶戲，好吃！
每一個附餐都不馬虎，很有水準！連紅茶都不會苦澀很順口！
服務人員服務也非常好！",https://www.google.com/maps/reviews/data=!4m8!14m7!1m6!2m5!1sChdDSUhNMG9nS0VJQ0FnSUNqNy1tNHlRRRAB!2m1!1s0x0:0xf1d68b00273f21b2!3m1!1s2@1:CIHM0ogKEICAgICj7-m4yQE%7C%7C?hl=zh-TW,primary,latest_annotation,2026-06-24T02:43:08.050062+00:00
f2ee071f91004f589a617ff2,小鴨片,CC C,,4,店內環境乾淨，出餐速度還算快，烤鴨薄餅的所有食材都幫你弄的很好，該包好的該給的都有，盒子整個帶到家依然都沒有異位。炒鴨骨是乾式的，調味的剛剛好，胡椒九層塔味道完整包覆著鴨骨頭們，單吃配啤酒配飲料都超搭。,https://www.google.com/maps/reviews/data=!4m8!14m7!1m6!2m5!1sCi9DQUlRQUNvZENodHljRjlvT21wcFNHbEVZbWs1Ymw5ek56RmpSMm95TVU1alJtYxAB!2m1!1s0x0:0x515ce2a573daaa6e!3m1!1s2@1:CAIQACodChtycF9oOmppSGlEYmk5bl9zNzFjR2oyMU5jRmc%7C%7C?hl=zh-TW,primary,latest_annotation,2026-04-26T19:28:51.67321+00:00
31465b7efaf43ab66c492a15,九層塔蒸籠海鮮火鍋,孟孟,,5,"二訪，海鮮真的很新鮮
忍不住再來一次👍

老闆也很實在，
不會一直亂推銷，
建議我們點吃得完的量",https://www.google.com/maps/reviews/data=!4m8!14m7!1m6!2m5!1sChZDSUhNMG9nS0VJQ0FnSURtdDcyLVlREAE!2m1!1s0x0:0x80aef709afae771a!3m1!1s2@1:CIHM0ogKEICAgIDmt72-YQ%7C%7C?hl=zh-TW,primary,latest_annotation,2026-05-03T08:18:23.447621+00:00
b73915b79bad32bd3e5452a6,客家小館,WD L,,4,一個大人大概吃500-600元，可以很飽，很多東西要先預訂，生意很好，不預訂很容易賣完,https://www.google.com/maps/reviews/data=!4m8!14m7!1m6!2m5!1sCi9DQUlRQUNvZENodHljRjlvT21GNWRrUlVjM2hUT1hKNFFXTndNM0JKZWxNdGJFRRAB!2m1!1s0x0:0xf0cda9aeeaa0a7c7!3m1!1s2@1:CAIQACodChtycF9oOmF5dkRUc3hTOXJ4QWNwM3BJelMtbEE%7C%7C?hl=zh-TW,primary,latest_annotation,2026-05-04T13:49:18.026094+00:00
7716489b4931c18a73d8f001,莎瓦迪卡海鮮.泰,Kent Ma,,5,"圓桌有10或是20包廂，還有一個12人長桌。
餐點的口味基本上都不錯，個人覺得綠咖哩牛，烤牛小排，打拋豬，金錢蝦餅，烤羅望豬都不錯。其他還可以的像是瑪莎曼咖哩雞，青木瓜沙拉，涼拌海鮮。需要的預定烤全雞，火山排骨，黃咖哩螃蟹也都很不錯。",https://www.google.com/maps/reviews/data=!4m8!14m7!1m6!2m5!1sChZDSUhNMG9nS0VJQ0FnTUNncFBmRk9REAE!2m1!1s0x0:0x75eb42d2331ab810!3m1!1s2@1:CIHM0ogKEICAgMCgpPfFOQ%7C%7C?hl=zh-TW,primary,latest_annotation,2026-05-10T14:44:56.301947+00:00
49b9f50124359810ee0c8ed1,泰舍泰式料理-基隆店,Wendy Liu,,5,"母親節來此用餐、環境不錯、菜色還行
佈置的蠻美的、服務員服務不錯👍
到是有個女服務員酷酷的、沒啥溫暖感覺",https://www.google.com/maps/reviews/data=!4m8!14m7!1m6!2m5!1sChdDSUhNMG9nS0VNYXZrWnVaNE1fR3pRRRAB!2m1!1s0x0:0xad22c8e3991c03fb!3m1!1s2@1:CIHM0ogKEMavkZuZ4M_GzQE%7C%7C?hl=zh-TW,primary,latest_annotation,2026-05-26T10:15:44.757673+00:00
450aaa8ad425db2f2062f09d,基隆簡家蚵仔煎,cheng-hao Pao,,3,口味這種事情，百人百味，但當燒賣賣完的時候，老闆願意將最後一顆賣給我，我想應該可以算他服務可以。,https://www.google.com/maps/reviews/data=!4m8!14m7!1m6!2m5!1sCi9DQUlRQUNvZENodHljRjlvT2tsS1dYTjJXSGhtVEMxbk9UVXlNeTFQUlRsb2EwRRAB!2m1!1s0x0:0xb46b1f6ea255da9f!3m1!1s2@1:CAIQACodChtycF9oOklKWXN2WHhmTC1nOTUyMy1PRTloa0E%7C%7C?hl=zh-TW,primary,latest_annotation,2026-06-23T14:25:19.55166+00:00
018730c5e2304bfb17733f67,金衛亭浮誇壽司樂群町二代目,Yun Chang,,5,一切都很浮誇，從廁所的可愛小洗手盆到繽紛奪目的裝潢，還有菜單與餐點⋯都很豐富、吸睛，價格略貴，停車有點不方便，用餐場地沒有很大，充滿日式風韻，惟紅蝦味噌湯的蝦頭⋯滿生鮮味⋯,https://www.google.com/maps/reviews/data=!4m8!14m7!1m6!2m5!1sChdDSUhNMG9nS0VJQ0FnSURGMmNQNm9BRRAB!2m1!1s0x0:0x7471566155dbf28e!3m1!1s2@1:CIHM0ogKEICAgIDF2cP6oAE%7C%7C?hl=zh-TW,primary,latest_annotation,2026-05-04T05:32:12.134866+00:00
4039e81168ee7d297ee6709d,水樂日式食堂,Minnie Lee,,2,"壽司不錯
但是臉色臭",https://www.google.com/maps/reviews/data=!4m8!14m7!1m6!2m5!1sChdDSUhNMG9nS0VJQ0FnSURyOC1IdS13RRAB!2m1!1s0x0:0xa2539433ee871591!3m1!1s2@1:CIHM0ogKEICAgIDr8-Hu-wE%7C%7C?hl=zh-TW,primary,latest_annotation,2026-04-26T19:37:07.684755+00:00
865f8da826310faff3243a79,昨日花卷跨界好食,林敬翔,,5,假日週邊停車場要排隊蠻久的，餐點好吃呦！,https://www.google.com/maps/reviews/data=!4m8!14m7!1m6!2m5!1sCi9DQUlRQUNvZENodHljRjlvT2pSSFZrZzFabFpCYUZwSlFWZFVha0pYYlRKcllrRRAB!2m1!1s0x0:0xd113996f14065f69!3m1!1s2@1:CAIQACodChtycF9oOjRHVkg1ZlZBaFpJQVdUakJXbTJrYkE%7C%7C?hl=zh-TW,primary,latest_annotation,2026-05-10T14:00:37.289133+00:00
262f756ec28fabfa7e3e69f2,安樓咖啡 (Enzo Cafe),孫新銘,,5,玫瑰拿鐵跟各式甜點，都好吃極了,https://www.google.com/maps/reviews/data=!4m8!14m7!1m6!2m5!1sChZDSUhNMG9nS0VJQ0FnTURJbTUzU1B3EAE!2m1!1s0x0:0x247b150ff20127e9!3m1!1s2@1:CIHM0ogKEICAgMDIm53SPw%7C%7C?hl=zh-TW,primary,latest_annotation,2026-05-04T07:36:44.623365+00:00
ad9fdb3d0371002e987c6c89,醉衍居 居酒屋いざかや_永和店,張采穎,,5,環境好、餐點也好吃、服務也棒棒的,https://www.google.com/maps/reviews/data=!4m8!14m7!1m6!2m5!1sCi9DQUlRQUNvZENodHljRjlvT2xScFVUTTNXVkl4WDJSSFUwSnhWVUZpYkVrMlRXYxAB!2m1!1s0x0:0x5a59d3b31380ae2a!3m1!1s2@1:CAIQACodChtycF9oOlRpUTM3WVIxX2RHU0JxVUFibEk2TWc%7C%7C?hl=zh-TW,primary,latest_annotation,2026-06-23T15:49:40.792604+00:00
5a62cd5188504d3701508fed,古早風味甕仔雞,joyce佳茹,,2,口味太鹹，最誇張的事 結帳後因櫃檯人員作業疏失結錯桌號 結帳過程中還請另一位員工確認飲料瓶數後還可以把室內桌結到外桌，整個過程中卻未有一絲道歉的意思 ，這樣服務品質真的會讓人止步,https://www.google.com/maps/reviews/data=!4m8!14m7!1m6!2m5!1sCi9DQUlRQUNvZENodHljRjlvT21oU2F6Qk1RV0p2U2pSeVMyaERTa1o1U2pCU09GRRAB!2m1!1s0x0:0x948a9b3566a9ca8c!3m1!1s2@1:CAIQACodChtycF9oOmhSazBMQWJvSjRyS2hDSkZ5SjBSOFE%7C%7C?hl=zh-TW,primary,latest_annotation,2026-04-26T18:59:46.351453+00:00
4f23f4e709f3c694f5c7d354,九層塔蒸籠海鮮火鍋,小三,,5,"第二次選擇在這邊聚餐
老闆服務超好的
食材挺新鮮的
生蠔沒有腥味",https://www.google.com/maps/reviews/data=!4m8!14m7!1m6!2m5!1sChdDSUhNMG9nS0VJQ0FnSUNKbUliRTlnRRAB!2m1!1s0x0:0x80aef709afae771a!3m1!1s2@1:CIHM0ogKEICAgICJmIbE9gE%7C%7C?hl=zh-TW,primary,latest_annotation,2026-05-03T08:17:50.609319+00:00
a1c3948b7dd9efbee751cbf4,私嶼 private island,5⃣1⃣7⃣,,5,"份量比預想的大😳
點了辣番茄牛頰肉醬大水管麵，
牛頰肉超嫩，餐點都很好吃！",https://www.google.com/maps/reviews/data=!4m8!14m7!1m6!2m5!1sChZDSUhNMG9nS0VPTDJqN0xzbDhINU93EAE!2m1!1s0x0:0xbe717676b94be98f!3m1!1s2@1:CIHM0ogKEOL2j7Lsl8H5Ow%7C%7C?hl=zh-TW,primary,latest_annotation,2026-05-04T05:45:51.736065+00:00
3dbf7e85690d6acdd8544b9e,古月香熬粹牛肉麵,蘇憲章,,4,"味道濃郁，湯頭建議點中會剛好。
筋，肉，牛肚燉的軟嫩。
吉古拉的配醬感覺很輕爽帶點微辣。",https://www.google.com/maps/reviews/data=!4m8!14m7!1m6!2m5!1sChdDSUhNMG9nS0VJQ0FnTUNvLUxydXFRRRAB!2m1!1s0x0:0xb8c85b74b01f85bc!3m1!1s2@1:CIHM0ogKEICAgMCo-LruqQE%7C%7C?hl=zh-TW,primary,latest_annotation,2026-04-26T19:02:43.021252+00:00
b03e4c62eee4cdcfa503f4d1,阿石兄生魚片專賣店（永和總店）,彭心薇,,5,"超好吃👍份量也超足 蝦濃味增海陸湯麵湯頭超濃，加點小辣味道更有層次感了！
一定會再回訪❤️❤️",https://www.google.com/maps/reviews/data=!4m8!14m7!1m6!2m5!1sCi9DQUlRQUNvZENodHljRjlvT21KSGVFaG5jbEJ2VkZvME4xVmpSMnRZZGs5VWRGRRAB!2m1!1s0x0:0x863dd1d50422448c!3m1!1s2@1:CAIQACodChtycF9oOmJHeEhnclBvVFo0N1VjR2tYdk9UdFE%7C%7C?hl=zh-TW,primary,latest_annotation,2026-05-02T15:59:34.437499+00:00
69480fae4a235c8c08695aa5,半島鐵盒茶餐廳,張小姐,,4,"平價、不油膩、份量足，吃飽不吃巧的港式料理
最愛炒粄很香，蠔油芥藍有點燙過頭，雲吞魚翅湯蠻特別的可是本人覺得還好而已！",https://www.google.com/maps/reviews/data=!4m8!14m7!1m6!2m5!1sChZDSUhNMG9nS0VJQ0FnSURteU02OFZBEAE!2m1!1s0x0:0xcce150aa8ec0ce1f!3m1!1s2@1:CIHM0ogKEICAgIDmyM68VA%7C%7C?hl=zh-TW,primary,latest_annotation,2026-04-26T18:54:43.389096+00:00
c0b9927893a16bb7985aca2f,味萊坊,Emma Lai (可愛EMMA),,5,"好吃，老闆很親切☺️
離基隆車站很近，走路5分鐘左右就抵達
第一次來這吃，問老闆，老闆說紅燒好吃
我就點了「紅燒麵疙瘩」
不會辣，加酸菜超好吃，蘿蔔入口即化
非常推薦吃素的朋友來基隆一定要吃",https://www.google.com/maps/reviews/data=!4m8!14m7!1m6!2m5!1sChdDSUhNMG9nS0VJQ0FnSURjOEpISXJ3RRAB!2m1!1s0x0:0x1d40304ee591a7af!3m1!1s2@1:CIHM0ogKEICAgIDc8JHIrwE%7C%7C?hl=zh-TW,primary,latest_annotation,2026-05-04T13:19:51.478122+00:00
e31d0508da0b868eec855356,古月香熬粹牛肉麵,湯鎮瑋,,5,牛肉麵非常好吃，服務人員非常貼心,https://www.google.com/maps/reviews/data=!4m8!14m7!1m6!2m5!1sCi9DQUlRQUNvZENodHljRjlvT2t0cVYyVldNMmxVTTE5Sk5YcFBTRmhoVmpaV2RYYxAB!2m1!1s0x0:0xb8c85b74b01f85bc!3m1!1s2@1:CAIQACodChtycF9oOktqV2VWM2lUM19JNXpPSFhhVjZWdXc%7C%7C?hl=zh-TW,primary,latest_annotation,2026-04-26T19:03:02.700516+00:00
308baff738cdb7d8a76847ce,長腳麵食,Chi,,5,"‼️只可現金

🥢乾麵 $30
油蔥加豬油調味，簡單的好味道💛

🥣扁食湯 $30
扁食是小顆的滿夠味，湯頭味道不重建議再加胡椒提味，整體中規中矩有胃的話再點

🐽豬腳 $80
肥瘦都有，瘦的地方吃起來也不會太柴👌

◻️滷豆腐 $20
一共兩塊，滷的超入味必點👍",https://www.google.com/maps/reviews/data=!4m8!14m7!1m6!2m5!1sChdDSUhNMG9nS0VJQ0FnSUNfX2VyaHVRRRAB!2m1!1s0x0:0xc7473ce0f30ad3a1!3m1!1s2@1:CIHM0ogKEICAgIC__erhuQE%7C%7C?hl=zh-TW,primary,latest_annotation,2026-05-02T16:36:09.332942+00:00
acae9765ed00fa255ddf6138,東家館,郭雪芬,,5,尋覓了40年前隔壁騎樓賣的餛飩湯味道，想不到真的在這裡找到！太開心🥳食物美味，空間舒適，服務親切，價格平實，真的大推哦！,https://www.google.com/maps/reviews/data=!4m8!14m7!1m6!2m5!1sChZDSUhNMG9nS0VJQ0FnSUNDNTg3SktREAE!2m1!1s0x0:0x5056cbb3d869a7dc!3m1!1s2@1:CIHM0ogKEICAgICC587JKQ%7C%7C?hl=zh-TW,primary,latest_annotation,2026-05-02T17:47:07.068097+00:00
1594eb66db270c8fae26afe0,佐原拉麵,KH,,5,老闆很熱情，在學校附近很好吃的拉麵,https://www.google.com/maps/reviews/data=!4m8!14m7!1m6!2m5!1sCi9DQUlRQUNvZENodHljRjlvT2swMlRFaDVhRkp4VUhWRWFGQmtPR1I1Um1JNFJVRRAB!2m1!1s0x0:0x1c7ae8968f77b1a6!3m1!1s2@1:CAIQACodChtycF9oOk02TEh5aFJxUHVEaFBkOGR5RmI4RUE%7C%7C?hl=zh-TW,primary,latest_annotation,2026-04-26T18:43:19.567704+00:00
c33dd8ffb65c4d9b3dc3bd59,三坑菜頭滷,許校長,,4,辣醬，醬油膏等沾醬，絕對要另外裝小碟，不要淋在菜頭滷的碗公內！,https://www.google.com/maps/reviews/data=!4m8!14m7!1m6!2m5!1sCi9DQUlRQUNvZENodHljRjlvT2xOUE0zVjFia1Z4TmpSQldtcExhRXBuTlZsMVNWRRAB!2m1!1s0x0:0x5e2581429c2d9317!3m1!1s2@1:CAIQACodChtycF9oOlNPM3V1bkVxNjRBWmpLaEpnNVl1SVE%7C%7C?hl=zh-TW,primary,resolution,2026-04-20T10:04:52.081041+00:00
494c29ed655c0909473fc7e7,長腳麵食,TARK HCW,,4,乾麵普通，餛飩湯還不錯，不是那種爛爛的皮；豬腳跟吉古拉可以點來吃吃看，價格不會太貴。內用通常需要併桌，人潮很多需要排隊，餐點也需要等一下。,https://www.google.com/maps/reviews/data=!4m8!14m7!1m6!2m5!1sCi9DQUlRQUNvZENodHljRjlvT2tZNGVrVm1WRkU1TjBKdmRsaE1iamhXUm10b1JrRRAB!2m1!1s0x0:0xc7473ce0f30ad3a1!3m1!1s2@1:CAIQACodChtycF9oOkY4ekVmVFE5N0JvdlhMbjhWRmtoRkE%7C%7C?hl=zh-TW,primary,latest_annotation,2026-05-02T16:39:28.035441+00:00
601bb6e27fdcbe6e9c1af92d,八蒔鐵板燒,鄧雅鈞（Lily）,,5,"很用心的鐵板燒
還有漂亮擺盤，讓人特別有食慾
重點是食物料理得很好吃
海鮮也很新鮮耶！",https://www.google.com/maps/reviews/data=!4m8!14m7!1m6!2m5!1sChdDSUhNMG9nS0VJQ0FnSUNwNmF5RGxBRRAB!2m1!1s0x0:0x4aade7062b32c160!3m1!1s2@1:CIHM0ogKEICAgICp6ayDlAE%7C%7C?hl=zh-TW,primary,latest_annotation,2026-04-26T18:50:01.254535+00:00
1fbf30dc8c12789f5c99c32f,花宅HanaTaku,Una,,5,"無菜單調酒 店家主推茶酒
會詢問酒感跟喜歡怎樣調性的酒
酸甜水果等等
不是很懂基底酒
但是想喝店家招牌
所以推薦了一杯類似凍檸茶的調酒
酒感選擇適中
剛好店家也沒有用到我不喜歡的基酒
那杯還不錯喝
朋友比較少喝酒
只怕有茶睡不著，店家推薦水果調酒
但沒詢問她酒感要多重
個人比較覺得她的酒感比我的重
但也是好喝的(葡萄)
朋友也說還可以
然後有個貼心的服務是，本人身高不高
吧台椅較高
上座後店家幫我把椅子向前靠，謝謝🙂",https://www.google.com/maps/reviews/data=!4m8!14m7!1m6!2m5!1sChZDSUhNMG9nS0VJQ0FnSUQ3eWJYVkpnEAE!2m1!1s0x0:0xdc2e6095de622f27!3m1!1s2@1:CIHM0ogKEICAgID7ybXVJg%7C%7C?hl=zh-TW,primary,latest_annotation,2026-05-01T17:13:03.464125+00:00
2fe788bf940bf4164bf9a917,良作居食屋(公休日以公告為主),Lydia C,,5,"感覺比較台式的居酒屋，現場在播放基隆耶誕年終演唱會😂
午仔魚一夜干、炸麻吉推薦。",https://www.google.com/maps/reviews/data=!4m8!14m7!1m6!2m5!1sCi9DQUlRQUNvZENodHljRjlvT2xOTmJqTkNXVXhWWkZGWVVqRmpXbkZMV1hCcFFYYxAB!2m1!1s0x0:0x90a0024a89fed0ce!3m1!1s2@1:CAIQACodChtycF9oOlNNbjNCWUxVZFFYUjFjWnFLWXBpQXc%7C%7C?hl=zh-Hant,primary,latest_annotation,2026-06-24T05:57:12.529534+00:00
e61f22065ccb6f2475c4ce99,飛月小館,謝侁璋（John）,,5,永和區知名的餐廳，主打台菜、客家菜，餐點種類多而且價位平實合理，菜色味道好而且份量不少，店內桌數少加上座位不多，員工也少，因廚師人數不多上菜速度較慢，強烈建議用餐前要訂位而且順便先點菜。,https://www.google.com/maps/reviews/data=!4m8!14m7!1m6!2m5!1sChZDSUhNMG9nS0VJQ0FnSUNjdmRxY0dBEAE!2m1!1s0x0:0x1291ab0f19727189!3m1!1s2@1:CIHM0ogKEICAgICcvdqcGA%7C%7C?hl=zh-TW,primary,latest_annotation,2026-05-02T08:35:33.874395+00:00
c4d8754fe35c6d5593bc1fc9,Twozzim韓國燉雞-台北信義店,周詩婕,,4,玫瑰奶油燉雞(半雞、無辣)，基本會附的料是馬鈴薯、雞肉(帶皮)、洋蔥、年糕。本人本來就喜愛韓式泡麵口味，所以這個玫瑰口味的醬，對我來說是好吃，唯一可惜的是因為另一半不吃辣，所以無法嘗試辣味。下次有機會的話，可以點點看加辣又加起士(？)雞肉不會柴，年糕也不會太軟或硬，不過馬鈴薯很大塊，覺得可以在煮軟些。座位有些近～這樣,https://www.google.com/maps/reviews/data=!4m8!14m7!1m6!2m5!1sCi9DQUlRQUNvZENodHljRjlvT21odlVHcG1WbkJrYTA4d1ZGbGtPVEl0VVhCaVRXYxAB!2m1!1s0x0:0x2d1ec8ba1257497e!3m1!1s2@1:CAIQACodChtycF9oOmhvUGpmVnBka08wVFlkOTItUXBiTWc%7C%7C?hl=zh-TW,primary,latest_annotation,2026-05-10T16:39:20.992938+00:00
3994259e2c75ad290eb3005e,上海未名麵點酸梅湯,姜姜,,5,"人山人海人潮絡繹不絕
不過店家的服務態度仍然好好喔
真的是很讓人很舒服

湯頭清爽又好吃
搭配重口味的小吃真的是絕配
點麵會另外附上辣椒、韭菜真的是ㄧ絕
拜託你一定要吃",https://www.google.com/maps/reviews/data=!4m8!14m7!1m6!2m5!1sCi9DQUlRQUNvZENodHljRjlvT21GMlozbGtMVlpwTFc5Zk1XSmZiamh1UWxadU4wRRAB!2m1!1s0x0:0x6dd0e0dfcc5e03ad!3m1!1s2@1:CAIQACodChtycF9oOmF2Z3lkLVZpLW9fMWJfbjhuQlZuN0E%7C%7C?hl=zh-TW,primary,latest_annotation,2026-04-24T16:30:46.552112+00:00
bf620a656e500c5d378cff86,客家小館,Jacky Yao,,4,"雖名為客家小館，但從一進門的頭盆菜看起來，就覺得是一家江浙菜館，經詢問後被告知，因老闆為客家人，所以取名維客家小館。但從菜單上看來，江浙菜應該佔70%左右，所以是一間混合菜系餐廳。
冷菜品嚐了四喜烤麩，蔥㸆鯽魚，乾煸四季豆，羊角椒鑲肉。菜品與口味是很熟悉江浙風味，調味適中火候到位。
主菜中有點了客家小炒，豆乾與豪邁的肉絲都先經過了油炸，兩者都有酥脆口感，五花肉絲也有炸出豬油渣的油香位，雖並非傳統客家小炒的風味，但可以接受。蔥㸆排骨入味軟爛，唯有鹹冬瓜牛肋，跟想像的有些差距，但仍是中規中矩的做法與調味。
有機會的話還會再次回訪。",https://www.google.com/maps/reviews/data=!4m8!14m7!1m6!2m5!1sCi9DQUlRQUNvZENodHljRjlvT2poSWJIa3habHBaYW1ScE5FaEpkMVZRTlhoUVluYxAB!2m1!1s0x0:0xf0cda9aeeaa0a7c7!3m1!1s2@1:CAIQACodChtycF9oOjhIbHkxZlpZamRpNEhJd1VQNXhQYnc%7C%7C?hl=zh-TW,primary,latest_annotation,2026-05-04T13:50:11.014708+00:00
9544715a0db637242af4bc6d,叁男燒肉酒場本舖,吳柳頷,,5,老闆很熱情❤️好吃😋,https://www.google.com/maps/reviews/data=!4m8!14m7!1m6!2m5!1sCi9DQUlRQUNvZENodHljRjlvT21GallteHdTWE5aUm5OaWVFdGZZMnRyUW1ORlRHYxAB!2m1!1s0x0:0x778d3a09636e5eac!3m1!1s2@1:CAIQACodChtycF9oOmFjYmxwSXNZRnNieEtfY2trQmNFTGc%7C%7C?hl=zh-TW,secondary,latest_annotation,2026-06-23T07:46:03.556004+00:00
3716d6bd6afc07b1e0eeab32,半島鐵盒茶餐廳,Yeh Bill,,5,太好吃了！,https://www.google.com/maps/reviews/data=!4m8!14m7!1m6!2m5!1sCi9DQUlRQUNvZENodHljRjlvT2w5a01uUnVUMjltVG1GZmR6aDFWbVl5VXpJM2MzYxAB!2m1!1s0x0:0xcce150aa8ec0ce1f!3m1!1s2@1:CAIQACodChtycF9oOl9kMnRuT29mTmFfdzh1VmYyUzI3c3c%7C%7C?hl=zh-TW,secondary,resolution,2026-05-06T17:47:14.254720+00:00
3a4553ae609b8ff57c13cc72,川崎拉麵,Coolber Chen,,4,在地好滋味,https://www.google.com/maps/reviews/data=!4m8!14m7!1m6!2m5!1sChZDSUhNMG9nS0VMLUs0YzdQX0lPbVRREAE!2m1!1s0x0:0x4e9cd2a9248d9063!3m1!1s2@1:CIHM0ogKEL-K4c7P_IOmTQ%7C%7C?hl=zh-TW,secondary,resolution,2026-05-04T13:56:09.832895+00:00
ec256bd0529e721a3c629706,禾作食堂,00 zero,,2,建議google營業狀態改下,https://www.google.com/maps/reviews/data=!4m8!14m7!1m6!2m5!1sCi9DQUlRQUNvZENodHljRjlvT2s1SlowMVdielZ4U1ZsQldVNDBaRUpoUlVGeFRtYxAB!2m1!1s0x0:0x911e8565139ea55e!3m1!1s2@1:CAIQACodChtycF9oOk5JZ01WbzVxSVlBWU40ZEJhRUFxTmc%7C%7C?hl=zh-TW,secondary,latest_annotation,2026-05-10T14:08:38.512348+00:00
2967fa4382f6dfd935afe470,芭頱霸-甘草芭樂現切水果,LING,,5,芭樂超級好吃 經過必買😋😋😋,https://www.google.com/maps/reviews/data=!4m8!14m7!1m6!2m5!1sCi9DQUlRQUNvZENodHljRjlvT2s1bmRqazBNRmxyYkZGT2VVMUxWR0owV2xjeFEyYxAB!2m1!1s0x0:0xb16b896b61687b5c!3m1!1s2@1:CAIQACodChtycF9oOk5ndjk0MFlrbFFOeU1LVGJ0WlcxQ2c%7C%7C?hl=zh-TW,secondary,latest_annotation,2026-06-23T08:52:48.216565+00:00
44be7a49873118a7efe51aa5,芭頱霸-甘草芭樂現切水果,奇怪知識,,5,常常來買，很好吃,https://www.google.com/maps/reviews/data=!4m8!14m7!1m6!2m5!1sCi9DQUlRQUNvZENodHljRjlvT21wcGVXMUViMjl3YzI1eVIyUlFVa2hxVHpsMFNHYxAB!2m1!1s0x0:0xb16b896b61687b5c!3m1!1s2@1:CAIQACodChtycF9oOmppeW1Eb29wc25yR2RQUkhqTzl0SGc%7C%7C?hl=zh-TW,secondary,latest_annotation,2026-06-23T08:50:06.840414+00:00
95dedee576ef7f1aafb9cc07,法雅地中海,Roy Soros,,5,自從有人說燉飯長的像米糕後，我的視角就再也回不去了…,https://www.google.com/maps/reviews/data=!4m8!14m7!1m6!2m5!1sChdDSUhNMG9nS0VJQ0FnTUNRdktyNXdBRRAB!2m1!1s0x0:0x1d4e3d83ed6661e2!3m1!1s2@1:CIHM0ogKEICAgMCQvKr5wAE%7C%7C?hl=zh-TW,secondary,resolution,2026-05-06T18:26:59.228619+00:00
c5b5b48dd4a385b1ff1ae948,米個人燒肉新莊富國店,Doris Chiang,,5,第一次來吃看看！,https://www.google.com/maps/reviews/data=!4m8!14m7!1m6!2m5!1sCi9DQUlRQUNvZENodHljRjlvT21kTWIwaGxOa3d6VkVoWmVrOVVSR0pxWW5WVVpsRRAB!2m1!1s0x0:0x3fa19079c202b500!3m1!1s2@1:CAIQACodChtycF9oOmdMb0hlNkwzVEhZek9URGJqYnVUZlE%7C%7C?hl=zh-TW,secondary,latest_annotation,2026-05-31T10:57:06.154375+00:00
5a73f323e91fb620979421c4,夏隆咖啡 Shalom Cafe,ChinWei Yen,,5,在寧靜的小社區裡 享受悠閒的氣氛!!,https://www.google.com/maps/reviews/data=!4m8!14m7!1m6!2m5!1sChZDSUhNMG9nS0VJQ0FnSUNRbFlPN1dBEAE!2m1!1s0x0:0x52d2eb54ec831a85!3m1!1s2@1:CIHM0ogKEICAgICQlYO7WA%7C%7C?hl=zh-TW,secondary,latest_annotation,2026-05-10T18:03:07.837635+00:00
8d26f22a4f69d51088b7c45b,東家館,陳竑孝,,1,沒開不會改時間嗎？都到了這沒開,https://www.google.com/maps/reviews/data=!4m8!14m7!1m6!2m5!1sCi9DQUlRQUNvZENodHljRjlvT2paaVRrbGtNRWRQTlZaNlNuUlNibkZRUlVSdWFFRRAB!2m1!1s0x0:0x5056cbb3d869a7dc!3m1!1s2@1:CAIQACodChtycF9oOjZiTklkMEdPNVZ6SnRSbnFQRURuaEE%7C%7C?hl=zh-TW,secondary,latest_annotation,2026-05-02T17:44:50.986582+00:00
75e44e96c04174695f16414e,花宅HanaTaku,w wwIbyp,,5,愛了！暈了！北區顏值天花板！！！,https://www.google.com/maps/reviews/data=!4m8!14m7!1m6!2m5!1sChZDSUhNMG9nS0VJQ0FnSUNub0tyM1RnEAE!2m1!1s0x0:0xdc2e6095de622f27!3m1!1s2@1:CIHM0ogKEICAgICnoKr3Tg%7C%7C?hl=zh-TW,secondary,latest_annotation,2026-05-01T13:13:31.34051+00:00
2ddb104a8bd34b9aa16fa6d5,燒肉ChaCha 個人和牛燒肉-西門店,方莊,,5,適合一個人想吃燒肉時能來的店，自助吧總類豐富，還有8種酒可以暢飲，酒水還不用額外加價👍,https://www.google.com/maps/reviews/data=!4m8!14m7!1m6!2m5!1sCi9DQUlRQUNvZENodHljRjlvT2xKQ1QwTndOVmcxWDNCeU9FdFZiV1U0VHpVeFkzYxAB!2m1!1s0x0:0x6ddf38264b1390bb!3m1!1s2@1:CAIQACodChtycF9oOlJCT0NwNVg1X3ByOEtVbWU4TzUxY3c%7C%7C?hl=zh-TW,secondary,latest_annotation,2026-05-26T15:06:36.637508+00:00
6a9eaf4e09d03f065631f455,BirDining蔦飼料餐食料理,劉昀昇,,5,好吃,https://www.google.com/maps/reviews/data=!4m8!14m7!1m6!2m5!1sCi9DQUlRQUNvZENodHljRjlvT25sVVUxRkZPUzEwV1UxR2RsOXdjRU4wWWkxYU5FRRAB!2m1!1s0x0:0xaf68217566fe71ce!3m1!1s2@1:CAIQACodChtycF9oOnlUU1FFOS10WU1Gdl9wcEN0Yi1aNEE%7C%7C?hl=zh-TW,secondary,latest_annotation,2026-05-11T06:02:02.759605+00:00
d8e174ec566e9f5e726f7a35,長腳麵食,胡蝶,,4,豬腳、吉古拉、乾麵,https://www.google.com/maps/reviews/data=!4m8!14m7!1m6!2m5!1sCi9DQUlRQUNvZENodHljRjlvT2xOdWFFdDRhMkpNZW14MU1FRlRkbEpHYjFKT1luYxAB!2m1!1s0x0:0xc7473ce0f30ad3a1!3m1!1s2@1:CAIQACodChtycF9oOlNuaEt4a2JMemx1MEFTdlJGb1JOYnc%7C%7C?hl=zh-TW,secondary,latest_annotation,2026-05-02T16:37:29.538746+00:00
cdde4dfbde97574dd01191a4,半島鐵盒茶餐廳,顏金生,,5,正宗港點師傅,https://www.google.com/maps/reviews/data=!4m8!14m7!1m6!2m5!1sCi9DQUlRQUNvZENodHljRjlvT21OMmFsODVURlJNYTJFMkxUaE1NMkpDZG5kSWNVRRAB!2m1!1s0x0:0xcce150aa8ec0ce1f!3m1!1s2@1:CAIQACodChtycF9oOmN2al85TFRMa2E2LThMM2JCdndIcUE%7C%7C?hl=zh-TW,secondary,resolution,2026-05-06T17:46:22.750430+00:00
1ed83a101a4d870b0b91085b,炸牛元村 林口店,莓子,,5,很棒,https://www.google.com/maps/reviews/data=!4m8!14m7!1m6!2m5!1sCi9DQUlRQUNvZENodHljRjlvT2tkclF6bDFXa1ppWW1aRlVGQkxkbmhtWjFsVFlVRRAB!2m1!1s0x0:0x71d4a74c71ec8cbe!3m1!1s2@1:CAIQACodChtycF9oOkdrQzl1WkZiYmZFUFBLdnhmZ1lTYUE%7C%7C?hl=zh-TW,secondary,latest_annotation,2026-05-10T18:06:11.467319+00:00
d4381f9dd490efeb4a92c072,阿華炒麵,劉俊豪,,2,吃不慣,https://www.google.com/maps/reviews/data=!4m8!14m7!1m6!2m5!1sCi9DQUlRQUNvZENodHljRjlvT21SbmJsbG1WR3R1VlRCMWJrMXFWa1V3UlRWcVdGRRAB!2m1!1s0x0:0xcc39683c9dc7cd21!3m1!1s2@1:CAIQACodChtycF9oOmRnbllmVGtuVTB1bk1qVkUwRTVqWFE%7C%7C?hl=zh-TW,secondary,resolution,2026-05-06T18:51:05.553722+00:00
f271ca6a699c6479642d3e74,桃園市政府消防局第二大隊富岡分隊,Fei Yeh,,5,各位消防弟兄 辛苦了 謝謝你們的守護<br>但是 主公！你聽我說,https://www.google.com/maps/reviews/data=!4m8!14m7!1m6!2m5!1sCi9DQUlRQUNvZENodHljRjlvT2pkRlUxUXpWRk5XZVROUlR6Tk9TV2xVTkZkaFlsRRAB!2m1!1s0x0:0x398fa4cd19d75735!3m1!1s2@1:CAIQACodChtycF9oOjdFU1QzVFNWeTNRTzNOSWlUNFdhYlE%7C%7C?hl=zh-TW,secondary,latest_annotation,2026-06-23T08:37:19.181767+00:00
41963663b0907b070825fc55,基隆簡家蚵仔煎,張博亭,,5,熟悉的老味道,https://www.google.com/maps/reviews/data=!4m8!14m7!1m6!2m5!1sCi9DQUlRQUNvZENodHljRjlvT21SR1ZtTkJjbXBhZFhkU1pFNXFkVTFyTXpsaFdYYxAB!2m1!1s0x0:0xb46b1f6ea255da9f!3m1!1s2@1:CAIQACodChtycF9oOmRGVmNBcmpadXdSZE5qdU1rMzlhWXc%7C%7C?hl=zh-TW,secondary,latest_annotation,2026-06-23T14:23:40.889324+00:00
293bf9050664c896e0232fd1,邦彼諾 Bambino,David Wu,,5,好吃💯,https://www.google.com/maps/reviews/data=!4m8!14m7!1m6!2m5!1sCi9DQUlRQUNvZENodHljRjlvT2pkdlUxUTFUbmRLTW14NmNVSTNSM04zVmtWdE4wRRAB!2m1!1s0x0:0xb156bc601b90f70c!3m1!1s2@1:CAIQACodChtycF9oOjdvU1Q1TndKMmx6cUI3R3N3VkVtN0E%7C%7C?hl=zh-TW,secondary,latest_annotation,2026-06-24T02:56:37.857438+00:00
1aa8d20e71a04493e39a3573,習慣這家Café- 基隆廟口店,湯包,,5,餐點美味，服務很好👍🏼,https://www.google.com/maps/reviews/data=!4m8!14m7!1m6!2m5!1sCi9DQUlRQUNvZENodHljRjlvT2xSbVEyd3RRemxzVFRRelV6WjRSMUpZWm5KU1EzYxAB!2m1!1s0x0:0x146fdbc23fda209d!3m1!1s2@1:CAIQACodChtycF9oOlRmQ2wtQzlsTTQzUzZ4R1JYZnJSQ3c%7C%7C?hl=zh-TW,secondary,latest_annotation,2026-05-31T17:51:51.014215+00:00
422e5a891d6102e2346d4b71,隱家茶寮 基隆雨都篇,Jacky,,1,點個火鍋等超過半小時,https://www.google.com/maps/reviews/data=!4m8!14m7!1m6!2m5!1sCi9DQUlRQUNvZENodHljRjlvT21aS2JrVk9aSGhpZG5kNWJGQnlWMWhmVFZFMFVIYxAB!2m1!1s0x0:0xf1d68b00273f21b2!3m1!1s2@1:CAIQACodChtycF9oOmZKbkVOZHhidnd5bFByV1hfTVE0UHc%7C%7C?hl=zh-TW,secondary,latest_annotation,2026-06-24T02:41:38.14012+00:00
f36a9942defcca94665aa7df,炸牛元村 林口店,ELFIE'S WELTRAUM,,5,好吃！,https://www.google.com/maps/reviews/data=!4m8!14m7!1m6!2m5!1sCi9DQUlRQUNvZENodHljRjlvT2xoVFJtRm1hMHhDYVVreE9XVnBiemhJVjBobWJtYxAB!2m1!1s0x0:0x71d4a74c71ec8cbe!3m1!1s2@1:CAIQACodChtycF9oOlhTRmFma0xCaUkxOWVpbzhIV0hmbmc%7C%7C?hl=zh-TW,secondary,latest_annotation,2026-05-10T18:06:11.467713+00:00
2b91e36833988d25bff2b4bc,叁男燒肉酒場本舖,Chang保羅,,5,食材新鮮 好吃😋,https://www.google.com/maps/reviews/data=!4m8!14m7!1m6!2m5!1sCi9DQUlRQUNvZENodHljRjlvT25kdVZEbFRabVExZVRkcmVIZE9ORWw2Y2tWV1RuYxAB!2m1!1s0x0:0x778d3a09636e5eac!3m1!1s2@1:CAIQACodChtycF9oOnduVDlTZmQ1eTdreHdONEl6ckVWTnc%7C%7C?hl=zh-TW,secondary,latest_annotation,2026-06-23T07:49:35.098961+00:00
5f4e8d93481164c832ab8541,燒究食寓 萬華店 – 居酒屋｜宵夜｜串燒,EJ LIN,,5,"來慶祝生日吃飯招待一盤薯條～
地點很方便，捷運龍山寺站、萬華火車站出來3～5分鐘到",https://www.google.com/maps/reviews/data=!4m8!14m7!1m6!2m5!1sChdDSUhNMG9nS0VJQ0FnTUNnaWZud293RRAB!2m1!1s0x0:0x4719f5b1383dc6ce!3m1!1s2@1:CIHM0ogKEICAgMCgifnwowE%7C%7C?hl=zh-TW,secondary,latest_annotation,2026-05-10T14:03:03.495882+00:00
204dbe6823856766b393e6be,川崎拉麵,Wesley C,,5,每來基隆必吃,https://www.google.com/maps/reviews/data=!4m8!14m7!1m6!2m5!1sChdDSUhNMG9nS0VJQ0FnTUNBN2MzWHh3RRAB!2m1!1s0x0:0x4e9cd2a9248d9063!3m1!1s2@1:CIHM0ogKEICAgMCA7c3XxwE%7C%7C?hl=zh-TW,secondary,resolution,2026-05-04T13:52:37.358538+00:00
9ecd657c8543762dea9774d7,客家小館,Paul Yang,,5,永和最強 客家料理！,https://www.google.com/maps/reviews/data=!4m8!14m7!1m6!2m5!1sChdDSUhNMG9nS0VJQ0FnSURpa2JmT3VRRRAB!2m1!1s0x0:0xf0cda9aeeaa0a7c7!3m1!1s2@1:CIHM0ogKEICAgIDikbfOuQE%7C%7C?hl=zh-TW,secondary,latest_annotation,2026-05-04T13:49:38.000362+00:00
92883bfd7c06af05aa7b6c20,李家鍋貼饅頭,紅茶歐蕾,,3,11:30全賣完了下次請早😂,https://www.google.com/maps/reviews/data=!4m8!14m7!1m6!2m5!1sChZDSUhNMG9nS0VJQ0FnTURnNF9TVEVREAE!2m1!1s0x0:0xd4c22b937611c47d!3m1!1s2@1:CIHM0ogKEICAgMDg4_STEQ%7C%7C?hl=zh-TW,secondary,latest_annotation,2026-05-04T05:53:25.083088+00:00
2870a89a33424a8decd02434,暖日咖啡Warm Day Cafe《無電話、營業時間IG為主》,Jasmine Lee,,5,"飲品 1：熱美式
飲品2：島嶼咖啡
點心1 ：鬆餅雙拼
點心2 ：銀座焙茶千層蛋糕

回訪率100%!!",https://www.google.com/maps/reviews/data=!4m8!14m7!1m6!2m5!1sChdDSUhNMG9nS0VJQ0FnTURvNHN1YW53RRAB!2m1!1s0x0:0x8f9a09e026ac4477!3m1!1s2@1:CIHM0ogKEICAgMDo4suanwE%7C%7C?hl=zh-TW,secondary,latest_annotation,2026-06-23T14:53:41.458908+00:00
0fd7a7c1a869e2b5092d0960,邦彼諾 Bambino,林阿傑,,5,環境很棒,https://www.google.com/maps/reviews/data=!4m8!14m7!1m6!2m5!1sCi9DQUlRQUNvZENodHljRjlvT2tSc1VEazJNVTQxVWtKQllrUTJkbkkxWW5adU1sRRAB!2m1!1s0x0:0xb156bc601b90f70c!3m1!1s2@1:CAIQACodChtycF9oOkRsUDk2MU41UkJBYkQ2dnI1YnZuMlE%7C%7C?hl=zh-TW,secondary,latest_annotation,2026-06-24T02:49:32.738426+00:00
7024ef1f7248834d59d1a11a,小鴨片,太陽,,5,好吃,https://www.google.com/maps/reviews/data=!4m8!14m7!1m6!2m5!1sCi9DQUlRQUNvZENodHljRjlvT2pWNlRITjBXVFZwWkdSc05uSnpTVEZpZFRBd2RWRRAB!2m1!1s0x0:0x515ce2a573daaa6e!3m1!1s2@1:CAIQACodChtycF9oOjV6THN0WTVpZGRsNnJzSTFidTAwdVE%7C%7C?hl=zh-TW,secondary,resolution,2026-05-06T18:17:09.088736+00:00
4b0da7a3e64d46374dcf9255,今日早點,張文祥,,3,還可以,https://www.google.com/maps/reviews/data=!4m8!14m7!1m6!2m5!1sCi9DQUlRQUNvZENodHljRjlvT2tOYVRIQmpVamhITUhCMVNYcDZWVTFTVW1Rd1pXYxAB!2m1!1s0x0:0x12a6558f85ef9875!3m1!1s2@1:CAIQACodChtycF9oOkNaTHBjUjhHMHB1SXp6VU1SUmQwZWc%7C%7C?hl=zh-TW,secondary,resolution,2026-05-06T17:32:47.280701+00:00
28f5f88499ec7cfd2bd441d9,莎瓦迪卡海鮮.泰,Amelia Liu,,5,很好吃,https://www.google.com/maps/reviews/data=!4m8!14m7!1m6!2m5!1sCi9DQUlRQUNvZENodHljRjlvT2tKUlJsVklZMmt4Y0VjemVIUkVXRGRmT0VSR1pVRRAB!2m1!1s0x0:0x75eb42d2331ab810!3m1!1s2@1:CAIQACodChtycF9oOkJRRlVIY2kxcEczeHREWDdfOERGZUE%7C%7C?hl=zh-TW,secondary,latest_annotation,2026-05-10T14:44:56.302102+00:00
5eb1fceb09e5caa7f67d7896,炸牛元村 林口店,李舒中,,5,好👌,https://www.google.com/maps/reviews/data=!4m8!14m7!1m6!2m5!1sCi9DQUlRQUNvZENodHljRjlvT2w5dE1raDFXR0ppVldGVVJFaFhWMWhKYVd0dVIyYxAB!2m1!1s0x0:0x71d4a74c71ec8cbe!3m1!1s2@1:CAIQACodChtycF9oOl9tMkh1WGJiVWFUREhXV1hJaWtuR2c%7C%7C?hl=zh-TW,secondary,latest_annotation,2026-05-10T18:06:11.467387+00:00
5cff55cbf717b00746a42c49,小鴨片,Rōnin,,5,外帶店，還不錯,https://www.google.com/maps/reviews/data=!4m8!14m7!1m6!2m5!1sCi9DQUlRQUNvZENodHljRjlvT21oS1dXaDJVa0pWT0daMFEwSmhNR1ozU1MxVWNVRRAB!2m1!1s0x0:0x515ce2a573daaa6e!3m1!1s2@1:CAIQACodChtycF9oOmhKWWh2UkJVOGZ0Q0JhMGZ3SS1UcUE%7C%7C?hl=zh-TW,secondary,resolution,2026-05-06T18:14:44.799997+00:00
335b6b5938fa644833e184f1,冰封仙果 ICE UNA 基隆廟口店,Ting Wei,,5,好吃,https://www.google.com/maps/reviews/data=!4m8!14m7!1m6!2m5!1sCi9DQUlRQUNvZENodHljRjlvT21FMmJqSnFhRWxDUTNwYVRURlNjSGcyZVhOTGFVRRAB!2m1!1s0x0:0xd1ab745a655d1c3d!3m1!1s2@1:CAIQACodChtycF9oOmE2bjJqaElCQ3paTTFScHg2eXNLaUE%7C%7C?hl=zh-Hant,secondary,latest_annotation,2026-06-24T05:21:53.811435+00:00
55f14696ff60d1427fa9c445,芭頱霸-甘草芭樂現切水果,郭蕙綺,,5,第一次來買，芭樂好吃😋,https://www.google.com/maps/reviews/data=!4m8!14m7!1m6!2m5!1sChZDSUhNMG9nS0VJQ0FnSURmaGNITEh3EAE!2m1!1s0x0:0xb16b896b61687b5c!3m1!1s2@1:CIHM0ogKEICAgIDfhcHLHw%7C%7C?hl=zh-TW,secondary,latest_annotation,2026-06-23T08:45:48.83731+00:00
9a4430002d29c886e5493381,華星牛排館,金恒敏,,5,一级棒,https://www.google.com/maps/reviews/data=!4m8!14m7!1m6!2m5!1sCi9DQUlRQUNvZENodHljRjlvT2xwUWJXMURRVkF3ZVVaV1kyZGFlVUZJUWt0RVNXYxAB!2m1!1s0x0:0x54b49afd393b8a02!3m1!1s2@1:CAIQACodChtycF9oOlpQbW1DQVAweUZWY2daeUFIQktESWc%7C%7C?hl=zh-TW,secondary,latest_annotation,2026-06-24T01:39:13.871962+00:00
e08ba32ac27c8f2ac6a5a79f,森森小匠鍋,Hikoi,,5,跟女友一起吃好吃火鍋，真開心🥰🥰,https://www.google.com/maps/reviews/data=!4m8!14m7!1m6!2m5!1sCi9DQUlRQUNvZENodHljRjlvT25OcFltTXRaVWxIZGtsRlN6QXdNbGsyZW10cGRuYxAB!2m1!1s0x0:0x370cfb1676a5598e!3m1!1s2@1:CAIQACodChtycF9oOnNpYmMtZUlHdklFSzAwMlk2emtpdnc%7C%7C?hl=zh-Hant,secondary,latest_annotation,2026-06-24T05:27:32.03612+00:00
fd61f75ae9b677ffbf59525f,人家是女生,王玟婷,,4,老闆親切跟我們分享水潤餅故事,https://www.google.com/maps/reviews/data=!4m8!14m7!1m6!2m5!1sCi9DQUlRQUNvZENodHljRjlvT2xSak5rWkJRakExVmtjMmJVRTJVa2gwWkdwMmMzYxAB!2m1!1s0x0:0x968604a5962a72b7!3m1!1s2@1:CAIQACodChtycF9oOlRjNkZBQjA1Vkc2bUE2Ukh0ZGp2c3c%7C%7C?hl=zh-TW,secondary,resolution,2026-05-06T17:27:50.937833+00:00
b92a6d2743cbf9d91d476a0b,BirDining蔦飼料餐食料理,游舒婷,,5,好吃,https://www.google.com/maps/reviews/data=!4m8!14m7!1m6!2m5!1sCi9DQUlRQUNvZENodHljRjlvT2pSUGJWTTFUVTAwWVRWWk1USm1iMHB5U1doU1NXYxAB!2m1!1s0x0:0xaf68217566fe71ce!3m1!1s2@1:CAIQACodChtycF9oOjRPbVM1TU00YTVZMTJmb0pySWhSSWc%7C%7C?hl=zh-TW,secondary,latest_annotation,2026-05-11T05:56:58.104707+00:00
3ce0b13b37b17a9725cf3c95,邦彼諾 Bambino,鄭周南,,4,"位于建築物的一樓，販售餐飲咖啡甜點。我們是用完餐後才進來喝咖啡休息一下，店內有低消所以還要再加甜點才足夠低消金額。
去年來基隆有上去樓上的博物館參觀，沒有時間進來坐。今年有機會再來基隆就來看看吧！

維基百科：
日本郵船株式會社基隆支店，也被稱為陽明海運大廈，是位於台灣基隆市仁愛區港西街的辦公廳舍，現為陽明海運創立以海洋文化為主題之陽明海洋文化藝術館，並在2003年1月20日登錄為基隆市歷史建築。",https://www.google.com/maps/reviews/data=!4m8!14m7!1m6!2m5!1sCi9DQUlRQUNvZENodHljRjlvT25sdFZHazVWVkJ5ZDFwTFEwNXFaeTFpUW5aeE5rRRAB!2m1!1s0x0:0xb156bc601b90f70c!3m1!1s2@1:CAIQACodChtycF9oOnltVGk5VVByd1pLQ05qZy1iQnZxNkE%7C%7C?hl=zh-TW,secondary,latest_annotation,2026-06-24T02:47:21.761155+00:00
64ac2a62ad4c08b6cef51886,古月香熬粹牛肉麵,Jeffrey Yuan,,5,好吃值得推薦,https://www.google.com/maps/reviews/data=!4m8!14m7!1m6!2m5!1sCi9DQUlRQUNvZENodHljRjlvT2t3eFpreENaazFUZFZaUWNERnVRbGhvYUVWMFYzYxAB!2m1!1s0x0:0xb8c85b74b01f85bc!3m1!1s2@1:CAIQACodChtycF9oOkwxZkxCZk1TdVZQcDFuQlhoaEV0V3c%7C%7C?hl=zh-TW,secondary,resolution,2026-05-06T18:02:49.414861+00:00
53411ad73e88f6056fa219a9,小鴨片,Lucia Chang,,5,回訪多次～我家只愛這一間😍,https://www.google.com/maps/reviews/data=!4m8!14m7!1m6!2m5!1sCi9DQUlRQUNvZENodHljRjlvT210aFVYUkxjRXA1TldoWVZGUlBWVnBNUlRGb2JHYxAB!2m1!1s0x0:0x515ce2a573daaa6e!3m1!1s2@1:CAIQACodChtycF9oOmthUXRLcEp5NWhYVFRPVVpMRTFobGc%7C%7C?hl=zh-TW,secondary,resolution,2026-05-04T08:26:02.480320+00:00
bd028bf300dcbe334a1ba771,NONNONSAID CAFE/儂儂說甜點專門店,Huang Paul,,5,"在麥帥公路即今日之中山高還未開闢前
台北基隆之間的交通皆需經由南榮路方可通行
但高速公路開通後商業的重心就移轉到以海洋廣場為中心的“忠孝仁愛”街區及廟口附近為主
南榮路遂成為了邊陲地帶逐漸衰落了

從三坑走出車站有“阿婆麵線”
沿巷子往南榮路走去
路邊有“阿微”冰店
過紅綠燈往市區方向走去
一棟紫綠房子矗立在路邊
這是商業不繁榮南榮路上少有的漂亮建築
NONNONSAID CAFE儂儂說咖啡就在這裡

今天是二訪
人不如第一次人來人往
女主人說用餐限時兩小時
小店經營追求周轉率可以諒解也欣然接受
但也覺得有點違和因為後來在我坐在店內一小時半並無其它客人入內

今天點了森林麵包套餐
有沙拉兩種麵包兩條小德式香腸Scrambled Eggs 薯餅及脆片
炒蛋尚稱可以
今日甜點櫃中空無一物便跳過

根據多年探店經驗
一家店要在初創或上昇期去吃最好
業主競競業業親力親為時最好
久了
有的喪失初心
有的進入倦怠期
很多就大不如前了
希望儂儂說繼續加油",https://www.google.com/maps/reviews/data=!4m8!14m7!1m6!2m5!1sCi9DQUlRQUNvZENodHljRjlvT2xvek5HcEljM0ZuVm1KSlRVZE9NMmhYWkZWbGFsRRAB!2m1!1s0x0:0x6b1f11a85a4e0caf!3m1!1s2@1:CAIQACodChtycF9oOlozNGpIc3FnVmJJTUdOM2hXZFVlalE%7C%7C?hl=zh-TW,secondary,latest_annotation,2026-05-31T10:00:44.192152+00:00
70ebc205304d4fd7e9209ecc,八蒔鐵板燒,林佩薇,,5,太好吃啦,https://www.google.com/maps/reviews/data=!4m8!14m7!1m6!2m5!1sCi9DQUlRQUNvZENodHljRjlvT2pOM01GOU9hR3BaWVdoZlRrcFFRamw2T1ZGMVpsRRAB!2m1!1s0x0:0x4aade7062b32c160!3m1!1s2@1:CAIQACodChtycF9oOjN3MF9OaGpZYWhfTkpQQjl6OVF1ZlE%7C%7C?hl=zh-TW,secondary,resolution,2026-05-06T17:43:08.277380+00:00
c872eb6d25f7d2492009e34f,古早風味甕仔雞,邴纖維,,5,一個禮拜吃三次,https://www.google.com/maps/reviews/data=!4m8!14m7!1m6!2m5!1sChZDSUhNMG9nS0VJQ0FnSUNYMDZYc0lREAE!2m1!1s0x0:0x948a9b3566a9ca8c!3m1!1s2@1:CIHM0ogKEICAgICX06XsIQ%7C%7C?hl=zh-TW,secondary,resolution,2026-05-06T17:57:46.293436+00:00
218b8e0861aa8fe45672b585,炸牛元村 林口店,judy su,,5,好吃😋服務佳🫶🏻,https://www.google.com/maps/reviews/data=!4m8!14m7!1m6!2m5!1sCi9DQUlRQUNvZENodHljRjlvT25BdGJrYzRhbTU2Tm5kemVuUlpTbXREWDBFeU0yYxAB!2m1!1s0x0:0x71d4a74c71ec8cbe!3m1!1s2@1:CAIQACodChtycF9oOnAtbkc4am56NndzenRZSmtDX0EyM2c%7C%7C?hl=zh-TW,secondary,latest_annotation,2026-05-10T18:06:11.467508+00:00
763beb6a93c938c12f446984,Dvibe,Alison,,5,很漂亮地方～☺️,https://www.google.com/maps/reviews/data=!4m8!14m7!1m6!2m5!1sChdDSUhNMG9nS0VJQ0FnTUNBd1lfMjhBRRAB!2m1!1s0x0:0xcb33221001461ec6!3m1!1s2@1:CIHM0ogKEICAgMCAwY_28AE%7C%7C?hl=zh-TW,secondary,latest_annotation,2026-06-23T07:38:00.538845+00:00
face4c24fb999705ec0dd7f6,古月香熬粹牛肉麵,Jeffrey Tu,,5,非常好吃！推薦,https://www.google.com/maps/reviews/data=!4m8!14m7!1m6!2m5!1sCi9DQUlRQUNvZENodHljRjlvT2t4cU5HMUZZVzFSVXpNMGIyWlhlbGMwYnpWWVkyYxAB!2m1!1s0x0:0xb8c85b74b01f85bc!3m1!1s2@1:CAIQACodChtycF9oOkxqNG1FYW1RUzM0b2ZXelc0bzVYY2c%7C%7C?hl=zh-TW,secondary,resolution,2026-05-06T18:04:35.237935+00:00
5ea2304fc0fb6378cb3bacce,海勒牛排館 基隆牛排館,宇誠,,1,不知道為什麼每次一個人都不接客 ？ 問好幾次了 一個人不能吃飯嗎 明明看都一堆位子,https://www.google.com/maps/reviews/data=!4m8!14m7!1m6!2m5!1sCi9DQUlRQUNvZENodHljRjlvT2pCVGRsRlhUVjh5VEZWTE56TTFhakV4Y1dOdExWRRAB!2m1!1s0x0:0xff15180e333af4dc!3m1!1s2@1:CAIQACodChtycF9oOjBTdlFXTV8yTFVLNzM1ajExcWNtLVE%7C%7C?hl=zh-TW,secondary,latest_annotation,2026-06-23T15:39:44.135079+00:00
06e406df305cd0e2971546a6,姥沙四川麻辣鍋,Deng燈籠,,5,豪吃，殼蟻很辣,https://www.google.com/maps/reviews/data=!4m8!14m7!1m6!2m5!1sChZDSUhNMG9nS0VJQ0FnSURNODlqNUh3EAE!2m1!1s0x0:0xe71e4c627279510!3m1!1s2@1:CIHM0ogKEICAgIDM89j5Hw%7C%7C?hl=zh-TW,secondary,latest_annotation,2026-05-31T17:28:42.902617+00:00
2a091c6153065f88256f0ec9,"致青春 ToYouth Restaurant ｜舌尖上的時光機,重溫青春好味,用美食犒賞努力的青春 新繹台式料理 萬華聚餐 西門美食 台灣菜推薦 TaiwanFood",Mun Sun Ng,,5,好吃,https://www.google.com/maps/reviews/data=!4m8!14m7!1m6!2m5!1sCi9DQUlRQUNvZENodHljRjlvT25CeE9YSnFZa1p5YWpsMWRVSlhTbWRDUldoVFIwRRAB!2m1!1s0x0:0x7e6f3c96f0634100!3m1!1s2@1:CAIQACodChtycF9oOnBxOXJqYkZyajl1dUJXSmdCRWhTR0E%7C%7C?hl=zh-TW,secondary,latest_annotation,2026-05-10T14:40:49.057766+00:00
313c768d7871f8e6342d866d,三坑菜頭滷,張德雄,,5,讚,https://www.google.com/maps/reviews/data=!4m8!14m7!1m6!2m5!1sCi9DQUlRQUNvZENodHljRjlvT2xoc01tRlBRa0k1VTFVd1dWQmxPRE01UkdkWWVrRRAB!2m1!1s0x0:0x5e2581429c2d9317!3m1!1s2@1:CAIQACodChtycF9oOlhsMmFPQkI5U1UwWVBlODM5RGdYekE%7C%7C?hl=zh-TW,secondary,resolution,2026-05-06T17:16:21.103904+00:00
d5c1444a6a8de0f64f8f6dcd,夏隆咖啡 Shalom Cafe,jackson,,5,很棒的咖啡店 推推,https://www.google.com/maps/reviews/data=!4m8!14m7!1m6!2m5!1sCi9DQUlRQUNvZENodHljRjlvT2sxVFVqTndOSFJQVmtrM1RFWk9PVU4yVTBOaVZHYxAB!2m1!1s0x0:0x52d2eb54ec831a85!3m1!1s2@1:CAIQACodChtycF9oOk1TUjNwNHRPVkk3TEZOOUN2U0NiVGc%7C%7C?hl=zh-TW,secondary,latest_annotation,2026-05-10T18:03:07.837384+00:00
048d48ee783f267534d2ecf8,八蒔鐵板燒,豚豚鄭,,5,好吃,https://www.google.com/maps/reviews/data=!4m8!14m7!1m6!2m5!1sCi9DQUlRQUNvZENodHljRjlvT2xKUWFYQXRVall0UmtWMFRGRXpPRkYxVjBobFQzYxAB!2m1!1s0x0:0x4aade7062b32c160!3m1!1s2@1:CAIQACodChtycF9oOlJQaXAtUjYtRkV0TFEzOFF1V0hlT3c%7C%7C?hl=zh-TW,secondary,resolution,2026-05-06T17:45:39.011220+00:00
3085495692a5f9bfd0fe2076,炸牛元村 林口店,大開欣,,5,很好吃😋,https://www.google.com/maps/reviews/data=!4m8!14m7!1m6!2m5!1sCi9DQUlRQUNvZENodHljRjlvT2s4elFtTm5UM0ZIVlhSTGFGSmlMVEJxYWxWSVprRRAB!2m1!1s0x0:0x71d4a74c71ec8cbe!3m1!1s2@1:CAIQACodChtycF9oOk8zQmNnT3FHVXRLaFJiLTBqalVIZkE%7C%7C?hl=zh-TW,secondary,latest_annotation,2026-05-10T18:06:11.467459+00:00
6db13b87ee2cb0a0eeb27d5e,天天鮮排骨飯,Antony Chou,,5,生意超好的名店,https://www.google.com/maps/reviews/data=!4m8!14m7!1m6!2m5!1sCi9DQUlRQUNvZENodHljRjlvT201cE5HRlVNSGg1UWxwc1Z6bGpjMFp1UXpKT05WRRAB!2m1!1s0x0:0xe7f77ca7fcd28b54!3m1!1s2@1:CAIQACodChtycF9oOm5pNGFUMHh5QlpsVzljc0ZuQzJONVE%7C%7C?hl=zh-TW,secondary,latest_annotation,2026-05-04T08:17:48.490331+00:00
66a98165e7b5a747b0343a38,泰舍泰式料理-基隆店,陳小賓,,5,很道地的泰式料理，下次還會再過來用餐。,https://www.google.com/maps/reviews/data=!4m8!14m7!1m6!2m5!1sCi9DQUlRQUNvZENodHljRjlvT2xVek1Ib3lSMVI0V0haUWFVWm1hVVZuYTJ4R01VRRAB!2m1!1s0x0:0xad22c8e3991c03fb!3m1!1s2@1:CAIQACodChtycF9oOlUzMHoyR1R4WHZQaUZmaUVna2xGMUE%7C%7C?hl=zh-TW,secondary,latest_annotation,2026-06-23T08:41:55.308831+00:00
ea5bb3c61f1ba556ccb592dd,隆昌28串串火鍋,Josie Hsieh,,5,第一次吃🤤<br>看起來好好吃,https://www.google.com/maps/reviews/data=!4m8!14m7!1m6!2m5!1sCi9DQUlRQUNvZENodHljRjlvT2twWU4ycHBWRWxGVGtwNldrZ3hialI2U3pkb1pHYxAB!2m1!1s0x0:0x4027333810cb215d!3m1!1s2@1:CAIQACodChtycF9oOkpYN2ppVElFTkp6WkgxbjR6SzdoZGc%7C%7C?hl=zh-TW,secondary,latest_annotation,2026-06-23T09:07:52.58875+00:00
3004a2c7e81a9951cbf7104b,伍板鐵板料理,范智傑,,5,好吃😋,https://www.google.com/maps/reviews/data=!4m8!14m7!1m6!2m5!1sCi9DQUlRQUNvZENodHljRjlvT2pObVVHMVhabU5rZWtFMmVrVk9iRkJOVWtzemQyYxAB!2m1!1s0x0:0x3e7259c18c7a71d0!3m1!1s2@1:CAIQACodChtycF9oOjNmUG1XZmNkekE2ekVObFBNUkszd2c%7C%7C?hl=zh-TW,secondary,resolution,2026-05-06T17:34:28.870180+00:00
be201e3a0bcebf2c44966a74,大豬滷味,Lin Ray,,5,好吃<br>敢吃辣可以挑戰,https://www.google.com/maps/reviews/data=!4m8!14m7!1m6!2m5!1sChdDSUhNMG9nS0VPU2kwNWJMd2RyejVRRRAB!2m1!1s0x0:0x30a5a31c8992ae52!3m1!1s2@1:CIHM0ogKEOSi05bLwdrz5QE%7C%7C?hl=zh-TW,secondary,latest_annotation,2026-06-23T08:00:53.526665+00:00
c4b23b7159db65483a83d108,芭頱霸-甘草芭樂現切水果,tien tien,,5,家人已買了好幾次！覺得很好吃～～,https://www.google.com/maps/reviews/data=!4m8!14m7!1m6!2m5!1sChZDSUhNMG9nS0VJQ0FnTUNndlBLeEJREAE!2m1!1s0x0:0xb16b896b61687b5c!3m1!1s2@1:CIHM0ogKEICAgMCgvPKxBQ%7C%7C?hl=zh-TW,secondary,latest_annotation,2026-06-23T08:50:20.610999+00:00
fb8f4ea0aac8e9d0c15f9ea8,冰封仙果 ICE UNA 基隆廟口店,molly chen,,5,好吃,https://www.google.com/maps/reviews/data=!4m8!14m7!1m6!2m5!1sChdDSUhNMG9nS0VJQ0FnSUNUNjVEWmxRRRAB!2m1!1s0x0:0xd1ab745a655d1c3d!3m1!1s2@1:CIHM0ogKEICAgICT65DZlQE%7C%7C?hl=zh-Hant,secondary,latest_annotation,2026-06-24T05:21:09.903699+00:00
a246a6618de36ab94130cd2c,夏隆咖啡 Shalom Cafe,Arthur Lai,,5,很舒服的在地咖啡廳,https://www.google.com/maps/reviews/data=!4m8!14m7!1m6!2m5!1sChdDSUhNMG9nS0VJQ0FnSUNCdklfemtRRRAB!2m1!1s0x0:0x52d2eb54ec831a85!3m1!1s2@1:CIHM0ogKEICAgICBvI_zkQE%7C%7C?hl=zh-TW,secondary,latest_annotation,2026-05-10T18:03:07.837646+00:00
65d0f8a0b48df04831a45e15,"致青春 ToYouth Restaurant ｜舌尖上的時光機,重溫青春好味,用美食犒賞努力的青春 新繹台式料理 萬華聚餐 西門美食 台灣菜推薦 TaiwanFood",陳文銓,,5,很好吃,https://www.google.com/maps/reviews/data=!4m8!14m7!1m6!2m5!1sCi9DQUlRQUNvZENodHljRjlvT2pWRWVETnlYemxRUjBkTVMzSmhNV1I1WjBreVpsRRAB!2m1!1s0x0:0x7e6f3c96f0634100!3m1!1s2@1:CAIQACodChtycF9oOjVEeDNyXzlQR0dMS3JhMWR5Z0kyZlE%7C%7C?hl=zh-TW,secondary,latest_annotation,2026-05-10T14:40:49.057335+00:00
504219a55b3dee79db1a28d0,BirDining蔦飼料餐食料理,Allen (Allen Hsiao),,5,好吃，有回到日本的感覺,https://www.google.com/maps/reviews/data=!4m8!14m7!1m6!2m5!1sCi9DQUlRQUNvZENodHljRjlvT2tkQmNVTTNaaloyZFdwQlZsSnBiRWxCTFZWdlNuYxAB!2m1!1s0x0:0xd6745177cf3adf7d!3m1!1s2@1:CAIQACodChtycF9oOkdBcUM3ZjZ2dWpBVlJpbElBLVVvSnc%7C%7C?hl=zh-TW,secondary,resolution,2026-05-31T17:57:22.569963+00:00
a4f4f69a94210c248e5bf3e7,BirDining蔦飼料餐食料理,朱鈞緯,,5,好吃😋,https://www.google.com/maps/reviews/data=!4m8!14m7!1m6!2m5!1sCi9DQUlRQUNvZENodHljRjlvT25aeVRuRTVXRE5KVG1oc1dqbDNlbVp6TjJsRWVXYxAB!2m1!1s0x0:0xaf68217566fe71ce!3m1!1s2@1:CAIQACodChtycF9oOnZyTnE5WDNJTmhsWjl3emZzN2lEeWc%7C%7C?hl=zh-TW,secondary,latest_annotation,2026-05-11T06:00:17.890485+00:00
549c64400c17a55b826b7458,姥沙四川麻辣鍋,En H,,5,好吃😋會再來,https://www.google.com/maps/reviews/data=!4m8!14m7!1m6!2m5!1sChdDSUhNMG9nS0VJQ0FnSUNldDRXWHN3RRAB!2m1!1s0x0:0xe71e4c627279510!3m1!1s2@1:CIHM0ogKEICAgICet4WXswE%7C%7C?hl=zh-TW,secondary,latest_annotation,2026-05-31T17:28:36.095695+00:00
076583dc503916b9abaef72c,叁男燒肉酒場本舖,Jubee,,5,好吃～有氣氛！推推,https://www.google.com/maps/reviews/data=!4m8!14m7!1m6!2m5!1sCi9DQUlRQUNvZENodHljRjlvT21kWlpYazFWbU5oVkdOak4yaFNVVkZ2ZUZGNVkxRRAB!2m1!1s0x0:0x778d3a09636e5eac!3m1!1s2@1:CAIQACodChtycF9oOmdZZXk1VmNhVGNjN2hSUVFveFF5Y1E%7C%7C?hl=zh-TW,secondary,latest_annotation,2026-06-23T07:48:30.161254+00:00
79fe914e335ca8656b620ade,大豬滷味,Ivy p an,,5,好吃的滷味，常來光顧,https://www.google.com/maps/reviews/data=!4m8!14m7!1m6!2m5!1sChdDSUhNMG9nS0VJQ0FnSUQtdDluMHhnRRAB!2m1!1s0x0:0x30a5a31c8992ae52!3m1!1s2@1:CIHM0ogKEICAgID-t9n0xgE%7C%7C?hl=zh-TW,secondary,latest_annotation,2026-06-23T08:12:04.539523+00:00
a83966b63de7aed5abddb45d,燒究食寓 萬華店 – 居酒屋｜宵夜｜串燒,無知,,5,好吃,https://www.google.com/maps/reviews/data=!4m8!14m7!1m6!2m5!1sCi9DQUlRQUNvZENodHljRjlvT2xOd1R6STRTMWhVUTJ0Zk9IWTJPSE5JVFZRek1uYxAB!2m1!1s0x0:0x4719f5b1383dc6ce!3m1!1s2@1:CAIQACodChtycF9oOlNwTzI4S1hUQ2tfOHY2OHNITVQzMnc%7C%7C?hl=zh-TW,secondary,latest_annotation,2026-05-10T14:03:03.495471+00:00
73f035907aa6310a7538c4df,芭頱霸-甘草芭樂現切水果,陳俊傑,,5,好吃又順嘴喔,https://www.google.com/maps/reviews/data=!4m8!14m7!1m6!2m5!1sChdDSUhNMG9nS0VJQ0FnSURmZ2EteGp3RRAB!2m1!1s0x0:0xb16b896b61687b5c!3m1!1s2@1:CIHM0ogKEICAgIDfga-xjwE%7C%7C?hl=zh-TW,secondary,latest_annotation,2026-06-23T08:44:31.869623+00:00
5865fa8db3f6de9955b8dfdb,水樂日式食堂,Mingogo Chang (小明),,5,超讚的,https://www.google.com/maps/reviews/data=!4m8!14m7!1m6!2m5!1sChdDSUhNMG9nS0VJQ0FnSUNJc3ItSHdBRRAB!2m1!1s0x0:0xa2539433ee871591!3m1!1s2@1:CIHM0ogKEICAgICIsr-HwAE%7C%7C?hl=zh-TW,secondary,resolution,2026-05-06T18:25:05.562887+00:00
2ee6b598b503cccb3bd123ce,八蒔鐵板燒,林登建,,5,好吃好吃,https://www.google.com/maps/reviews/data=!4m8!14m7!1m6!2m5!1sCi9DQUlRQUNvZENodHljRjlvT2tSbVlsVXhZbUZxYlhKUlZtaHlObWxoV1ZrM2IxRRAB!2m1!1s0x0:0x4aade7062b32c160!3m1!1s2@1:CAIQACodChtycF9oOkRmYlUxYmFqbXJRVmhyNmlhWVk3b1E%7C%7C?hl=zh-TW,secondary,resolution,2026-05-06T17:42:35.101302+00:00
bf101f7dd0acbfdabe6e65ac,芭頱霸-甘草芭樂現切水果,徐紹,,5,好吃好喝芭樂汁，讚,https://www.google.com/maps/reviews/data=!4m8!14m7!1m6!2m5!1sChZDSUhNMG9nS0VJQ0FnSURmb2RxUWNREAE!2m1!1s0x0:0xb16b896b61687b5c!3m1!1s2@1:CIHM0ogKEICAgIDfodqQcQ%7C%7C?hl=zh-TW,secondary,latest_annotation,2026-06-23T08:49:00.687222+00:00
4bec34d630e89c3b4d20d92a,玩麵pasta 學府店,Mei Chou,,3,湯先上 過很久才上麵 這樣不行啊,https://www.google.com/maps/reviews/data=!4m8!14m7!1m6!2m5!1sCi9DQUlRQUNvZENodHljRjlvT21wclNGOHdXWEJMVWsxSGIyaGlSbXRJV2xSQ2RXYxAB!2m1!1s0x0:0xc37be9553083c19f!3m1!1s2@1:CAIQACodChtycF9oOmprSF8wWXBLUk1Hb2hiRmtIWlRCdWc%7C%7C?hl=zh-TW,secondary,resolution,2026-05-06T18:28:27.001727+00:00
420a7875151a4e00f633f60b,曼谷泰式料理（永和店）,謝依婷,,5,好吃，下次還要來吃，用餐環境也很舒適,https://www.google.com/maps/reviews/data=!4m8!14m7!1m6!2m5!1sCi9DQUlRQUNvZENodHljRjlvT2xGQ1N6WkNUMHRpTFVSRFpXOXVYM1ZzTjJsRVoyYxAB!2m1!1s0x0:0xa94ca38295cf0e21!3m1!1s2@1:CAIQACodChtycF9oOlFCSzZCT0tiLURDZW9uX3VsN2lEZ2c%7C%7C?hl=zh-TW,secondary,latest_annotation,2026-06-23T08:17:17.938747+00:00
4227f352bf695f78e3d9d64b,長腳麵食,陳志銘,,5,基隆的乾麵就是頂,https://www.google.com/maps/reviews/data=!4m8!14m7!1m6!2m5!1sCi9DQUlRQUNvZENodHljRjlvT2pGMVZteG1WR3RFVjBsM1lXOWpNV2xPU0VwRExYYxAB!2m1!1s0x0:0xc7473ce0f30ad3a1!3m1!1s2@1:CAIQACodChtycF9oOjF1VmxmVGtEV0l3YW9jMWlOSEpDLXc%7C%7C?hl=zh-TW,secondary,resolution,2026-05-06T18:41:14.382823+00:00
3b610ddeaa0bacd668707fb8,"致青春 ToYouth Restaurant ｜舌尖上的時光機,重溫青春好味,用美食犒賞努力的青春 新繹台式料理 萬華聚餐 西門美食 台灣菜推薦 TaiwanFood",郭慕嫻,,5,好吃！,https://www.google.com/maps/reviews/data=!4m8!14m7!1m6!2m5!1sCi9DQUlRQUNvZENodHljRjlvT25OcFJsazFia1k0T0VaU1NIQmFVbTlGTUVkTWVFRRAB!2m1!1s0x0:0x7e6f3c96f0634100!3m1!1s2@1:CAIQACodChtycF9oOnNpRlk1bkY4OEZSSHBaUm9FMEdMeEE%7C%7C?hl=zh-TW,secondary,latest_annotation,2026-05-10T14:40:49.057353+00:00
95c48bda5430afc913db4a38,飛月小館,???,,1,"電話打不通 8:00就不供餐了我覺得可以修改營業時間或是明確指出最後出餐時間

每次去都直接說收了心情很差",https://www.google.com/maps/reviews/data=!4m8!14m7!1m6!2m5!1sChdDSUhNMG9nS0VJQ0FnSURUbHVmQ19BRRAB!2m1!1s0x0:0x1291ab0f19727189!3m1!1s2@1:CIHM0ogKEICAgIDTlufC_AE%7C%7C?hl=zh-TW,secondary,resolution,2026-05-06T18:57:55.304443+00:00
66689b1a406ec4b7676b3476,莎瓦迪卡海鮮.泰,Juillet Feng,,5,好吃,https://www.google.com/maps/reviews/data=!4m8!14m7!1m6!2m5!1sCi9DQUlRQUNvZENodHljRjlvT2xOM2NWcGFkWGx0WlRkaVlXeFBWVk5GZVhSd2IzYxAB!2m1!1s0x0:0x75eb42d2331ab810!3m1!1s2@1:CAIQACodChtycF9oOlN3cVpadXltZTdiYWxPVVNFeXRwb3c%7C%7C?hl=zh-TW,secondary,latest_annotation,2026-05-10T14:44:56.301952+00:00
b1695d6a28436099ee5189c2,信奕原汁牛肉麵,吳雨橋,,5,"一個字
超讚",https://www.google.com/maps/reviews/data=!4m8!14m7!1m6!2m5!1sChdDSUhNMG9nS0VJQ0FnSUM0LU0zNDNRRRAB!2m1!1s0x0:0x7b1285c0784d2e29!3m1!1s2@1:CIHM0ogKEICAgIC4-M343QE%7C%7C?hl=zh-TW,secondary,resolution,2026-05-06T17:02:34.588212+00:00
732ba31a718e1538ef82b3ef,金衛亭浮誇壽司樂群町二代目,黃雅琳,,5,好棒👍好吃😋,https://www.google.com/maps/reviews/data=!4m8!14m7!1m6!2m5!1sCi9DQUlRQUNvZENodHljRjlvT2pCNGVFeDNlRFJtZW5SSVJETlRkMlJmUmtkd1pIYxAB!2m1!1s0x0:0x7471566155dbf28e!3m1!1s2@1:CAIQACodChtycF9oOjB4eEx3eDRmenRIRDNTd2RfRkdwZHc%7C%7C?hl=zh-TW,secondary,resolution,2026-05-06T18:36:38.417700+00:00
70e4ee8cc1306c5efd77871e,古月香熬粹牛肉麵,chun-ming Wu,,5,排隊名店,https://www.google.com/maps/reviews/data=!4m8!14m7!1m6!2m5!1sCi9DQUlRQUNvZENodHljRjlvT2t0blZtNXBhbmh2VEV0VFRIVldaRkZWWjJsWlgyYxAB!2m1!1s0x0:0xb8c85b74b01f85bc!3m1!1s2@1:CAIQACodChtycF9oOktnVm5panhvTEtTTHVWZFFVZ2lZX2c%7C%7C?hl=zh-TW,secondary,resolution,2026-05-06T18:06:18.636892+00:00
a39f487486889f03584ee518,人家是女生,ㄅㄅ,,5,"好吃
me'ln' dr. s'ho bu' Ljns'",https://www.google.com/maps/reviews/data=!4m8!14m7!1m6!2m5!1sCi9DQUlRQUNvZENodHljRjlvT25aSWMwNXBTR1ZFVTFsdWREa3liMGR6VFhKc1gzYxAB!2m1!1s0x0:0x968604a5962a72b7!3m1!1s2@1:CAIQACodChtycF9oOnZIc05pSGVEU1ludDkyb0dzTXJsX3c%7C%7C?hl=zh-TW,secondary,resolution,2026-05-06T17:28:51.959346+00:00
1394f14382fd7e05a6137ed3,姥沙四川麻辣鍋,鐘美樺,,5,超級好吃的啦 我一定帶親朋好友一起來的～～,https://www.google.com/maps/reviews/data=!4m8!14m7!1m6!2m5!1sChdDSUhNMG9nS0VJQ0FnSURNc19tMTJRRRAB!2m1!1s0x0:0xe71e4c627279510!3m1!1s2@1:CIHM0ogKEICAgIDMs_m12QE%7C%7C?hl=zh-TW,secondary,latest_annotation,2026-05-31T17:22:43.9421+00:00
c32b7d91fdd1bff2e368a5e9,台灣猛男蚵仔煎,吳文賢,,5,東西好吃😋<br>讚的啦👍,https://www.google.com/maps/reviews/data=!4m8!14m7!1m6!2m5!1sChdDSUhNMG9nS0VJQ0FnSUNSX2QtbXF3RRAB!2m1!1s0x0:0x5eeee862340fe44f!3m1!1s2@1:CIHM0ogKEICAgICR_d-mqwE%7C%7C?hl=zh-TW,secondary,latest_annotation,2026-06-23T07:53:09.972694+00:00
6df10cd59a9a29aa729d08e8,人家是女生,Great taster,,1,內有[青鳥]，不喜勿入! Be aware!,https://www.google.com/maps/reviews/data=!4m8!14m7!1m6!2m5!1sCi9DQUlRQUNvZENodHljRjlvT2xscGFHWlhORmMyWVY5dlUybE1NV1IzZFZkMWVVRRAB!2m1!1s0x0:0x968604a5962a72b7!3m1!1s2@1:CAIQACodChtycF9oOllpaGZXNFc2YV9vU2lMMWR3dVd1eUE%7C%7C?hl=zh-TW,secondary,resolution,2026-05-06T17:28:31.810668+00:00
43eed56d2c6aa56d5c765e05,九層塔蒸籠海鮮火鍋,Z,,5,超級讚的！,https://www.google.com/maps/reviews/data=!4m8!14m7!1m6!2m5!1sChdDSUhNMG9nS0VJQ0FnSURaMXNHMm9nRRAB!2m1!1s0x0:0x80aef709afae771a!3m1!1s2@1:CIHM0ogKEICAgIDZ1sG2ogE%7C%7C?hl=zh-TW,secondary,resolution,2026-05-06T17:26:14.461399+00:00
16829ca952667c548a161fa8,華星牛排館,Miss Lin,,5,非常喜歡,https://www.google.com/maps/reviews/data=!4m8!14m7!1m6!2m5!1sCi9DQUlRQUNvZENodHljRjlvT2s5WlpIRnBVMjE0ZFRCTFYzWXhibFpRV0ZobFVtYxAB!2m1!1s0x0:0x54b49afd393b8a02!3m1!1s2@1:CAIQACodChtycF9oOk9ZZHFpU214dTBLV3YxblZQWFhlUmc%7C%7C?hl=zh-TW,secondary,latest_annotation,2026-06-24T01:37:24.979699+00:00
2b5c2cb524383a2a4abf4d7b,芳奈,Avery Li,,4,喜歡~可以一直來,https://www.google.com/maps/reviews/data=!4m8!14m7!1m6!2m5!1sChdDSUhNMG9nS0VJQ0FnSUR1LXV2T3ZRRRAB!2m1!1s0x0:0xe53465926c93e6b!3m1!1s2@1:CIHM0ogKEICAgIDu-uvOvQE%7C%7C?hl=zh-TW,secondary,resolution,2026-05-06T18:33:31.453927+00:00
6e89d24e7986a2ef76dcd826,伍板鐵板料理,N ai,,5,好吃😋,https://www.google.com/maps/reviews/data=!4m8!14m7!1m6!2m5!1sCi9DQUlRQUNvZENodHljRjlvT2pobWNGRlRSbWgzVmxWb1NHVmpNRTlVWWxWR1EzYxAB!2m1!1s0x0:0x3e7259c18c7a71d0!3m1!1s2@1:CAIQACodChtycF9oOjhmcFFTRmh3VlVoSGVjME9UYlVGQ3c%7C%7C?hl=zh-TW,secondary,resolution,2026-05-06T17:37:17.433412+00:00
7ba188e381f73fa42f526578,隱家茶寮 基隆雨都篇,Fu Chien,,4,氛圍不錯。,https://www.google.com/maps/reviews/data=!4m8!14m7!1m6!2m5!1sCi9DQUlRQUNvZENodHljRjlvT21WMk16bG1SM1ZWV214c1NqSnVaRUZpYW1kMlZFRRAB!2m1!1s0x0:0xf1d68b00273f21b2!3m1!1s2@1:CAIQACodChtycF9oOmV2MzlmR3VVWmxsSjJuZEFiamd2VEE%7C%7C?hl=zh-TW,secondary,latest_annotation,2026-06-24T02:42:01.696228+00:00
2cc0ed110fd3ba30f42a3bbe,BirDining蔦飼料餐食料理,J Kakay,,5,好吃,https://www.google.com/maps/reviews/data=!4m8!14m7!1m6!2m5!1sCi9DQUlRQUNvZENodHljRjlvT205V1ZGRmhaRWR0VG10clNYQkVVRzF6VlMxbVdXYxAB!2m1!1s0x0:0xaf68217566fe71ce!3m1!1s2@1:CAIQACodChtycF9oOm9WVFFhZEdtTmtrSXBEUG1zVS1mWWc%7C%7C?hl=zh-TW,secondary,latest_annotation,2026-05-11T06:11:13.679296+00:00
bab80a286264d86192e5c4a7,三坑菜頭滷,明璋游,,5,好久沒來吃了-讚啦,https://www.google.com/maps/reviews/data=!4m8!14m7!1m6!2m5!1sCi9DQUlRQUNvZENodHljRjlvT2twb1FXdFhPV2xzVkhoVldWZFRlR0ZRWW5sUWRtYxAB!2m1!1s0x0:0x5e2581429c2d9317!3m1!1s2@1:CAIQACodChtycF9oOkpoQWtXOWlsVHhVWVdTeGFQYnlQdmc%7C%7C?hl=zh-TW,secondary,resolution,2026-05-06T17:13:29.062622+00:00
476270cbecec058b147e1ae1,莎瓦迪卡海鮮.泰,lotion,,5,好吃😋,https://www.google.com/maps/reviews/data=!4m8!14m7!1m6!2m5!1sCi9DQUlRQUNvZENodHljRjlvT25SRlRUZEVTMGN6UTJoNmMzYzBjMkV4WVROWlMwRRAB!2m1!1s0x0:0x75eb42d2331ab810!3m1!1s2@1:CAIQACodChtycF9oOnRFTTdES0czQ2h6c3c0c2ExYTNZS0E%7C%7C?hl=zh-TW,secondary,latest_annotation,2026-05-10T14:44:56.301716+00:00
363f0c10313b95b5e3ca6020,隱家茶寮 基隆雨都篇,Chen Senpi,,5,還不錯。,https://www.google.com/maps/reviews/data=!4m8!14m7!1m6!2m5!1sCi9DQUlRQUNvZENodHljRjlvT2pVdGRsOURkSFp3TlRSWU1qQnNaMlZSVlZKa2VXYxAB!2m1!1s0x0:0xf1d68b00273f21b2!3m1!1s2@1:CAIQACodChtycF9oOjUtdl9DdHZwNTRYMjBsZ2VRVVJkeWc%7C%7C?hl=zh-TW,secondary,latest_annotation,2026-06-24T02:29:08.723928+00:00
4f124cf2bdd4b121deeaac88,芭頱霸-甘草芭樂現切水果,小yo,,5,終於可以在這吃到囉！！好吃好吃👍,https://www.google.com/maps/reviews/data=!4m8!14m7!1m6!2m5!1sChZDSUhNMG9nS0VJQ0FnSURmd2F1ek9nEAE!2m1!1s0x0:0xb16b896b61687b5c!3m1!1s2@1:CIHM0ogKEICAgIDfwauzOg%7C%7C?hl=zh-TW,secondary,latest_annotation,2026-06-23T08:50:05.491308+00:00
575541b4a34923c145d094ee,叁男燒肉酒場本舖,Yupi Tung,,5,點套餐玩活動抽三點！,https://www.google.com/maps/reviews/data=!4m8!14m7!1m6!2m5!1sCi9DQUlRQUNvZENodHljRjlvT21WdVVreHVRMnRUTTFKNVpVa3hWSEo1YzE5U1gzYxAB!2m1!1s0x0:0x778d3a09636e5eac!3m1!1s2@1:CAIQACodChtycF9oOmVuUkxuQ2tTM1J5ZUkxVHJ5c19SX3c%7C%7C?hl=zh-TW,secondary,latest_annotation,2026-06-23T07:47:22.497116+00:00
106ebc20b094b2b211f1719d,玩麵pasta 學府店,linda,,1,訂外送過了一小時還沒到，是有這麼忙？,https://www.google.com/maps/reviews/data=!4m8!14m7!1m6!2m5!1sCi9DQUlRQUNvZENodHljRjlvT2pacE5pMUdVa2x6ZEZCUVF6TlJXRjlQWVdsS2JWRRAB!2m1!1s0x0:0xc37be9553083c19f!3m1!1s2@1:CAIQACodChtycF9oOjZpNi1GUklzdFBQQzNRWF9PYWlKbVE%7C%7C?hl=zh-TW,secondary,latest_annotation,2026-04-29T18:07:00.52036+00:00
8b7841b92a8be6f8046afee8,叁男燒肉酒場本舖,陳勇廷,,5,好吃不貴非常推薦！,https://www.google.com/maps/reviews/data=!4m8!14m7!1m6!2m5!1sCi9DQUlRQUNvZENodHljRjlvT25jdGVuQkthV1pEWlhaM09UZGpOMjk2V0ZsSGQwRRAB!2m1!1s0x0:0x778d3a09636e5eac!3m1!1s2@1:CAIQACodChtycF9oOnctenBKaWZDZXZ3OTdjN296WFlHd0E%7C%7C?hl=zh-TW,secondary,latest_annotation,2026-06-23T07:39:59.341674+00:00
91768c96cd6b32978c1efcd2,大豬滷味,peirong yang,,5,好吃！服務態度好！,https://www.google.com/maps/reviews/data=!4m8!14m7!1m6!2m5!1sCi9DQUlRQUNvZENodHljRjlvT2tzd04xbzNSVEJ4Y25CbU1uQmtVVGg0VTBNNWNtYxAB!2m1!1s0x0:0x30a5a31c8992ae52!3m1!1s2@1:CAIQACodChtycF9oOkswN1o3RTBxcnBmMnBkUTh4U0M5cmc%7C%7C?hl=zh-TW,secondary,latest_annotation,2026-06-23T08:07:25.836121+00:00
9aaec10b30a60c7eef8920f5,莎瓦迪卡海鮮.泰,lily thania,,5,"好吃
推薦",https://www.google.com/maps/reviews/data=!4m8!14m7!1m6!2m5!1sCi9DQUlRQUNvZENodHljRjlvT21Kd1kzbE9XVEIyWlVwalpscHVSMFo0Tm5sbFFXYxAB!2m1!1s0x0:0x75eb42d2331ab810!3m1!1s2@1:CAIQACodChtycF9oOmJwY3lOWTB2ZUpjZlpuR0Z4NnllQWc%7C%7C?hl=zh-TW,secondary,latest_annotation,2026-05-10T14:44:56.301721+00:00
5601ff494d3b161a7dbb887b,習慣這家Café- 基隆廟口店,eva wu,,5,服務態度很好，餐點也好吃😋，未來還會想再次前往。,https://www.google.com/maps/reviews/data=!4m8!14m7!1m6!2m5!1sCi9DQUlRQUNvZENodHljRjlvT25salJUVkZlbUpFUkc1Vk5GVkpWVVl3WlMxVFIyYxAB!2m1!1s0x0:0x146fdbc23fda209d!3m1!1s2@1:CAIQACodChtycF9oOnljRTVFemJERG5VNFVJVUYwZS1TR2c%7C%7C?hl=zh-TW,secondary,latest_annotation,2026-05-31T17:53:27.209462+00:00
9579111acd755dec5fe30351,芭頱霸-甘草芭樂現切水果,邵萱,,5,愛吃芭樂的我來嚐鮮嘍！🤭🤭🤭,https://www.google.com/maps/reviews/data=!4m8!14m7!1m6!2m5!1sChdDSUhNMG9nS0VJQ0FnSUNfLXNUcmhBRRAB!2m1!1s0x0:0xb16b896b61687b5c!3m1!1s2@1:CIHM0ogKEICAgIC_-sTrhAE%7C%7C?hl=zh-TW,secondary,latest_annotation,2026-06-23T08:46:54.100451+00:00
d2400e67002a0a43ece57cef,曼谷泰式料理（永和店）,液嘿嘿,,5,好吃～環境也不錯,https://www.google.com/maps/reviews/data=!4m8!14m7!1m6!2m5!1sCi9DQUlRQUNvZENodHljRjlvT201a1FrSmZNa2RqYzBGbVoyOVFXV1ZDWjJ0cVZsRRAB!2m1!1s0x0:0xa94ca38295cf0e21!3m1!1s2@1:CAIQACodChtycF9oOm5kQkJfMkdjc0FmZ29QWWVCZ2tqVlE%7C%7C?hl=zh-TW,secondary,latest_annotation,2026-06-23T08:17:38.13232+00:00
c3681ecd23c2d9c3987e64fb,姥沙四川麻辣鍋,妘,,5,肉質鮮美，湯頭鮮甜，老闆兒子的肥肉也很讚！,https://www.google.com/maps/reviews/data=!4m8!14m7!1m6!2m5!1sChdDSUhNMG9nS0VJQ0FnSURNczRQMTJRRRAB!2m1!1s0x0:0xe71e4c627279510!3m1!1s2@1:CIHM0ogKEICAgIDMs4P12QE%7C%7C?hl=zh-TW,secondary,latest_annotation,2026-05-31T17:25:07.559742+00:00
ee5db875398b54915dc09bd6,姥沙四川麻辣鍋,陳彥樺,,5,超級好吃！！,https://www.google.com/maps/reviews/data=!4m8!14m7!1m6!2m5!1sChdDSUhNMG9nS0VJQ0FnSUQwM00zOXFBRRAB!2m1!1s0x0:0xe71e4c627279510!3m1!1s2@1:CIHM0ogKEICAgID03M39qAE%7C%7C?hl=zh-TW,secondary,latest_annotation,2026-05-31T17:22:07.688304+00:00
02b254b1de89fd637614adad,桃園市政府消防局第二大隊富岡分隊,羽衤,,5,朝聖富岡消防隊🗡️🌊🚒 看了大家的評論一直抖笑 太熱血啦🤣🤣 消防隊員們辛苦了!!,https://www.google.com/maps/reviews/data=!4m8!14m7!1m6!2m5!1sCi9DQUlRQUNvZENodHljRjlvT2tKcFJUZHFXRU5uTWxwd05Wa3RUV1I1Wm1NM1VIYxAB!2m1!1s0x0:0x398fa4cd19d75735!3m1!1s2@1:CAIQACodChtycF9oOkJpRTdqWENnMlpwNVktTWR5ZmM3UHc%7C%7C?hl=zh-TW,secondary,latest_annotation,2026-06-23T08:29:48.338173+00:00
9ec1459d24b8d42173ec4612,海勒牛排館 基隆牛排館,黯光輝,,5,"全部都很滿意
唯一不滿意的地方 幫兄弟生日過生日 遇到沒預約在外面等十分鐘的客人 硬要插隊 老闆讓他插隊 請他近來吃飯 近來老闆帶位 他在那邊挑位置 一下太遠 一下說全部用餐客人太吵
老闆說 那你可能不適合在我們這裡用餐 他就說我今天只是想要在這邊好好過個生日 要求要吃
老闆客氣跟他確認很多次要不要吃  他要吃 一直騷擾其他桌 後來老闆請他出去 他又說特別來基隆吃飯 基隆人都對他不友善 被請出去又恐嚇老闆說 我要去留言也沒關係嗎？老闆說我不能限制你 看你
為什麼打這麼長 因為不想害店家被誤會
對應誰 請看有人美化自己 什麼等十分鐘 被趕出 很可憐。 留言一顆星那位 自己檢討吧 今天日期的。
我兄弟 跟 基隆人得罪你是嗎",https://www.google.com/maps/reviews/data=!4m8!14m7!1m6!2m5!1sCi9DQUlRQUNvZENodHljRjlvT25CNVZqVktkalpvVUhsVFZHUlBabkU0UlVWVlIyYxAB!2m1!1s0x0:0xff15180e333af4dc!3m1!1s2@1:CAIQACodChtycF9oOnB5VjVKdjZoUHlTVGRPZnE4RUVVR2c%7C%7C?hl=zh-TW,secondary,latest_annotation,2026-06-23T15:35:31.236098+00:00
1f91307c2babcb48e531f9d6,"致青春 ToYouth Restaurant ｜舌尖上的時光機,重溫青春好味,用美食犒賞努力的青春 新繹台式料理 萬華聚餐 西門美食 台灣菜推薦 TaiwanFood",summer sang,,5,很棒的餐廳,https://www.google.com/maps/reviews/data=!4m8!14m7!1m6!2m5!1sCi9DQUlRQUNvZENodHljRjlvT2xJd09HbGlPVTVsTTI5TlZWOHpUbTAzU25sU1JtYxAB!2m1!1s0x0:0x7e6f3c96f0634100!3m1!1s2@1:CAIQACodChtycF9oOlIwOGliOU5lM29NVV8zTm03SnlSRmc%7C%7C?hl=zh-TW,secondary,latest_annotation,2026-05-10T14:40:49.057612+00:00
2eb07fff58e905f44da14bff,九層塔蒸籠海鮮火鍋,李培英,,5,好吃,https://www.google.com/maps/reviews/data=!4m8!14m7!1m6!2m5!1sCi9DQUlRQUNvZENodHljRjlvT2toMGMzVXdZVlJoUkZGR09ITlNNVkJYYW1JMmNVRRAB!2m1!1s0x0:0x80aef709afae771a!3m1!1s2@1:CAIQACodChtycF9oOkh0c3UwYVRhRFFGOHNSMVBXamI2cUE%7C%7C?hl=zh-TW,secondary,resolution,2026-05-06T17:24:27.243470+00:00
4efed6d45fdbf6dedd79cb9e,長腳麵食,陳建華,,5,有歷史的基隆小吃,https://www.google.com/maps/reviews/data=!4m8!14m7!1m6!2m5!1sCi9DQUlRQUNvZENodHljRjlvT21sbGRGSlBWMUpXZW5KbWJqZFFWV0l0Ym5oTVEwRRAB!2m1!1s0x0:0xc7473ce0f30ad3a1!3m1!1s2@1:CAIQACodChtycF9oOmlldFJPV1JWenJmbjdQVWItbnhMQ0E%7C%7C?hl=zh-TW,secondary,resolution,2026-05-06T18:39:50.428958+00:00
8868ab87b24bba5870dd5840,隱家茶寮 基隆雨都篇,Coolber Chen,,4,吃飯聚餐聊天的好地方,https://www.google.com/maps/reviews/data=!4m8!14m7!1m6!2m5!1sChZDSUhNMG9nS0VJQ0FnSUNYeTVuZ0VBEAE!2m1!1s0x0:0xf1d68b00273f21b2!3m1!1s2@1:CIHM0ogKEICAgICXy5ngEA%7C%7C?hl=zh-TW,secondary,latest_annotation,2026-06-24T02:42:52.002069+00:00
2648517bc745602ecf13fd38,川崎拉麵,我不當人了,,1,東西很好吃，但抬頭看到節目是壹新聞，突然變得很倒胃,https://www.google.com/maps/reviews/data=!4m8!14m7!1m6!2m5!1sCi9DQUlRQUNvZENodHljRjlvT2sxT1pXZGljMDExWlZZMGNISkthWHBmUlZVNWNGRRAB!2m1!1s0x0:0x4e9cd2a9248d9063!3m1!1s2@1:CAIQACodChtycF9oOk1OZWdic011ZVY0cHJKaXpfRVU5cFE%7C%7C?hl=zh-TW,secondary,resolution,2026-05-04T13:52:27.136080+00:00
795571bd6ddce8bae0585a2f,古早風味甕仔雞,jack Aip,,5,2021/4/11哦一家十二口！嘴饞的！大老遠又跑去吃！這次我定了包廂內又可以唱戲！哈哈唱歌🎤啦⋯⋯,https://www.google.com/maps/reviews/data=!4m8!14m7!1m6!2m5!1sChdDSUhNMG9nS0VJQ0FnSUQwM1BiNC1BRRAB!2m1!1s0x0:0x948a9b3566a9ca8c!3m1!1s2@1:CIHM0ogKEICAgID03Pb4-AE%7C%7C?hl=zh-TW,secondary,resolution,2026-05-06T17:58:42.264179+00:00
86323264c38aceea9cc830fb,玩麵pasta 學府店,zhe rui YU,,5,我最愛的一間義大利麵店,https://www.google.com/maps/reviews/data=!4m8!14m7!1m6!2m5!1sCi9DQUlRQUNvZENodHljRjlvT2pOdFJqRlFPWFJvZEhGeFNFVk5RWEZHVkVabk5IYxAB!2m1!1s0x0:0xc37be9553083c19f!3m1!1s2@1:CAIQACodChtycF9oOjNtRjFQOXRodHFxSEVNQXFGVEZnNHc%7C%7C?hl=zh-TW,secondary,resolution,2026-05-06T18:28:53.402923+00:00
c03dc5f59dd598a1e0ae8d9c,嗑滿 call man | cafe & restaurant-中和義式餐廳|永和義式披薩|義大利麵首選|外帶義大利麵|寵物友善餐廳|早午餐|必吃義大利麵|親子友善餐廳|平價義大利麵,Warren Lee,,5,人生第一次挑戰蒟蒻麵，然後居然是義大利麵形式呈現，蠻特別的體驗！,https://www.google.com/maps/reviews/data=!4m8!14m7!1m6!2m5!1sChdDSUhNMG9nS0VJQ0FnSUR4NXRXU21BRRAB!2m1!1s0x0:0x1b4959be6ef3b34d!3m1!1s2@1:CIHM0ogKEICAgIDx5tWSmAE%7C%7C?hl=zh-TW,secondary,latest_annotation,2026-06-23T13:35:50.896422+00:00
4927d9551ca4ea40432be18e,暖日咖啡Warm Day Cafe《無電話、營業時間IG為主》,簡志宇,,5,這裡是天堂嗎😇,https://www.google.com/maps/reviews/data=!4m8!14m7!1m6!2m5!1sChdDSUhNMG9nS0VJQ0FnTURvZ0t6a2tRRRAB!2m1!1s0x0:0x8f9a09e026ac4477!3m1!1s2@1:CIHM0ogKEICAgMDogKzkkQE%7C%7C?hl=zh-TW,secondary,latest_annotation,2026-06-23T14:35:56.741549+00:00
72d895783a1abf5750b65420,桃園市政府消防局第二大隊富岡分隊,Matt Hsu,,5,富岡獨創 水之呼吸 拾壹之型 凪,https://www.google.com/maps/reviews/data=!4m8!14m7!1m6!2m5!1sCi9DQUlRQUNvZENodHljRjlvT25GemVrOVFhWFp0ZUZkWlRYRllTRWRZVDJSMlgyYxAB!2m1!1s0x0:0x398fa4cd19d75735!3m1!1s2@1:CAIQACodChtycF9oOnFzek9QaXZteFdZTXFYSEdYT2R2X2c%7C%7C?hl=zh-TW,irrelevant,latest_annotation,2026-06-23T08:34:12.617135+00:00
4f8f3a33b762ffb8d96f869c,芭頱霸-甘草芭樂現切水果,阿黑,,5,買炒麵順便買芭樂 很方便～,https://www.google.com/maps/reviews/data=!4m8!14m7!1m6!2m5!1sCi9DQUlRQUNvZENodHljRjlvT2xSaU5UbHVSM1JmWTJ4WVVEZGhTa2RGUzB0ME0zYxAB!2m1!1s0x0:0xb16b896b61687b5c!3m1!1s2@1:CAIQACodChtycF9oOlRiNTluR3RfY2xYUDdhSkdFS0t0M3c%7C%7C?hl=zh-TW,irrelevant,latest_annotation,2026-06-23T08:45:41.798447+00:00
5294f5d910cfcb3e36336e75,阿華炒麵,gahei kyo,,5,"我在基隆長大快40年了不懂這家在紅什麼？
給予尊重給5顆星 請各位外地客多捧場
讓基隆有排名的炒麵店少點外地客品高一點",https://www.google.com/maps/reviews/data=!4m8!14m7!1m6!2m5!1sCi9DQUlRQUNvZENodHljRjlvT2pRMVZDMTNXVE55TVVsdFNraENNMXB0UjNJNFFtYxAB!2m1!1s0x0:0xcc39683c9dc7cd21!3m1!1s2@1:CAIQACodChtycF9oOjQ1VC13WTNyMUltSkhCM1ptR3I4Qmc%7C%7C?hl=zh-TW,irrelevant,resolution,2026-05-06T18:50:49.790997+00:00
d516a62170c5a7aa12b7a59d,桃園市政府消防局第二大隊富岡分隊,Vagrant Sherlock,,5,水之呼吸，惡火滅盡,https://www.google.com/maps/reviews/data=!4m8!14m7!1m6!2m5!1sCi9DQUlRQUNvZENodHljRjlvT25WTmQyRlRSakJLWHpSbGJITktkSGQ2TFVweE5tYxAB!2m1!1s0x0:0x398fa4cd19d75735!3m1!1s2@1:CAIQACodChtycF9oOnVNd2FTRjBKXzRlbHNKdHd6LUpxNmc%7C%7C?hl=zh-TW,irrelevant,latest_annotation,2026-06-23T08:32:23.015608+00:00
47b53603fe1495a7e3f7fe97,熊一頂級燒肉-西門二店,薛婷勻,,5,第一次來這家，跟閨蜜一起來吃飯約會，如果好吃的話，下次一定還會再來光顧的,https://www.google.com/maps/reviews/data=!4m8!14m7!1m6!2m5!1sCi9DQUlRQUNvZENodHljRjlvT2poelJFOWFiMk5LVGpKdFNqQlFTemxXWDFsNlZFRRAB!2m1!1s0x0:0xc76ec7f17bb44c38!3m1!1s2@1:CAIQACodChtycF9oOjhzRE9ab2NKTjJtSjBQSzlWX1l6VEE%7C%7C?hl=zh-TW,irrelevant,latest_annotation,2026-05-26T10:21:13.487196+00:00
a098a3a091c944d32a2ae79c,桃園市政府消防局第二大隊富岡分隊,波噗嚕,,5,聽說這裡有很強的水柱呢<br>偉哉富岡義勇さん,https://www.google.com/maps/reviews/data=!4m8!14m7!1m6!2m5!1sCi9DQUlRQUNvZENodHljRjlvT25oM2NVZEJTV0pHYVRGcFZHWllhM0JKVERoUVNtYxAB!2m1!1s0x0:0x398fa4cd19d75735!3m1!1s2@1:CAIQACodChtycF9oOnh3cUdBSWJGaTFpVGZYa3BJTDhQSmc%7C%7C?hl=zh-TW,irrelevant,latest_annotation,2026-06-23T08:30:01.445214+00:00
7835b6a8ca2786e24c297afc,桃園市政府消防局第二大隊富岡分隊,Ning Ma,,5,惡火滅殺,https://www.google.com/maps/reviews/data=!4m8!14m7!1m6!2m5!1sCi9DQUlRQUNvZENodHljRjlvT2tocmR5MHpZVk5WTUVWUGRFWnBOMGwyZERkbU1uYxAB!2m1!1s0x0:0x398fa4cd19d75735!3m1!1s2@1:CAIQACodChtycF9oOkhrdy0zYVNVMEVPdEZpN0l2dDdmMnc%7C%7C?hl=zh-TW,irrelevant,latest_annotation,2026-06-23T08:34:09.559779+00:00
4bb8574fd52ea8d3d95cb30d,桃園市政府消防局第二大隊富岡分隊,巧克力,,5,富岡義勇消防隊，這是巧合嗎，我不相信,https://www.google.com/maps/reviews/data=!4m8!14m7!1m6!2m5!1sCi9DQUlRQUNvZENodHljRjlvT21ka2FVUmpkME00WkhOaFh6TnBlVEkwT1ZOVFIwRRAB!2m1!1s0x0:0x398fa4cd19d75735!3m1!1s2@1:CAIQACodChtycF9oOmdkaURjd0M4ZHNhXzNpeTI0OVNTR0E%7C%7C?hl=zh-TW,irrelevant,latest_annotation,2026-06-23T08:30:44.593232+00:00
e215b3e5c563c783970141a5,Twozzim韓國燉雞-台北信義店,HY C,,1,幫未來的自己memo,https://www.google.com/maps/reviews/data=!4m8!14m7!1m6!2m5!1sChdDSUhNMG9nS0VJQ0FnSUQzbzRPbGx3RRAB!2m1!1s0x0:0x2d1ec8ba1257497e!3m1!1s2@1:CIHM0ogKEICAgID3o4OllwE%7C%7C?hl=zh-TW,irrelevant,latest_annotation,2026-05-10T16:39:20.993037+00:00
8da62e0a7534351df07a4600,燒究食寓 萬華店 – 居酒屋｜宵夜｜串燒,Yuting,,5,第一次來，很期待餐食,https://www.google.com/maps/reviews/data=!4m8!14m7!1m6!2m5!1sCi9DQUlRQUNvZENodHljRjlvT2psUVVUaFhTVkZGYlhselQyZHNkMDV6UzI1emRYYxAB!2m1!1s0x0:0x4719f5b1383dc6ce!3m1!1s2@1:CAIQACodChtycF9oOjlQUThXSVFFbXlzT2dsd05zS25zdXc%7C%7C?hl=zh-TW,irrelevant,latest_annotation,2026-05-10T14:03:03.495683+00:00
f83593d665fa3c08f1fce23c,桃園市政府消防局第二大隊富岡分隊,eternal stars,,5,水の呼吸‧ 拾ノ型‧ 生生流転！,https://www.google.com/maps/reviews/data=!4m8!14m7!1m6!2m5!1sCi9DQUlRQUNvZENodHljRjlvT25WM1ZqWTNURTFJUXkxdGNFRnlVWFl6YUhBNFZYYxAB!2m1!1s0x0:0x398fa4cd19d75735!3m1!1s2@1:CAIQACodChtycF9oOnV3VjY3TE1IQy1tcEFyUXYzaHA4VXc%7C%7C?hl=zh-TW,irrelevant,latest_annotation,2026-06-23T08:31:45.344903+00:00
09947e151823699b6842a525,李家鍋貼饅頭,陳曉倩,,5,"請問可以宅配嗎？
多少才免運費
或買多少才能宅配",https://www.google.com/maps/reviews/data=!4m8!14m7!1m6!2m5!1sChdDSUhNMG9nS0VNSzF3OW4wcy1TSnRnRRAB!2m1!1s0x0:0xd4c22b937611c47d!3m1!1s2@1:CIHM0ogKEMK1w9n0s-SJtgE%7C%7C?hl=zh-TW,irrelevant,latest_annotation,2026-05-04T05:53:18.761809+00:00
d9521851db8f222e50cf3d2f,桃園市政府消防局第二大隊富岡分隊,莊紹恩,,5,打倒猗窩座吧,https://www.google.com/maps/reviews/data=!4m8!14m7!1m6!2m5!1sCi9DQUlRQUNvZENodHljRjlvT2xabVQwODRRbkp6WjJ4eFNESlVPREpDWWxZd01uYxAB!2m1!1s0x0:0x398fa4cd19d75735!3m1!1s2@1:CAIQACodChtycF9oOlZmT084QnJzZ2xxSDJUODJCYlYwMnc%7C%7C?hl=zh-TW,irrelevant,latest_annotation,2026-06-23T08:29:35.558893+00:00
9e8e40c59b8d4423fb0db1a9,桃園市政府消防局第二大隊富岡分隊,CHE-WEI LIU,,5,水柱加油！,https://www.google.com/maps/reviews/data=!4m8!14m7!1m6!2m5!1sCi9DQUlRQUNvZENodHljRjlvT2xWRk5sOUlRWEZNVDNSRGFVOW9ka3BFVkdsVE1WRRAB!2m1!1s0x0:0x398fa4cd19d75735!3m1!1s2@1:CAIQACodChtycF9oOlVFNl9IQXFMT3RDaU9odkpEVGlTMVE%7C%7C?hl=zh-TW,irrelevant,latest_annotation,2026-06-23T08:39:38.703858+00:00
1a8fa9e278225ce934e80623,桃園市政府消防局第二大隊富岡分隊,David,,5,真正的水柱在這裡,https://www.google.com/maps/reviews/data=!4m8!14m7!1m6!2m5!1sCi9DQUlRQUNvZENodHljRjlvT2t0aVNUTnJiVnBUVWpkdFRUTlJjRVJOWDNZM1IwRRAB!2m1!1s0x0:0x398fa4cd19d75735!3m1!1s2@1:CAIQACodChtycF9oOktiSTNrbVpTUjdtTTNRcERNX3Y3R0E%7C%7C?hl=zh-TW,irrelevant,latest_annotation,2026-06-23T08:37:21.036694+00:00
18f5c1aa1821b92c8b104636,華星牛排館,Mr TIN,,5,聽說憨春會來這裡打人🤣,https://www.google.com/maps/reviews/data=!4m8!14m7!1m6!2m5!1sCi9DQUlRQUNvZENodHljRjlvT20xTVJsWlphR2RsTUd0UE1GRnJVakpCVEhONVUzYxAB!2m1!1s0x0:0x54b49afd393b8a02!3m1!1s2@1:CAIQACodChtycF9oOm1MRlZZaGdlMGtPMFFrUjJBTHN5U3c%7C%7C?hl=zh-TW,irrelevant,latest_annotation,2026-06-24T01:51:34.734957+00:00
28120fbcb8f38980ffbe4048,安樓咖啡 (Enzo Cafe),Lin Cindy,,5,安靜而舒服的旅社,https://www.google.com/maps/reviews/data=!4m8!14m7!1m6!2m5!1sCi9DQUlRQUNvZENodHljRjlvT21odWMzaFljVkJNVFdoSlduTkJUV0UwTkdwWldIYxAB!2m1!1s0x0:0x247b150ff20127e9!3m1!1s2@1:CAIQACodChtycF9oOmhuc3hYcVBMTWhJWnNBTWE0NGpZWHc%7C%7C?hl=zh-TW,irrelevant,latest_annotation,2026-05-04T07:39:08.066665+00:00
1501770d9bbf957720a8bb55,桃園市政府消防局第二大隊富岡分隊,Xie,,5,富岡～不要死啊😭❤️,https://www.google.com/maps/reviews/data=!4m8!14m7!1m6!2m5!1sCi9DQUlRQUNvZENodHljRjlvT21sT1dHNXlaSE5wY20xUExXdHhNR041Wm5CVFExRRAB!2m1!1s0x0:0x398fa4cd19d75735!3m1!1s2@1:CAIQACodChtycF9oOmlOWG5yZHNpcm1PLWtxMGN5ZnBTQ1E%7C%7C?hl=zh-TW,irrelevant,latest_annotation,2026-06-23T08:32:02.890206+00:00
aa9a128130349b0159449d27,桃園市政府消防局第二大隊富岡分隊,陳品龍,,5,水之呼吸👍🏻,https://www.google.com/maps/reviews/data=!4m8!14m7!1m6!2m5!1sCi9DQUlRQUNvZENodHljRjlvT21ReVRGcDZiVkI1U3paZmQwVmlTM3BrV0UxSVFVRRAB!2m1!1s0x0:0x398fa4cd19d75735!3m1!1s2@1:CAIQACodChtycF9oOmQyTFp6bVB5SzZfd0ViS3pkWE1IQUE%7C%7C?hl=zh-TW,irrelevant,latest_annotation,2026-06-23T08:28:51.318881+00:00
50a0e01eb2233e8e06169e11,那間居酒屋 Najian Izakaya,Xu Junwei,,5,外瑞古德，，好吃的~~,https://www.google.com/maps/reviews/data=!4m8!14m7!1m6!2m5!1sChdDSUhNMG9nS0VJQ0FnSUQ3bXNheTBBRRAB!2m1!1s0x0:0xda78e1c80b853354!3m1!1s2@1:CIHM0ogKEICAgID7msay0AE%7C%7C?hl=zh-Hant,irrelevant,latest_annotation,2026-06-24T05:40:27.771398+00:00
6d052fbc3e764398aee94a68,桃園市政府消防局第二大隊富岡分隊,厲力言,,5,已經有50年沒有遇過這麼強的水柱了👊🤚,https://www.google.com/maps/reviews/data=!4m8!14m7!1m6!2m5!1sCi9DQUlRQUNvZENodHljRjlvT200M2F6UjFaMlV5VVV4c1FsWXdZekJFYlhsemVrRRAB!2m1!1s0x0:0x398fa4cd19d75735!3m1!1s2@1:CAIQACodChtycF9oOm43azR1Z2UyUUxsQlYwYzBEbXlzekE%7C%7C?hl=zh-TW,irrelevant,latest_annotation,2026-06-23T08:31:24.123787+00:00
3926bb0598d0018ca9dd7888,桃園市政府消防局第二大隊富岡分隊,V태태,,5,全台灣我只服富岡<br>義勇桑～<br>水之呼吸 參之型．流流舞,https://www.google.com/maps/reviews/data=!4m8!14m7!1m6!2m5!1sCi9DQUlRQUNvZENodHljRjlvT2tkMFMzbHdPRzFtZWpoUU9Ib3hVV05uVjJKd2RsRRAB!2m1!1s0x0:0x398fa4cd19d75735!3m1!1s2@1:CAIQACodChtycF9oOkd0S3lwOG1mejhQOHoxUWNnV2JwdlE%7C%7C?hl=zh-TW,irrelevant,latest_annotation,2026-06-23T08:32:06.048322+00:00
e7a73c323fd48c49fea6caff,桃園市政府消防局第二大隊富岡分隊,周詳,,5,幫富岡義勇點讚,https://www.google.com/maps/reviews/data=!4m8!14m7!1m6!2m5!1sCi9DQUlRQUNvZENodHljRjlvT2pCTlRWRktNVjlVVDNOSGFFbFFTM1ZKWW5oM1ZVRRAB!2m1!1s0x0:0x398fa4cd19d75735!3m1!1s2@1:CAIQACodChtycF9oOjBNTVFKMV9UT3NHaElQS3VJYnh3VUE%7C%7C?hl=zh-TW,irrelevant,latest_annotation,2026-06-23T08:30:51.846798+00:00
3b50114dc42908f5c5cdd4eb,李家鍋貼饅頭,peter2.pao包迺璜,,4,"孝三99巷
李家鍋貼饅頭20、韭菜盒子35
長腳扁食麵50、豬腳麵90、扁食湯30
大腸圈150/斤、50/份、吉古拉25、豬肺25、豬血湯30
忠二32大呼過隱泡菜臭臭鍋/海鮮豆腐鍋150",https://www.google.com/maps/reviews/data=!4m8!14m7!1m6!2m5!1sChZDSUhNMG9nS0VJQ0FnTUNRLTU3SUt3EAE!2m1!1s0x0:0xd4c22b937611c47d!3m1!1s2@1:CIHM0ogKEICAgMCQ-57IKw%7C%7C?hl=zh-TW,irrelevant,latest_annotation,2026-05-04T05:54:58.400953+00:00
6b7e75ca24a7ae7f48245506,桃園市政府消防局第二大隊富岡分隊,楊允佑,,5,惡火滅消！,https://www.google.com/maps/reviews/data=!4m8!14m7!1m6!2m5!1sCi9DQUlRQUNvZENodHljRjlvT25KdFNISnJTa1pSY2poNUxVMWtibFl6WjJSM1ZYYxAB!2m1!1s0x0:0x398fa4cd19d75735!3m1!1s2@1:CAIQACodChtycF9oOnJtSHJrSkZRcjh5LU1kblYzZ2R3VXc%7C%7C?hl=zh-TW,irrelevant,latest_annotation,2026-06-23T08:30:10.206531+00:00
a23ddb6d3a5736782a282fc3,桃園市政府消防局第二大隊富岡分隊,Lawrence,,5,朝聖<br>義勇桑：想殺炭治郎的話，得先打敗我…！！,https://www.google.com/maps/reviews/data=!4m8!14m7!1m6!2m5!1sCi9DQUlRQUNvZENodHljRjlvT25aV2NqQTVkSFJyUXpWRWVWY3pRbUZ0WkMxUFZFRRAB!2m1!1s0x0:0x398fa4cd19d75735!3m1!1s2@1:CAIQACodChtycF9oOnZWcjA5dHRrQzVEeVczQmFtZC1PVEE%7C%7C?hl=zh-TW,irrelevant,latest_annotation,2026-06-23T08:34:50.680478+00:00
6d58c179bfcfe0020f31545c,叁男燒肉酒場本舖,漢漢,,5,專門從苗栗過來<br>到門口直接跟我説今天停止接客！<br><br>超級無敵傷心10:58分<br>心情不美麗<br><br>業主認真經營 我專門回來改留言<br><br>所以才專門過去的<br><br>當然一定要再去試試看<br><br>老闆加油👏,https://www.google.com/maps/reviews/data=!4m8!14m7!1m6!2m5!1sCi9DQUlRQUNvZENodHljRjlvT2pSUFIwSXpWRjk1VTFkcVgwNXdOWGQzV25KRGJIYxAB!2m1!1s0x0:0x778d3a09636e5eac!3m1!1s2@1:CAIQACodChtycF9oOjRPR0IzVF95U1dqX05wNXd3WnJDbHc%7C%7C?hl=zh-TW,irrelevant,latest_annotation,2026-06-23T07:41:25.514542+00:00
2d68d0be3c278faf45bc61ff,桃園市政府消防局第二大隊富岡分隊,Jeff Sun,,5,聽說是會用水柱滅火的富岡義勇消防隊,https://www.google.com/maps/reviews/data=!4m8!14m7!1m6!2m5!1sCi9DQUlRQUNvZENodHljRjlvT2pSQlpYaFpWekIzYjB4WlVYa3dURVk1TlcxWU1tYxAB!2m1!1s0x0:0x398fa4cd19d75735!3m1!1s2@1:CAIQACodChtycF9oOjRBZXhZVzB3b0xZUXkwTEY5NW1YMmc%7C%7C?hl=zh-TW,irrelevant,latest_annotation,2026-06-23T08:35:32.346017+00:00
df36766f48321784c6cbc10c,桃園市政府消防局第二大隊富岡分隊,雲海,,5,富岡義勇，水柱對吧？,https://www.google.com/maps/reviews/data=!4m8!14m7!1m6!2m5!1sCi9DQUlRQUNvZENodHljRjlvT2taSFQxVnphMU5KWHpSYWJ6Rm5SSGxpWlZsTlJYYxAB!2m1!1s0x0:0x398fa4cd19d75735!3m1!1s2@1:CAIQACodChtycF9oOkZHT1Vza1NJXzRabzFnRHliZVlNRXc%7C%7C?hl=zh-TW,irrelevant,latest_annotation,2026-06-23T08:28:41.776273+00:00
6a3a8248c289291b80fbd136,桃園市政府消防局第二大隊富岡分隊,阿寧,,5,富岡義勇軍！！！火滅之呼吸👃,https://www.google.com/maps/reviews/data=!4m8!14m7!1m6!2m5!1sCi9DQUlRQUNvZENodHljRjlvT2psMlNIZzFXVkZsUTJ4MVNXWm5jR0ZITWxKQ09YYxAB!2m1!1s0x0:0x398fa4cd19d75735!3m1!1s2@1:CAIQACodChtycF9oOjl2SHg1WVFlQ2x1SWZncGFHMlJCOXc%7C%7C?hl=zh-TW,irrelevant,latest_annotation,2026-06-23T08:28:26.685147+00:00
7a758b5b9910ea0e0f95df3d,桃園市政府消防局第二大隊富岡分隊,劉俊緯,,5,水之呼吸 漆ノ型 雫波紋突き！！！！！,https://www.google.com/maps/reviews/data=!4m8!14m7!1m6!2m5!1sCi9DQUlRQUNvZENodHljRjlvT20xV1RXODVOVVY2WmpsU1pVMWtkamxqUWxaWU1HYxAB!2m1!1s0x0:0x398fa4cd19d75735!3m1!1s2@1:CAIQACodChtycF9oOm1WTW85NUV6ZjlSZU1kdjljQlZYMGc%7C%7C?hl=zh-TW,irrelevant,latest_annotation,2026-06-23T08:31:27.783732+00:00
a2f02fc21ec6b3c72e82c48c,安樓咖啡 (Enzo Cafe),Iohanna Jo,,4,"太晚入住就是店家會給你密碼，採自助入住
如果打電話只能有咖啡那邊的人接聽，而且一問三不知，完全沒有文旅的人回覆，只能官網私訊詢問，這點超級不方便

有提供烹煮地方跟自助洗衣機，但洗衣機會洗住客的毛巾那些，覺得不太乾淨

不過房間內擺飾裝潢都很用心！廁所很小但還算可以，有點像日本浴廁分開
床邊的窗戶很有味道，但樓下燈閃閃閃加上噪音真的也是蠻吵的。還有冰箱不太涼！
覺得可以來住蠻有特色的，不然基隆真的沒有好的住宿•••",https://www.google.com/maps/reviews/data=!4m8!14m7!1m6!2m5!1sChZDSUhNMG9nS0VJQ0FnSURuaHRXNlJBEAE!2m1!1s0x0:0x247b150ff20127e9!3m1!1s2@1:CIHM0ogKEICAgIDnhtW6RA%7C%7C?hl=zh-TW,irrelevant,latest_annotation,2026-05-04T07:39:31.66139+00:00
56943b7cb40873201966159b,隱家茶寮 基隆雨都篇,CHEN YUN CHIEN,,4,拿鐵咖啡去冰120,https://www.google.com/maps/reviews/data=!4m8!14m7!1m6!2m5!1sCi9DQUlRQUNvZENodHljRjlvT20weE5HOW1WR1pWVm1oRWFEWTVOV0ZSWkdJMFdsRRAB!2m1!1s0x0:0xf1d68b00273f21b2!3m1!1s2@1:CAIQACodChtycF9oOm0xNG9mVGZVVmhEaDY5NWFRZGI0WlE%7C%7C?hl=zh-TW,irrelevant,latest_annotation,2026-06-24T02:43:22.484654+00:00
e8752764ca6f2eea8f518fb1,桃園市政府消防局第二大隊富岡分隊,孫丞宏,,5,水柱，加油啊啊啊啊啊！！！,https://www.google.com/maps/reviews/data=!4m8!14m7!1m6!2m5!1sCi9DQUlRQUNvZENodHljRjlvT2xWWmVVczVUMGgyYVhOWVMyOUpjSHBZYlVGb2MwRRAB!2m1!1s0x0:0x398fa4cd19d75735!3m1!1s2@1:CAIQACodChtycF9oOlVZeUs5T0h2aXNYS29JcHpYbUFoc0E%7C%7C?hl=zh-TW,irrelevant,latest_annotation,2026-06-23T08:30:47.952262+00:00
a7a5e006d408d61c330f78cb,桃園市政府消防局第二大隊富岡分隊,Ray S,,5,富岡義勇分隊 流流舞 ～～<br>（朝聖）,https://www.google.com/maps/reviews/data=!4m8!14m7!1m6!2m5!1sCi9DQUlRQUNvZENodHljRjlvT2tGdWVVaG5UakowZUhwbFRWWm9OMGhxVkdSbmFFRRAB!2m1!1s0x0:0x398fa4cd19d75735!3m1!1s2@1:CAIQACodChtycF9oOkFueUhnTjJ0eHplTVZoN0hqVGRnaEE%7C%7C?hl=zh-TW,irrelevant,latest_annotation,2026-06-23T08:34:06.270647+00:00
8239cc885aeac9d07e35aef0,昨日花卷跨界好食,P e t e r,,5,薛老師講得非常清楚，上課非常認真，我吸收了很多，希望每一週都可以來上課。,https://www.google.com/maps/reviews/data=!4m8!14m7!1m6!2m5!1sCi9DQUlRQUNvZENodHljRjlvT2xCaFkxaDRNRkZuWTJWdGFXcFpPVTVwVUdONU0wRRAB!2m1!1s0x0:0xd113996f14065f69!3m1!1s2@1:CAIQACodChtycF9oOlBhY1h4MFFnY2VtaWpZOU5pUGN5M0E%7C%7C?hl=zh-TW,irrelevant,latest_annotation,2026-05-10T14:00:37.28937+00:00
f4aae1e939fca3993b4415ea,桃園市政府消防局第二大隊富岡分隊,May Chang,,5,水柱加油！！！！富岡義勇！！,https://www.google.com/maps/reviews/data=!4m8!14m7!1m6!2m5!1sCi9DQUlRQUNvZENodHljRjlvT2tOUWExZG1XSFl4ZG1SSmNqVkpRMlF0VEd0VWFrRRAB!2m1!1s0x0:0x398fa4cd19d75735!3m1!1s2@1:CAIQACodChtycF9oOkNQa1dmWHYxdmRJcjVJQ2QtTGtUakE%7C%7C?hl=zh-TW,irrelevant,latest_annotation,2026-06-23T08:34:11.005096+00:00
3cd4327a4ddb871b30955bcb,安樓咖啡 (Enzo Cafe),Little fu,,4,2年前住在雨島時，途經看到水泥空心磚裝飾的樓房，印象十分深刻。今年偶然間看到雜誌報導安樓文旅，如何讓一棟年久失修的醫師住宅，再重回眾人眼前的過程，還有一隻在修繕老宅出現的神秘巴西龜，它的眼睛很迷人，入住後，有到1樓就會拍一下它。文旅就在安樓咖啡右手邊，入住前會提供入住密碼，採自助式入住。離基隆夜市只要步行5分鐘，好吃的遠東泡泡冰也在旁邊，要去太平國小、基隆塔、海洋廣場、仁愛市場，都是步行可到的距離，位置非常優秀。磨石子、老花磚地板是我最喜歡的2大元素，原有的老宅文物也點綴展示在每層樓。1樓有餐桌，2樓有飲水機、餐盤用品、洗衣機，對於要長時間停留的人很方便。另外老房子還是會有一些管線噪音，但都不影響睡眠。對我最棒的點，還是那隻神秘烏龜。,https://www.google.com/maps/reviews/data=!4m8!14m7!1m6!2m5!1sChZDSUhNMG9nS0VJQ0FnSUNiMlBtZlNnEAE!2m1!1s0x0:0x247b150ff20127e9!3m1!1s2@1:CIHM0ogKEICAgICb2PmfSg%7C%7C?hl=zh-TW,irrelevant,latest_annotation,2026-05-04T07:38:27.537501+00:00
870218b800a5a0ee4c11d800,冰封仙果 ICE UNA 基隆廟口店,clementine胖珠格格,,5,2024/4/27來吃冰，店家生意不錯，整體裝潢很明亮舒服，因為小孩說想吃黑貓警長（就是仙草）很可愛的外型，吃起來也不錯，也是充滿仙草味道，而我是個芋頭控，點了這一碗芋頭、芋泥、芋圓的，中間都是牛奶雪花冰上方有撒杏仁片，在周圍旁邊放上芋泥、芋圓、芋頭，整體上口味上我覺得適合我，不會太甜，整碗冰旁邊還附上一杯無糖麥茶，我覺得很不錯，吃完還有茶可以潤潤可以喝，滿貼心的！喜歡吃冰的可以來吃看看，也離廟口不遠，在李鵠餅店這附近，旁邊有貍小路燒肉很好找，然後最後一張照片是打卡送的牛奶布丁，孩子說很好吃很喜歡😘,https://www.google.com/maps/reviews/data=!4m8!14m7!1m6!2m5!1sChZDSUhNMG9nS0VJQ0FnSUNqejk3NlFBEAE!2m1!1s0x0:0xd1ab745a655d1c3d!3m1!1s2@1:CIHM0ogKEICAgICjz976QA%7C%7C?hl=zh-Hant,irrelevant,latest_annotation,2026-06-24T05:21:24.827703+00:00
f665d6c78e476379316eec0d,桃園市政府消防局第二大隊富岡分隊,Shadow lee,,5,水柱我也來了,https://www.google.com/maps/reviews/data=!4m8!14m7!1m6!2m5!1sCi9DQUlRQUNvZENodHljRjlvT25Rd1dYaERRa2syTkMxNFZHZDVkV3ByY1djM01rRRAB!2m1!1s0x0:0x398fa4cd19d75735!3m1!1s2@1:CAIQACodChtycF9oOnQwWXhDQkk2NC14VGd5dWprcWc3MkE%7C%7C?hl=zh-TW,irrelevant,latest_annotation,2026-06-23T08:32:24.682117+00:00
cc13d43e56746e87ae2f64b2,桃園市政府消防局第二大隊富岡分隊,Jim Liang,,5,水之呼吸拾貳之型-消防隊,https://www.google.com/maps/reviews/data=!4m8!14m7!1m6!2m5!1sCi9DQUlRQUNvZENodHljRjlvT21oYWNFdFVjMnRFUlZwbVJWZzFTMmMxUms5RVVGRRAB!2m1!1s0x0:0x398fa4cd19d75735!3m1!1s2@1:CAIQACodChtycF9oOmhacEtUc2tERVpmRVg1S2c1Rk9EUFE%7C%7C?hl=zh-TW,irrelevant,latest_annotation,2026-06-23T08:35:01.512761+00:00
0a697511ab4643a02a6e428f,桃園市政府消防局第二大隊富岡分隊,陳虹如,,5,消防員手中的噴子就等同鬼殺隊手中的日輪刀！<br>無限支持日輪刀，不，消防設備預算！,https://www.google.com/maps/reviews/data=!4m8!14m7!1m6!2m5!1sCi9DQUlRQUNvZENodHljRjlvT2pJMmMycGxhbTlZVW5KZlJuRTVXR2RMTTBkRVJGRRAB!2m1!1s0x0:0x398fa4cd19d75735!3m1!1s2@1:CAIQACodChtycF9oOjI2c2plam9YUnJfRnE5WGdLM0dERFE%7C%7C?hl=zh-TW,irrelevant,latest_annotation,2026-06-23T08:28:33.290477+00:00
655bb8e2e00d5c0bcdaa1a3c,桃園市政府消防局第二大隊富岡分隊,K,,5,朝聖推<br>義勇桑！,https://www.google.com/maps/reviews/data=!4m8!14m7!1m6!2m5!1sCi9DQUlRQUNvZENodHljRjlvT2tsbFlsWXpSSFZxUTBWcVprVlVkVk55TVU0NGJtYxAB!2m1!1s0x0:0x398fa4cd19d75735!3m1!1s2@1:CAIQACodChtycF9oOkllYlYzRHVqQ0VqZkVUdVNyMU44bmc%7C%7C?hl=zh-TW,irrelevant,latest_annotation,2026-06-23T08:34:54.078926+00:00
e7865c758e4ef994c26fea27,桃園市政府消防局第二大隊富岡分隊,史考特,,5,富岡義勇消防隊！全台最強水柱！,https://www.google.com/maps/reviews/data=!4m8!14m7!1m6!2m5!1sCi9DQUlRQUNvZENodHljRjlvT2xWeWVWVTNVMUl5UmxwUFZuZFRNRU5YVERaV09VRRAB!2m1!1s0x0:0x398fa4cd19d75735!3m1!1s2@1:CAIQACodChtycF9oOlVyeVU3U1IyRlpPVndTMENXTDZWOUE%7C%7C?hl=zh-TW,irrelevant,latest_annotation,2026-06-23T08:31:22.781901+00:00
ac158ce51ab024f51898102e,安樓咖啡 (Enzo Cafe),Charlotte,,5,在夜市附近的旅館，房間環境都很乾淨，樓下就是咖啡廳，服務也很好～o⁠(⁠(⁠*⁠^⁠▽⁠^⁠*⁠)⁠)⁠o,https://www.google.com/maps/reviews/data=!4m8!14m7!1m6!2m5!1sChdDSUhNMG9nS0VJQ0FnTUNJb191SXhBRRAB!2m1!1s0x0:0x247b150ff20127e9!3m1!1s2@1:CIHM0ogKEICAgMCIo_uIxAE%7C%7C?hl=zh-TW,irrelevant,latest_annotation,2026-05-04T07:39:54.858919+00:00
e0369166c45d9564cdbd20d7,李家鍋貼饅頭,鄭雪敏,,5,舒適與其他合作廠商提供即時更新了他還是要在這個男人是因為你,https://www.google.com/maps/reviews/data=!4m8!14m7!1m6!2m5!1sChdDSUhNMG9nS0VJQ0FnSUNlcnNqSnFBRRAB!2m1!1s0x0:0xd4c22b937611c47d!3m1!1s2@1:CIHM0ogKEICAgICersjJqAE%7C%7C?hl=zh-TW,irrelevant,latest_annotation,2026-05-04T05:53:34.017773+00:00
dc906f292eac5b145a3e20b1,桃園市政府消防局第二大隊富岡分隊,Cheese Burger,,5,猗窩座：很久沒遇過這麼強的水柱了～,https://www.google.com/maps/reviews/data=!4m8!14m7!1m6!2m5!1sCi9DQUlRQUNvZENodHljRjlvT2pST2FIaHZkVTFoZVZacVgyVndWVEZCY0hkRlNuYxAB!2m1!1s0x0:0x398fa4cd19d75735!3m1!1s2@1:CAIQACodChtycF9oOjROaHhvdU1heVZqX2VwVTFBcHdFSnc%7C%7C?hl=zh-TW,irrelevant,latest_annotation,2026-06-23T08:37:33.769256+00:00
8d5fb8d88040aed8533b6123,桃園市政府消防局第二大隊富岡分隊,baosen chaugh,,5,超愛富岡義勇,https://www.google.com/maps/reviews/data=!4m8!14m7!1m6!2m5!1sCi9DQUlRQUNvZENodHljRjlvT2sxSWJ6QkJSRTlTUVZSZmFraDBVbEo0WldVMmJIYxAB!2m1!1s0x0:0x398fa4cd19d75735!3m1!1s2@1:CAIQACodChtycF9oOk1IbzBBRE9SQVRfakh0UlJ4ZWU2bHc%7C%7C?hl=zh-TW,irrelevant,latest_annotation,2026-06-23T08:31:50.22593+00:00
49d5d8bb76e66e9093adcbf9,芳奈,黃夢話,,5,賴泓又,https://www.google.com/maps/reviews/data=!4m8!14m7!1m6!2m5!1sChdDSUhNMG9nS0VJQ0FnSUQzOFBlSm9BRRAB!2m1!1s0x0:0xe53465926c93e6b!3m1!1s2@1:CIHM0ogKEICAgID38PeJoAE%7C%7C?hl=zh-TW,irrelevant,resolution,2026-05-06T18:32:46.472799+00:00
7092ce1a2ced98cc74d1b344,桃園市政府消防局第二大隊富岡分隊,Vivian Chung,,5,水の呼吸 伍ノ型 干天の慈雨,https://www.google.com/maps/reviews/data=!4m8!14m7!1m6!2m5!1sCi9DQUlRQUNvZENodHljRjlvT2xBNGJHaFZXVUZvT1RCdGJEUnVkWHByT0hKMVptYxAB!2m1!1s0x0:0x398fa4cd19d75735!3m1!1s2@1:CAIQACodChtycF9oOlA4bGhVWUFoOTBtbDRudXprOHJ1Zmc%7C%7C?hl=zh-TW,irrelevant,latest_annotation,2026-06-23T08:32:20.919765+00:00
7222923e7033ae36071b2bd2,"致青春 ToYouth Restaurant ｜舌尖上的時光機,重溫青春好味,用美食犒賞努力的青春 新繹台式料理 萬華聚餐 西門美食 台灣菜推薦 TaiwanFood",Howard FX,,5,帥喔,https://www.google.com/maps/reviews/data=!4m8!14m7!1m6!2m5!1sCi9DQUlRQUNvZENodHljRjlvT21VMlJGQjNUbmxXUVc1Qk1YcHNlbUZqUmxNd05uYxAB!2m1!1s0x0:0x7e6f3c96f0634100!3m1!1s2@1:CAIQACodChtycF9oOmU2RFB3TnlWQW5BMXpsemFjRlMwNnc%7C%7C?hl=zh-TW,irrelevant,latest_annotation,2026-05-10T14:40:49.05792+00:00
4e48b7f2097658b0d854e03f,安樓咖啡 (Enzo Cafe),Athena,,5,"入住安樓文旅
地點極佳就在廟口夜市旁走路不用一分鐘卻鬧中取靜
隔壁就是遠東泡泡冰及全聯
老宅風格的旅宿很有氣氛
採取自助入住 全程沒有接待人員
浴室蓮蓬頭的水壓非常大如同按摩服務
提供的濾掛咖啡及茶包都比一般飯店來的有誠意
青茶有奶香氣、衣索比亞濾掛有甜桃香氣
搭配附贈的雪Q餅一起當下午茶享用
公共區域也不馬虎
該有的家電、鍋碗瓢盆及廚具應有盡有
對於有潔癖的我 乾淨程度給與很高的分數
是每次來基隆都會想住的地點
（過夜停車可停信義國小 假日12小時上限210元）",https://www.google.com/maps/reviews/data=!4m8!14m7!1m6!2m5!1sChZDSUhNMG9nS0VJQ0FnSURUMDl6V1NREAE!2m1!1s0x0:0x247b150ff20127e9!3m1!1s2@1:CIHM0ogKEICAgIDT09zWSQ%7C%7C?hl=zh-TW,irrelevant,latest_annotation,2026-05-04T07:40:01.583373+00:00
9a4a092b185573eaa91e8615,熊一頂級燒肉-西門二店,徐苙菲,,5,新開的二店，來吃吃看，看起來環境很舒服,https://www.google.com/maps/reviews/data=!4m8!14m7!1m6!2m5!1sCi9DQUlRQUNvZENodHljRjlvT2tVd2FGSnNia1psVW5WcGMxTmlPVlpWUWs1MlgxRRAB!2m1!1s0x0:0xc76ec7f17bb44c38!3m1!1s2@1:CAIQACodChtycF9oOkUwaFJsbkZlUnVpc1NiOVZVQk52X1E%7C%7C?hl=zh-TW,irrelevant,latest_annotation,2026-05-26T10:23:06.200484+00:00
7b1bc30ee0041f753e91a487,桃園市政府消防局第二大隊富岡分隊,蔣宇軒 CHIANG YU-HSUAN L66064012,,5,朝聖富岡義勇消防隊,https://www.google.com/maps/reviews/data=!4m8!14m7!1m6!2m5!1sCi9DQUlRQUNvZENodHljRjlvT2s5bVkwRmxRMU5NYTNaVlpqWmxSM1JWU1hVd2VFRRAB!2m1!1s0x0:0x398fa4cd19d75735!3m1!1s2@1:CAIQACodChtycF9oOk9mY0FlQ1NMa3ZVZjZlR3RVSXUweEE%7C%7C?hl=zh-TW,irrelevant,latest_annotation,2026-06-23T08:29:30.645393+00:00
35d9351674113e3368a8f5d8,桃園市政府消防局第二大隊富岡分隊,jasonho2010,,5,富岡義勇加油⛽️,https://www.google.com/maps/reviews/data=!4m8!14m7!1m6!2m5!1sCi9DQUlRQUNvZENodHljRjlvT21sRlFtTXlaV2hXYUhCUlkzRjZVMHBqT0RCSWFVRRAB!2m1!1s0x0:0x398fa4cd19d75735!3m1!1s2@1:CAIQACodChtycF9oOmlFQmMyZWhWaHBRY3F6U0pjODBIaUE%7C%7C?hl=zh-TW,irrelevant,latest_annotation,2026-06-23T08:31:42.782697+00:00
9f7761618c5cae12ddd7f1a6,桃園市政府消防局第二大隊富岡分隊,鐵塊牧群,,5,據說富岡這裡有一支義勇消防隊，擅使水柱，救人無數,https://www.google.com/maps/reviews/data=!4m8!14m7!1m6!2m5!1sCi9DQUlRQUNvZENodHljRjlvT2xsVlpFNXdabWxUVFVVM1VtUnlaV053WHpZMlFrRRAB!2m1!1s0x0:0x398fa4cd19d75735!3m1!1s2@1:CAIQACodChtycF9oOllVZE5wZmlTTUU3UmRyZWNwXzY2QkE%7C%7C?hl=zh-TW,irrelevant,latest_annotation,2026-06-23T08:29:03.651903+00:00
6f5853c519c826eb5fd5f645,安樓咖啡 (Enzo Cafe),Ayasaki Lin,,5,"2024年6月來基隆玩，在這邊住了一晚。
看網路上介紹是老宅改建，確實古色古香。
訂房後，入住前一晚會收到大門與房間密碼，只要輸入密碼就可以進入房間，有問題可以詢問咖啡店的工作人員。
房間密碼好像下午3點後才會有效，如果提前到可以先把行李寄放在1樓。
房間乾淨舒適，住得很舒服，下次來基隆還會考慮來這邊住。",https://www.google.com/maps/reviews/data=!4m8!14m7!1m6!2m5!1sChdDSUhNMG9nS0VJQ0FnSURMd3BhcTlBRRAB!2m1!1s0x0:0x247b150ff20127e9!3m1!1s2@1:CIHM0ogKEICAgIDLwpaq9AE%7C%7C?hl=zh-TW,irrelevant,latest_annotation,2026-05-04T07:39:58.630746+00:00
c76dc85bc440ba336b14abf9,桃園市政府消防局第二大隊富岡分隊,KC Nanlcola Chan,,5,水柱加油~救世主,https://www.google.com/maps/reviews/data=!4m8!14m7!1m6!2m5!1sCi9DQUlRQUNvZENodHljRjlvT2taTGVuRnRZVVJtTW1rM1VtTkdRelZTUjFSWVluYxAB!2m1!1s0x0:0x398fa4cd19d75735!3m1!1s2@1:CAIQACodChtycF9oOkZLenFtYURmMmk3UmNGQzVSR1RYYnc%7C%7C?hl=zh-TW,irrelevant,latest_annotation,2026-06-23T08:34:52.418061+00:00
f1f143fea53612ae788e7787,小鴨片,布丁,,1,17:07在熊貓外送平台點了餐點，19:45才收到餐點，餐點已冷掉,https://www.google.com/maps/reviews/data=!4m8!14m7!1m6!2m5!1sCi9DQUlRQUNvZENodHljRjlvT2pCQ0xXTlhjRVJFVkZsVGNGRmtiRU5JU1d0YVpHYxAB!2m1!1s0x0:0x515ce2a573daaa6e!3m1!1s2@1:CAIQACodChtycF9oOjBCLWNXcEREVFlTcFFkbENISWtaZGc%7C%7C?hl=zh-TW,irrelevant,resolution,2026-05-06T18:12:38.742053+00:00
5cfeabdbe3d5ced3382f15ea,"致青春 ToYouth Restaurant ｜舌尖上的時光機,重溫青春好味,用美食犒賞努力的青春 新繹台式料理 萬華聚餐 西門美食 台灣菜推薦 TaiwanFood",Chen Peter,,5,還沒開始吃,https://www.google.com/maps/reviews/data=!4m8!14m7!1m6!2m5!1sCi9DQUlRQUNvZENodHljRjlvT2xWM05HWTVObFJLY0hwV1FtcEdSbEpXVEZCdlJrRRAB!2m1!1s0x0:0x7e6f3c96f0634100!3m1!1s2@1:CAIQACodChtycF9oOlV3NGY5NlRKcHpWQmpGRlJWTFBvRkE%7C%7C?hl=zh-TW,irrelevant,latest_annotation,2026-05-10T14:40:49.057972+00:00
8df4de5b9e3501640dbe55d1,桃園市政府消防局第二大隊富岡分隊,Yaishiou Chan,,5,讓我抽到水柱卡🙏🏻🙏🏻🙏🏻🙏🏻🙏🏻（祈願文,https://www.google.com/maps/reviews/data=!4m8!14m7!1m6!2m5!1sCi9DQUlRQUNvZENodHljRjlvT2paT1puQlFhMk5wV25aVlIzVm5ORWRhUTFJM2NYYxAB!2m1!1s0x0:0x398fa4cd19d75735!3m1!1s2@1:CAIQACodChtycF9oOjZOZnBQa2NpWnZVR3VnNEdaQ1I3cXc%7C%7C?hl=zh-TW,irrelevant,latest_annotation,2026-06-23T08:32:00.315938+00:00
3c6ebab65584edbe754e8690,桃園市政府消防局第二大隊富岡分隊,張凱翔（莫緒）,,5,這邊有人會開斑紋滅火！很猛！,https://www.google.com/maps/reviews/data=!4m8!14m7!1m6!2m5!1sCi9DQUlRQUNvZENodHljRjlvT21kME9HbzJSelIzZVdnMVEwRllUMGxVVHpCek1HYxAB!2m1!1s0x0:0x398fa4cd19d75735!3m1!1s2@1:CAIQACodChtycF9oOmd0OGo2RzR3eWg1Q0FYT0lUTzBzMGc%7C%7C?hl=zh-TW,irrelevant,latest_annotation,2026-06-23T08:30:37.835755+00:00
bebf57e6cea6062a77502d5f,華星牛排館,666 777,,5,憨春交待，请你吃一顿大餐,https://www.google.com/maps/reviews/data=!4m8!14m7!1m6!2m5!1sCi9DQUlRQUNvZENodHljRjlvT2t3eVVUUmpOVVJ6YW05Vk1IaG9SelJ0VWsxMk5rRRAB!2m1!1s0x0:0x54b49afd393b8a02!3m1!1s2@1:CAIQACodChtycF9oOkwyUTRjNURzam9VMHhoRzRtUk12NkE%7C%7C?hl=zh-TW,irrelevant,latest_annotation,2026-06-24T01:53:56.633767+00:00
d8f72317325d4f40fcf17226,桃園市政府消防局第二大隊富岡分隊,Adam Lai,,5,朝聖！,https://www.google.com/maps/reviews/data=!4m8!14m7!1m6!2m5!1sCi9DQUlRQUNvZENodHljRjlvT2tVMlVUQmFZVmhhVG1aWlNUWjRaREZYV0hSdmRsRRAB!2m1!1s0x0:0x398fa4cd19d75735!3m1!1s2@1:CAIQACodChtycF9oOkU2UTBaYVhaTmZZSTZ4ZDFXWHRvdlE%7C%7C?hl=zh-TW,irrelevant,latest_annotation,2026-06-23T08:39:42.113393+00:00
6e1f932e10428b35c0f26471,桃園市政府消防局第二大隊富岡分隊,HZs Channel,,5,請問背部還痛嗎?早日康復,https://www.google.com/maps/reviews/data=!4m8!14m7!1m6!2m5!1sCi9DQUlRQUNvZENodHljRjlvT2xwQ1VWcEdiR2hRZEZBeGFWZE5XR2RrYlZSbVgxRRAB!2m1!1s0x0:0x398fa4cd19d75735!3m1!1s2@1:CAIQACodChtycF9oOlpCUVpGbGhQdFAxaVdNWGdkbVRmX1E%7C%7C?hl=zh-TW,irrelevant,latest_annotation,2026-06-23T08:37:13.25136+00:00
26d51d507eda2e41d054a0c9,冰封仙果 ICE UNA 基隆廟口店,嫋嫋（四娘）,,5,本來要去附近吃飯的，結果被門口招牌吸引過去。裡面從小朋友到長者都有，各各驚呼可愛～可愛。,https://www.google.com/maps/reviews/data=!4m8!14m7!1m6!2m5!1sChdDSUhNMG9nS0VJQ0FnSURYOXBPSjdRRRAB!2m1!1s0x0:0xd1ab745a655d1c3d!3m1!1s2@1:CIHM0ogKEICAgIDX9pOJ7QE%7C%7C?hl=zh-Hant,irrelevant,latest_annotation,2026-06-24T05:20:39.771664+00:00
6e0c5d5f4a32210770aa14fa,大白鯊魚丸,Zachary Szu,,5,今天也來ㄔ了…，可惜沒有Tralalero Tralala……,https://www.google.com/maps/reviews/data=!4m8!14m7!1m6!2m5!1sCi9DQUlRQUNvZENodHljRjlvT2swd1Nua3dURGRZWDFseFNFTk9ZblF6VGpkSGFGRRAB!2m1!1s0x0:0x8765bdef247d82d0!3m1!1s2@1:CAIQACodChtycF9oOk0wSnkwTDdYX1lxSENOYnQzTjdHaFE%7C%7C?hl=zh-TW,irrelevant,latest_annotation,2026-05-04T08:15:30.631627+00:00
623288a4efb45fdb52609969,熊一頂級燒肉-西門二店,王婕孋,,5,過年期間姐姐帶我吃燒肉，經過熊一頂級燒肉，站在門口一股燒烤味撲鼻而來，就決定吃這家了,https://www.google.com/maps/reviews/data=!4m8!14m7!1m6!2m5!1sCi9DQUlRQUNvZENodHljRjlvT21wR05IZG5aRWx6ZDFoWWJXdENVSGN3Y1ZvMU5XYxAB!2m1!1s0x0:0xc76ec7f17bb44c38!3m1!1s2@1:CAIQACodChtycF9oOmpGNHdnZElzd1hYbWtCUHcwcVo1NWc%7C%7C?hl=zh-TW,irrelevant,latest_annotation,2026-05-26T10:22:07.487+00:00
6dd4bc39c83885fcb97cabb0,桃園市政府消防局第二大隊富岡分隊,w z,,5,台灣水柱加油👍,https://www.google.com/maps/reviews/data=!4m8!14m7!1m6!2m5!1sCi9DQUlRQUNvZENodHljRjlvT2pOU2VFMVVTRUpFWjE5aFQxRXpiRkJKZDI5Sk9VRRAB!2m1!1s0x0:0x398fa4cd19d75735!3m1!1s2@1:CAIQACodChtycF9oOjNSeE1USEJEZ19hT1EzbFBJd29JOUE%7C%7C?hl=zh-TW,irrelevant,latest_annotation,2026-06-23T08:31:31.637427+00:00
37ef1cf7a3b06afc48cf134e,桃園市政府消防局第二大隊富岡分隊,譚岳翔,,5,水之呼吸．拾之型．生生流轉,https://www.google.com/maps/reviews/data=!4m8!14m7!1m6!2m5!1sCi9DQUlRQUNvZENodHljRjlvT2psWmVYVnJVbm8yVUZKSGR6QXdXVWhoT1RVM1prRRAB!2m1!1s0x0:0x398fa4cd19d75735!3m1!1s2@1:CAIQACodChtycF9oOjlZeXVrUno2UFJHdzAwWUhhOTU3ZkE%7C%7C?hl=zh-TW,irrelevant,latest_annotation,2026-06-23T08:29:20.902969+00:00
af2e86e9a881492e25c8f48f,桃園市政府消防局第二大隊富岡分隊,猗窩座,,5,原來你叫義勇啊！死巴拉系～<br>我被堂堂正正的打敗了…❄️,https://www.google.com/maps/reviews/data=!4m8!14m7!1m6!2m5!1sCi9DQUlRQUNvZENodHljRjlvT20xMlZsaGFiMGQyV1dkdlVFTTRWRTlMU1dkSU5IYxAB!2m1!1s0x0:0x398fa4cd19d75735!3m1!1s2@1:CAIQACodChtycF9oOm12Vlhab0d2WWdvUEM4VE9LSWdINHc%7C%7C?hl=zh-TW,irrelevant,latest_annotation,2026-06-23T08:29:57.91475+00:00
f97834f5a158b198c2a03079,花宅HanaTaku,白虎護理師兼職賴aee626,,5,台灣護理師兼職付費約會旅館上門服務有興趣了解的哥哥 +  l i n e ID →aee626,https://www.google.com/maps/reviews/data=!4m8!14m7!1m6!2m5!1sCi9DQUlRQUNvZENodHljRjlvT2kweWIxOUhXRXhVZG5rM1ozbHNSRWQ1WnpCQmVHYxAB!2m1!1s0x0:0xdc2e6095de622f27!3m1!1s2@1:CAIQACodChtycF9oOi0yb19HWExUdnk3Z3lsREd5ZzBBeGc%7C%7C?hl=zh-TW,irrelevant,latest_annotation,2026-05-01T17:08:12.963208+00:00
e11a5b5c29f8485dae124432,桃園市政府消防局第二大隊富岡分隊,廖晉賢,,5,用有史以來最強的水柱滅火令人安心,https://www.google.com/maps/reviews/data=!4m8!14m7!1m6!2m5!1sCi9DQUlRQUNvZENodHljRjlvT2xreE1FUndkakF0VjFod09HaFZRMUJNVTJkV1EzYxAB!2m1!1s0x0:0x398fa4cd19d75735!3m1!1s2@1:CAIQACodChtycF9oOlkxMERwdjAtV1hwOGhVQ1BMU2dWQ3c%7C%7C?hl=zh-TW,irrelevant,latest_annotation,2026-06-23T08:30:42.58816+00:00
7fd5868f644e1282d3596f3f,華星牛排館,林阿昌,,2,憨春可能會去打人,https://www.google.com/maps/reviews/data=!4m8!14m7!1m6!2m5!1sCi9DQUlRQUNvZENodHljRjlvT2s5NE9GcERaVUZFYzBobldFTkVNamcxVkZadExVRRAB!2m1!1s0x0:0x54b49afd393b8a02!3m1!1s2@1:CAIQACodChtycF9oOk94OFpDZUFEc0hnWENEMjg1VFZtLUE%7C%7C?hl=zh-TW,irrelevant,latest_annotation,2026-06-24T01:43:47.779052+00:00
fef94937963391235a3c38f9,林桑壽司 每週三、四公休,成劉先生,,1,沒有關連,https://www.google.com/maps/reviews/data=!4m8!14m7!1m6!2m5!1sChZDSUhNMG9nS0VJQ0FnSUNuOFBhWFJ3EAE!2m1!1s0x0:0x1100fd5f7ca6f4f3!3m1!1s2@1:CIHM0ogKEICAgICn8PaXRw%7C%7C?hl=zh-TW,irrelevant,latest_annotation,2026-05-02T11:55:32.859406+00:00
ff95be13f77f226da382ea9d,桃園市政府消防局第二大隊富岡分隊,肥肚,,5,各位水柱辛苦了👍,https://www.google.com/maps/reviews/data=!4m8!14m7!1m6!2m5!1sCi9DQUlRQUNvZENodHljRjlvT2poVVppMUpkRFpXVDNkNWRtUXpXRVZUU0ZWSE5VRRAB!2m1!1s0x0:0x398fa4cd19d75735!3m1!1s2@1:CAIQACodChtycF9oOjhUZi1JdDZWT3d5dmQzWEVTSFVHNUE%7C%7C?hl=zh-TW,irrelevant,latest_annotation,2026-06-23T08:28:31.205769+00:00
fb4cc3396d3d27ec3b15da8c,桃園市政府消防局第二大隊富岡分隊,林錦陽,,5,水柱，福岡義勇在此！,https://www.google.com/maps/reviews/data=!4m8!14m7!1m6!2m5!1sCi9DQUlRQUNvZENodHljRjlvT2xGME1FVmxVVGRtTVhsTVJFZ3RWMmw1VjNkUldVRRAB!2m1!1s0x0:0x398fa4cd19d75735!3m1!1s2@1:CAIQACodChtycF9oOlF0MEVlUTdmMXlMREgtV2l5V3dRWUE%7C%7C?hl=zh-TW,irrelevant,latest_annotation,2026-06-23T08:30:12.709775+00:00
66678822e91c65ede810b4e2,桃園市政府消防局第二大隊富岡分隊,葉峻成,,5,來朝聖富岡義勇桑，用最強的水柱來滅殺惡火！,https://www.google.com/maps/reviews/data=!4m8!14m7!1m6!2m5!1sCi9DQUlRQUNvZENodHljRjlvT2pGSFNuQXplREV3TjI1ZmNVNWpSVzlTVFdaMGJYYxAB!2m1!1s0x0:0x398fa4cd19d75735!3m1!1s2@1:CAIQACodChtycF9oOjFHSnAzeDEwN25fcU5jRW9STWZ0bXc%7C%7C?hl=zh-TW,irrelevant,latest_annotation,2026-06-23T08:29:32.230496+00:00
e82409374fffc8a3bf24702f,桃園市政府消防局第二大隊富岡分隊,權志龍,,5,上次經過這裡看到富岡再跟不死川單挑,https://www.google.com/maps/reviews/data=!4m8!14m7!1m6!2m5!1sCi9DQUlRQUNvZENodHljRjlvT2tkaVEzVnVTa0p4V0hGU01GZzNOME4zWWxGT1JXYxAB!2m1!1s0x0:0x398fa4cd19d75735!3m1!1s2@1:CAIQACodChtycF9oOkdiQ3VuSkJxWHFSMFg3N0N3YlFORWc%7C%7C?hl=zh-TW,irrelevant,latest_annotation,2026-06-23T08:30:06.500346+00:00
7c9fd83b382946c3e2ad17c2,熊一頂級燒肉-西門二店,Pei han Hsiang,,5,原本在一店候位，因為候位的人很多，有詢問店員需等候多久，因時間太久故不想等候，下樓走沒幾步發現二店，進去居然都沒人，馬上就可以享用到好吃的燒肉，為何一店的店員不將客人引流到二店？或可以請客人到二店問看看，如果沒有往那個方向走可能也沒有注意到二店，就吃不到好吃的燒肉了。,https://www.google.com/maps/reviews/data=!4m8!14m7!1m6!2m5!1sCi9DQUlRQUNvZENodHljRjlvT201SmVscEVSVmxQZGpsSldFdGtiMDVDVEY4emQyYxAB!2m1!1s0x0:0xc76ec7f17bb44c38!3m1!1s2@1:CAIQACodChtycF9oOm5JelpERVlPdjlJWEtkb05CTF8zd2c%7C%7C?hl=zh-TW,irrelevant,latest_annotation,2026-05-26T10:26:29.314782+00:00
e389dbb436be55b7905eea36,桃園市政府消防局第二大隊富岡分隊,たかぎさん,,5,來朝聖,https://www.google.com/maps/reviews/data=!4m8!14m7!1m6!2m5!1sCi9DQUlRQUNvZENodHljRjlvT2pZM05VNXJZbUZ4VVhSQmJYWnVOMUpQTlZSSmJWRRAB!2m1!1s0x0:0x398fa4cd19d75735!3m1!1s2@1:CAIQACodChtycF9oOjY3NU5rYmFxUXRBbXZuN1JPNVRJbVE%7C%7C?hl=zh-TW,irrelevant,latest_annotation,2026-06-23T08:31:30.060711+00:00
9f6709e5208bdc52bf4a23ca,阿石兄生魚片專賣店（永和總店）,Daiyi,,4,實吃吃吃,https://www.google.com/maps/reviews/data=!4m8!14m7!1m6!2m5!1sChdDSUhNMG9nS0VJQ0FnSUNwMllqVHFRRRAB!2m1!1s0x0:0x863dd1d50422448c!3m1!1s2@1:CIHM0ogKEICAgICp2YjTqQE%7C%7C?hl=zh-TW,irrelevant,resolution,2026-05-06T18:44:48.718030+00:00
a0deee1849b99a4fdb5a7431,桃園市政府消防局第二大隊富岡分隊,莊程皓,,5,來一招你最愛的風平浪靜吧～,https://www.google.com/maps/reviews/data=!4m8!14m7!1m6!2m5!1sCi9DQUlRQUNvZENodHljRjlvT2xGYVpFbGZUVEEyT1VKcVRuUlBUMlJuT1RJMlFXYxAB!2m1!1s0x0:0x398fa4cd19d75735!3m1!1s2@1:CAIQACodChtycF9oOlFaZElfTTA2OUJqTnRPT2RnOTI2QWc%7C%7C?hl=zh-TW,irrelevant,latest_annotation,2026-06-23T08:29:37.10251+00:00
5a83107e969695a582fc4c05,"致青春 ToYouth Restaurant ｜舌尖上的時光機,重溫青春好味,用美食犒賞努力的青春 新繹台式料理 萬華聚餐 西門美食 台灣菜推薦 TaiwanFood",張瑞華,,5,與家人共享快樂的晚餐,https://www.google.com/maps/reviews/data=!4m8!14m7!1m6!2m5!1sCi9DQUlRQUNvZENodHljRjlvT2t3MmJrbDFSR2hyZWpWUVFreHRSekEzTUVWS1lsRRAB!2m1!1s0x0:0x7e6f3c96f0634100!3m1!1s2@1:CAIQACodChtycF9oOkw2bkl1RGhrejVQQkxtRzA3MEVKYlE%7C%7C?hl=zh-TW,irrelevant,latest_annotation,2026-05-10T14:40:49.057541+00:00
3d98ffb75d3b4a834732bca6,巷仔口滷肉飯,Zhang Peggy,,3,"你們的店的冷氣是不是忘了關
室外機還一直在轉😯",https://www.google.com/maps/reviews/data=!4m8!14m7!1m6!2m5!1sChZDSUhNMG9nS0VJQ0FnTURvck1TQUl3EAE!2m1!1s0x0:0xd062ab582d1507be!3m1!1s2@1:CIHM0ogKEICAgMDorMSAIw%7C%7C?hl=zh-TW,irrelevant,latest_annotation,2026-05-10T17:58:16.89356+00:00
637fa70d40b3f0a5fbbced59,桃園市政府消防局第二大隊富岡分隊,Fish Lin,,5,朝聖水柱！！！,https://www.google.com/maps/reviews/data=!4m8!14m7!1m6!2m5!1sCi9DQUlRQUNvZENodHljRjlvT2kxbE1qZE9WRmRyUTA4NGNrSnlVVFozVkc1Vk1HYxAB!2m1!1s0x0:0x398fa4cd19d75735!3m1!1s2@1:CAIQACodChtycF9oOi1lMjdOVFdrQ084ckJyUTZ3VG5VMGc%7C%7C?hl=zh-TW,irrelevant,latest_annotation,2026-06-23T08:37:15.354408+00:00
134c3a81f41252ab317947f0,海勒牛排館 基隆牛排館,Q寶的爸,,5,下雨不知道吃什麼突然看到的店家，生日有活動，牛排、雞排都很好吃，有機會會在上門享用😋,https://www.google.com/maps/reviews/data=!4m8!14m7!1m6!2m5!1sCi9DQUlRQUNvZENodHljRjlvT25kVVEwbHRWMWh1TVdKSFRrTXphM28wZGtGaFIwRRAB!2m1!1s0x0:0xff15180e333af4dc!3m1!1s2@1:CAIQACodChtycF9oOndUQ0ltV1huMWJHTkMza3o0dkFhR0E%7C%7C?hl=zh-TW,irrelevant,latest_annotation,2026-06-23T15:42:56.553428+00:00
8235a7789e44e7a14b1704df,桃園市政府消防局第二大隊富岡分隊,Rosie xuan,,5,猗窩座：可以告訴我你的名字嗎？,https://www.google.com/maps/reviews/data=!4m8!14m7!1m6!2m5!1sCi9DQUlRQUNvZENodHljRjlvT2s1RmVrMUJXVTFrWXpoaE9YcG1Na2RTTVdnd1IxRRAB!2m1!1s0x0:0x398fa4cd19d75735!3m1!1s2@1:CAIQACodChtycF9oOk5Fek1BWU1kYzhhOXpmMkdSMWgwR1E%7C%7C?hl=zh-TW,irrelevant,latest_annotation,2026-06-23T08:34:03.765613+00:00
5635911f08ee47cb47078066,阿華炒麵,Connie,,5,朝濕的基隆 下雨天  阿華炒麵  土味浪漫🌹,https://www.google.com/maps/reviews/data=!4m8!14m7!1m6!2m5!1sCi9DQUlRQUNvZENodHljRjlvT2pOVVgybEpUR1JXYlRoWmVEaHBiR1JoVVRaU1YyYxAB!2m1!1s0x0:0xcc39683c9dc7cd21!3m1!1s2@1:CAIQACodChtycF9oOjNUX2lJTGRWbThZeDhpbGRhUTZSV2c%7C%7C?hl=zh-TW,irrelevant,resolution,2026-05-06T18:49:12.101588+00:00
19960cbac42bcbacaa630f2a,桃園市政府消防局第二大隊富岡分隊,褚凡宇,,5,水之呼吸～捌之型》〉》生生滅火🔥,https://www.google.com/maps/reviews/data=!4m8!14m7!1m6!2m5!1sCi9DQUlRQUNvZENodHljRjlvT21weFkzZG9VVTh3ZVVOdVEwcDZSRTV1ZG1WaVgxRRAB!2m1!1s0x0:0x398fa4cd19d75735!3m1!1s2@1:CAIQACodChtycF9oOmpxY3doUU8weUNuQ0p6RE5udmViX1E%7C%7C?hl=zh-TW,irrelevant,latest_annotation,2026-06-23T08:29:28.688056+00:00
cbd828a0a32939535e760e4c,桃園市政府消防局第二大隊富岡分隊,張要飛,,5,當我看到富岡義勇消防隊打敗椅窩座時<br>我哭了。,https://www.google.com/maps/reviews/data=!4m8!14m7!1m6!2m5!1sCi9DQUlRQUNvZENodHljRjlvT2paWlRGbzVTM2R6U25wa1UweFZWMUJIZW5WM1RGRRAB!2m1!1s0x0:0x398fa4cd19d75735!3m1!1s2@1:CAIQACodChtycF9oOjZZTFo5S3dzSnpkU0xVV1BHenV3TFE%7C%7C?hl=zh-TW,irrelevant,latest_annotation,2026-06-23T08:30:34.817341+00:00
80c57eb57523ed047a7dd357,飛月小館,Jason Yang,,5,"客家菜，主要指客家人的飲食，因客家地區主體分布於閩粵贛交界處，故又稱東江菜、閩西菜、贛南菜。因為客家族群多遷徙且居住華中、華南丘陵的丘陵山地地區，遷徙行程中只能以鹽保存食物，勞動出汗多亦需補充鹽分以維持體力，因此飲食傾向多油多鹹的重口味菜，並且好用各式處理過的醃製菜類（如酸菜、福菜、梅乾菜、大葉品種的芥菜）作為食材入菜。不過目前已有偏向少油少鹹的改良式客家菜。

客家人勤儉刻苦，平時省吃儉用，只在年節與朔望祭拜祖先神明，或是婚喪喜慶宴客才會宰殺牲畜。為了不浪費食材，極講究妥善運用牲畜之各個部位作成佳餚。演變至今，已形成「四炆四炒」的八道宴客標準菜色。

所謂的「炆」，是指大鍋烹煮、持久保溫。典型的「四炆」係指酸菜（或鹹菜）炆豬肚、炆爌肉、排骨炆菜頭、肥湯炆筍乾四道菜；而典型的「四炒」係指客家炒肉（又稱客家小炒）、豬腸炒薑絲、鴨血（亦有用豬肚者）炒韭菜、豬肺鳳梨炒木耳（俗稱鹹酸甜）四道菜[1]。",https://www.google.com/maps/reviews/data=!4m8!14m7!1m6!2m5!1sChdDSUhNMG9nS0VJQ0FnSUM1NHY3cW5RRRAB!2m1!1s0x0:0x1291ab0f19727189!3m1!1s2@1:CIHM0ogKEICAgIC54v7qnQE%7C%7C?hl=zh-TW,irrelevant,resolution,2026-05-06T18:59:04.114995+00:00
bb0a2f0f6eba7382eb975b1a,李家鍋貼饅頭,釋融澤,,5,請問有宅配嗎？,https://www.google.com/maps/reviews/data=!4m8!14m7!1m6!2m5!1sChZDSUhNMG9nS0VJQ0FnSUR2cGFHSWVnEAE!2m1!1s0x0:0xd4c22b937611c47d!3m1!1s2@1:CIHM0ogKEICAgIDvpaGIeg%7C%7C?hl=zh-TW,irrelevant,latest_annotation,2026-05-04T05:53:32.877398+00:00
8c9b5a73d4fd8d355d15783d,桃園市政府消防局第二大隊富岡分隊,夜祤潼,,5,全台最強水柱,https://www.google.com/maps/reviews/data=!4m8!14m7!1m6!2m5!1sCi9DQUlRQUNvZENodHljRjlvT2poU1QzRjFhRVpNYTNKWE1sWkVhM1E1YUVGUGFGRRAB!2m1!1s0x0:0x398fa4cd19d75735!3m1!1s2@1:CAIQACodChtycF9oOjhST3F1aEZMa3JXMlZEa3Q5aEFPaFE%7C%7C?hl=zh-TW,irrelevant,latest_annotation,2026-06-23T08:30:49.564731+00:00
42af0606d30c085bdcf30e1a,安樓咖啡 (Enzo Cafe),Lin Camille,,5,"典雅古意的老屋民宿，坐落於老街上，周遭環境便利，房內寧靜舒適，矮櫃上玻璃瓶內的雪Q餅配上一杯現沖的玫瑰舒緩茶，安定心神，身心舒暢，打開香氛機，只想待在房內好好休息。衛浴設備乾濕分離，配備免治馬桶，洗手台上的金箔胺基酸洗顏皂備有方便攜回的小盒，實在太貼心❤️
二樓公共設施備有BOSCH洗衣機、微波爐、電磁爐、烤麵包機，一樓有咖啡店，是回訪基隆的第一首選。",https://www.google.com/maps/reviews/data=!4m8!14m7!1m6!2m5!1sChZDSUhNMG9nS0VJQ0FnTUR3cV9pdUNnEAE!2m1!1s0x0:0x247b150ff20127e9!3m1!1s2@1:CIHM0ogKEICAgMDwq_iuCg%7C%7C?hl=zh-TW,irrelevant,latest_annotation,2026-05-04T07:39:09.668709+00:00
94090d09f67185de15256287,桃園市政府消防局第二大隊富岡分隊,MOSFET,,5,義勇桑～加油,https://www.google.com/maps/reviews/data=!4m8!14m7!1m6!2m5!1sCi9DQUlRQUNvZENodHljRjlvT2t3eVpEbHdaRkZSUVRsVldsQmFkMlp2TjI5eFRGRRAB!2m1!1s0x0:0x398fa4cd19d75735!3m1!1s2@1:CAIQACodChtycF9oOkwyZDlwZFFRQTlVWlBad2ZvN29xTFE%7C%7C?hl=zh-TW,irrelevant,latest_annotation,2026-06-23T08:34:47.150089+00:00
3ec8e604a66cbfe3d7fc18e7,隱家茶寮 基隆雨都篇,David Chen,,4,"鹹派 **
鮮魚 *
抹茶千層 **
柑橘千層 *",https://www.google.com/maps/reviews/data=!4m8!14m7!1m6!2m5!1sCi9DQUlRQUNvZENodHljRjlvT21sdk9FTldRVk5KY25wUWFFNTViMmd6TVRSRFVsRRAB!2m1!1s0x0:0xf1d68b00273f21b2!3m1!1s2@1:CAIQACodChtycF9oOmlvOENWQVNJcnpQaE55b2gzMTRDUlE%7C%7C?hl=zh-TW,irrelevant,latest_annotation,2026-06-24T02:42:42.823649+00:00
1b5b607d1a6ccfb53b8d1ccc,桃園市政府消防局第二大隊富岡分隊,Ray,,5,水柱與他們的產地,https://www.google.com/maps/reviews/data=!4m8!14m7!1m6!2m5!1sCi9DQUlRQUNvZENodHljRjlvT2tsU00za3dibDl4Vm1WVGNsbDJSVWxYUzNoNFNGRRAB!2m1!1s0x0:0x398fa4cd19d75735!3m1!1s2@1:CAIQACodChtycF9oOklSM3kwbl9xVmVTcll2RUlXS3h4SFE%7C%7C?hl=zh-TW,irrelevant,latest_annotation,2026-06-23T08:34:07.908211+00:00
2506d24bbf45e6be9b155004,桃園市政府消防局第二大隊富岡分隊,莞芫,,5,朝聖一下台灣最強水柱,https://www.google.com/maps/reviews/data=!4m8!14m7!1m6!2m5!1sCi9DQUlRQUNvZENodHljRjlvT2tWclgwVTRURzVSV21oVlNUUm9VRkJzU2psT1pXYxAB!2m1!1s0x0:0x398fa4cd19d75735!3m1!1s2@1:CAIQACodChtycF9oOkVrX0U4TG5RWmhVSTRoUFBsSjlOZWc%7C%7C?hl=zh-TW,irrelevant,latest_annotation,2026-06-23T08:29:33.825961+00:00
5a1b7bc12c3170a2c7617ce0,桃園市政府消防局第二大隊富岡分隊,Chingvan Chen,,5,水淹無限城!!!<br>無慘:你們這水柱不對勁....,https://www.google.com/maps/reviews/data=!4m8!14m7!1m6!2m5!1sCi9DQUlRQUNvZENodHljRjlvT2pOdlIyWndkbGgwWWs0elZIZE9hREUwVUZOUmVtYxAB!2m1!1s0x0:0x398fa4cd19d75735!3m1!1s2@1:CAIQACodChtycF9oOjNvR2Zwdlh0Yk4zVHdOaDE0UFNRemc%7C%7C?hl=zh-TW,irrelevant,latest_annotation,2026-06-23T08:37:32.070678+00:00
d54691c762c3d5a9e822605a,桃園市政府消防局第二大隊富岡分隊,廖梓翔,,5,感謝你在無限城的付出,https://www.google.com/maps/reviews/data=!4m8!14m7!1m6!2m5!1sCi9DQUlRQUNvZENodHljRjlvT21GV2NXTXhORE10ZW5BMWRsSk1lbnBCV2s1dE1tYxAB!2m1!1s0x0:0x398fa4cd19d75735!3m1!1s2@1:CAIQACodChtycF9oOmFWcWMxNDMtenA1dlJMenpBWk5tMmc%7C%7C?hl=zh-TW,irrelevant,latest_annotation,2026-06-23T08:30:40.905878+00:00
9937fec4abd1287620d809ab,安樓咖啡 (Enzo Cafe),Wei Chih Cheng,,5,安心睡安樓,https://www.google.com/maps/reviews/data=!4m8!14m7!1m6!2m5!1sChdDSUhNMG9nS0VJQ0FnTUNZcXNiSV9BRRAB!2m1!1s0x0:0x247b150ff20127e9!3m1!1s2@1:CIHM0ogKEICAgMCYqsbI_AE%7C%7C?hl=zh-TW,irrelevant,latest_annotation,2026-05-04T07:37:30.065254+00:00
833056f031d073799e6194f0,安樓咖啡 (Enzo Cafe),Maggie Chen,,5,二訪安樓咖啡，這次訂了一晚安樓文旅，房間乾淨、佈置用心，住宿體驗非常美好。,https://www.google.com/maps/reviews/data=!4m8!14m7!1m6!2m5!1sCi9DQUlRQUNvZENodHljRjlvT2xvME4xSm5ZV2xqTkMxSlgyRnFTR0o0VEhZdFQyYxAB!2m1!1s0x0:0x247b150ff20127e9!3m1!1s2@1:CAIQACodChtycF9oOlo0N1JnYWljNC1JX2FqSGJ4THYtT2c%7C%7C?hl=zh-TW,irrelevant,latest_annotation,2026-05-04T07:38:23.348485+00:00
0873b4e0df18cf6d3f46f238,桃園市政府消防局第二大隊富岡分隊,seiryu Tao,,5,水之呼吸-貳拾壹之型💦<br>哪裡有火哪裡救💦🔥,https://www.google.com/maps/reviews/data=!4m8!14m7!1m6!2m5!1sCi9DQUlRQUNvZENodHljRjlvT21WbU9YY3hhRmx2T1dKRk9EbE5iM2hSU2kxUFZYYxAB!2m1!1s0x0:0x398fa4cd19d75735!3m1!1s2@1:CAIQACodChtycF9oOmVmOXcxaFlvOWJFODlNb3hRSi1PVXc%7C%7C?hl=zh-TW,irrelevant,latest_annotation,2026-06-23T08:31:39.148685+00:00
9e6aaaf7b4da73cb32c99f1f,桃園市政府消防局第二大隊富岡分隊,Lily Chang (Lily),,5,「義勇，不要死...。」,https://www.google.com/maps/reviews/data=!4m8!14m7!1m6!2m5!1sCi9DQUlRQUNvZENodHljRjlvT25kcldVcDRNRFF5ZDNkRlVXSlJlVlZIYmpGelUwRRAB!2m1!1s0x0:0x398fa4cd19d75735!3m1!1s2@1:CAIQACodChtycF9oOndrWUp4MDQyd3dFUWJReVVHbjFzU0E%7C%7C?hl=zh-TW,irrelevant,latest_annotation,2026-06-23T08:34:49.252214+00:00
837c8621709ef2a194d0e302,桃園市政府消防局第二大隊富岡分隊,黃河豚,,5,很久沒見到這麼強的水柱了呢！,https://www.google.com/maps/reviews/data=!4m8!14m7!1m6!2m5!1sCi9DQUlRQUNvZENodHljRjlvT21KR1ZUWnRZV1Z6Tm0xWUxXWXdTRGg2VGtSSFRIYxAB!2m1!1s0x0:0x398fa4cd19d75735!3m1!1s2@1:CAIQACodChtycF9oOmJGVTZtYWVzNm1YLWYwSDh6TkRHTHc%7C%7C?hl=zh-TW,irrelevant,latest_annotation,2026-06-23T08:28:25.185905+00:00
f689def4b2735b1ef74e55df,桃園市政府消防局第二大隊富岡分隊,黃琮翔,,5,富岡義勇消防隊：炭（賺）治（錢）郎（囉）,https://www.google.com/maps/reviews/data=!4m8!14m7!1m6!2m5!1sCi9DQUlRQUNvZENodHljRjlvT2xoM1pITkpXRU5XWldWWVlrUkthMHh1YmxCMlNGRRAB!2m1!1s0x0:0x398fa4cd19d75735!3m1!1s2@1:CAIQACodChtycF9oOlh3ZHNJWENWZWVYYkRKa0xublB2SFE%7C%7C?hl=zh-TW,irrelevant,latest_annotation,2026-06-23T08:28:23.481185+00:00
63235bed73a4cc1cf74a3d24,桃園市政府消防局第二大隊富岡分隊,Casper,,5,聽說，全台最強水柱在此，名叫富岡義勇！,https://www.google.com/maps/reviews/data=!4m8!14m7!1m6!2m5!1sCi9DQUlRQUNvZENodHljRjlvT2pCb2RHMVFhMFp2VUVsRk4xOUpNR1ZuUTBSS1RHYxAB!2m1!1s0x0:0x398fa4cd19d75735!3m1!1s2@1:CAIQACodChtycF9oOjBodG1Qa0ZvUElFN19JMGVnQ0RKTGc%7C%7C?hl=zh-TW,irrelevant,latest_annotation,2026-06-23T08:39:36.845067+00:00
a77b76188e6a8d6725717418,古早風味甕仔雞,李博凱,,2,誒五,https://www.google.com/maps/reviews/data=!4m8!14m7!1m6!2m5!1sCi9DQUlRQUNvZENodHljRjlvT2pOTFNqZFRTMGhIWTNGRlkyZ3hkUzFVTlhWa09YYxAB!2m1!1s0x0:0x948a9b3566a9ca8c!3m1!1s2@1:CAIQACodChtycF9oOjNLSjdTS0hHY3FFY2gxdS1UNXVkOXc%7C%7C?hl=zh-TW,irrelevant,resolution,2026-05-06T17:59:41.914805+00:00
79f793f30713b175568961ce,桃園市政府消防局第二大隊富岡分隊,韓志翔,,5,來朝聖水柱，說不定有一天日本人也會來,https://www.google.com/maps/reviews/data=!4m8!14m7!1m6!2m5!1sCi9DQUlRQUNvZENodHljRjlvT25semF6QlhiSFJJUVd3Mk0wcEhhWHBsYTBGZmJtYxAB!2m1!1s0x0:0x398fa4cd19d75735!3m1!1s2@1:CAIQACodChtycF9oOnlzazBXbHRIQWw2M0pHaXpla0Ffbmc%7C%7C?hl=zh-TW,irrelevant,latest_annotation,2026-06-23T08:28:39.800999+00:00
48dfd566e6124b2fe36c57ba,小鴨片,man super,,4,"外送員送到時盒子是開啟的
還表示這家很美味
外盒有明顯油手印
無法確定外送員是否有偷吃狀況
照理這個盒裝設計應該不會脫落而照成開啟
建議店家給外送員可以多黏個膠帶在手提處
這餐我吃的很害怕",https://www.google.com/maps/reviews/data=!4m8!14m7!1m6!2m5!1sChdDSUhNMG9nS0VJQ0FnSUMzb3ZMVmdnRRAB!2m1!1s0x0:0x515ce2a573daaa6e!3m1!1s2@1:CIHM0ogKEICAgIC3ovLVggE%7C%7C?hl=zh-TW,irrelevant,resolution,2026-05-04T08:25:09.099568+00:00
1afc7abdfc6c27c9903f5c05,桃園市政府消防局第二大隊富岡分隊,Xian Zhi,,5,最帥最厲害的水柱都在這裡<br>水之呼吸 貳之行 改-消防車！,https://www.google.com/maps/reviews/data=!4m8!14m7!1m6!2m5!1sCi9DQUlRQUNvZENodHljRjlvT2xCVFVrbFFOMUJ5YVhKTlZVaFBOREpGWlcxTFdGRRAB!2m1!1s0x0:0x398fa4cd19d75735!3m1!1s2@1:CAIQACodChtycF9oOlBTUklQN1ByaXJNVUhPNDJFZW1LWFE%7C%7C?hl=zh-TW,irrelevant,latest_annotation,2026-06-23T08:32:04.421291+00:00
90c1f733183494527677af48,隆昌28串串火鍋,林廷文,,5,沒吃過，吃吃看,https://www.google.com/maps/reviews/data=!4m8!14m7!1m6!2m5!1sCi9DQUlRQUNvZENodHljRjlvT25wS1dGbE1YelZRTTBKVFZuUk1hRXA0WkhaMmVGRRAB!2m1!1s0x0:0x4027333810cb215d!3m1!1s2@1:CAIQACodChtycF9oOnpKWFlMXzVQM0JTVnRMaEp4ZHZ2eFE%7C%7C?hl=zh-TW,irrelevant,latest_annotation,2026-06-23T09:02:48.05059+00:00
5008781e30f3f05a7bf650bb,桃園市政府消防局第二大隊富岡分隊,楊梓婷,,5,水之呼吸 拾壹之型 凪 風平浪靜,https://www.google.com/maps/reviews/data=!4m8!14m7!1m6!2m5!1sCi9DQUlRQUNvZENodHljRjlvT2trM1FscGtkbmhOYVhCWlRHdE5Ra3BGYm5nelpYYxAB!2m1!1s0x0:0x398fa4cd19d75735!3m1!1s2@1:CAIQACodChtycF9oOkk3QlpkdnhNaXBZTGtNQkpFbngzZXc%7C%7C?hl=zh-TW,irrelevant,latest_annotation,2026-06-23T08:30:08.502682+00:00
10573c26b3a71ef6441c7f76,安樓咖啡 (Enzo Cafe),C H,,5,"地點絕佳，鬧中取靜
走路1分鐘到基隆廟口夜市

到車站搭2088回台北市也很近，半小時

本次住宿5F安樓文旅是合法民宿
有迷你電梯，3人份電梯乍看很小，但是以這個強度的住宿或咖啡店客人也夠用。

佈置得很有品味，各項配置都很合適
床雖然不大，但睡得很好
房間明亮很多窗子，睡覺時要拉窗簾",https://www.google.com/maps/reviews/data=!4m8!14m7!1m6!2m5!1sChRDSUhNMG9nS0VJQ0FnSUQ5M3JkNhAB!2m1!1s0x0:0x247b150ff20127e9!3m1!1s2@1:CIHM0ogKEICAgID93rd6%7C%7C?hl=zh-TW,irrelevant,latest_annotation,2026-05-04T07:39:56.143298+00:00
e97fa64db26f08e7d3b70c49,安樓咖啡 (Enzo Cafe),Ching yi Lin,,5,臨時要去廟口夜市～邊出發邊找民宿～找到這間離夜市1分鐘～致店訊問是否有空房～服務人員耐心回覆如何訂位並告知車子可停附近的信義國小停車場～完全解決了我們怕找不到車位的煩餒～民宿前的馬路也有停車格，要碰碰運氣～裡面的擺設及配備很滿意～採自助入住～門禁算不錯～下次還會再來～對了裡面附的咖啡跟雪Q餅都可以拿～雪Q餅超好吃～退房前還沒營業～來不及品嚐，下次ㄧ定要再去,https://www.google.com/maps/reviews/data=!4m8!14m7!1m6!2m5!1sChZDSUhNMG9nS0VJQ0FnSURfMmFhMmNBEAE!2m1!1s0x0:0x247b150ff20127e9!3m1!1s2@1:CIHM0ogKEICAgID_2aa2cA%7C%7C?hl=zh-TW,irrelevant,latest_annotation,2026-05-04T07:39:51.910893+00:00
0fc77214cb34b003ff1d6822,桃園市政府消防局第二大隊富岡分隊,林子佑,,5,水之呼吸-參之型,https://www.google.com/maps/reviews/data=!4m8!14m7!1m6!2m5!1sCi9DQUlRQUNvZENodHljRjlvT2tkUlJuWXlYMDVsWVZKSFdVRkRZMmhHTkVoblEzYxAB!2m1!1s0x0:0x398fa4cd19d75735!3m1!1s2@1:CAIQACodChtycF9oOkdRRnYyX05lYVJHWUFDY2hGNEhnQ3c%7C%7C?hl=zh-TW,irrelevant,latest_annotation,2026-06-23T08:30:14.688166+00:00
ed64f80b120a740d5d5c66cd,桃園市政府消防局第二大隊富岡分隊,S Lee,,5,九柱集結,https://www.google.com/maps/reviews/data=!4m8!14m7!1m6!2m5!1sCi9DQUlRQUNvZENodHljRjlvT210a2NYUm9kRUYwUzFCdlVUaEJiRWhEYVhWUVpYYxAB!2m1!1s0x0:0x398fa4cd19d75735!3m1!1s2@1:CAIQACodChtycF9oOmtkcXRodEF0S1BvUThBbEhDaXVQZXc%7C%7C?hl=zh-TW,irrelevant,latest_annotation,2026-06-23T08:32:26.409105+00:00
4c52338725fdb3529925c9d3,小鴨片,Zhilin ZZ,,1,第一次留負評就獻給這家了，在外送平台等了超過一個小時，怕店家沒看到訂單或各種因素，當時決定打電話去詢問，接到的回覆是我點的方案是六點半才會從店家這邊藉由外送員開始送餐（雖然我這邊看系統寫說會準時），我也欣然接受回覆說了解那沒有問題了。結果在六點五十四的時候我的訂單直接被取消，硬生生等了一個多小時，沒有餐點沒有任何解釋或抱歉，讓人感受非常差。,https://www.google.com/maps/reviews/data=!4m8!14m7!1m6!2m5!1sCi9DQUlRQUNvZENodHljRjlvT2xkRU1uSkNOR1J0VTBaeE5WaEhPUzFJVGt0Q1lXYxAB!2m1!1s0x0:0x515ce2a573daaa6e!3m1!1s2@1:CAIQACodChtycF9oOldEMnJCNGRtU0ZxNVhHOS1ITktCYWc%7C%7C?hl=zh-TW,irrelevant,resolution,2026-05-06T18:16:10.033429+00:00
